9.14554, 9.24538, 8.81442, 8.26352, 6.44874, 5.85837, 6.40967, 7.10714, 8.51781, 10, 9.90357, 7.82518, 7.93699, 7.43898, 6.62718, 7.15662, 7.51368, 7.41988, 7.27026, 7.12266, 8.16793, 8.72016
9.53381, 9.60808, 8.85588, 8.45308, 6.59011, 6.49516, 8.49684, 9.14253, 9.70881, 10, 9.68547, 7.17318, 7.44341, 8.016, 7.57904, 7.7402, 7.66999, 8.14801, 7.77609, 6.87332, 6.6957, 6.48976, 8.2818, 8.5084, 8.97701
9.14846, 8.99313, 8.66956, 7.01197, 6.11824, 6.27729, 6.38776, 5.28811, 6.68311, 9.3315, 9.74098, 10, 9.55419, 8.35139, 7.02706, 6.58326, 7.36143, 7.68464, 7.66097, 8.45333, 8.80812
9.10853, 9.13854, 8.84184, 8.53345, 6.32042, 5.40934, 5.54491, 6.75418, 9.78161, 10, 9.22189, 8.47043, 6.83945, 6.65054, 7.30337, 7.76789, 7.57384, 8.32152, 8.72463
9.11648, 8.9792, 8.56189, 6.37795, 5.46145, 5.86928, 7.58505, 8.57298, 9.87132, 10, 9.34243, 8.50928, 7.24331, 5.63323, 6.06371, 6.28637, 6.04204, 7.2983, 7.57751, 7.82258, 7.58357, 8.28747, 8.77303
9.13519, 9.07125, 8.69826, 6.26559, 5.371, 7.7217, 9.27557, 10, 9.95854, 9.15606, 8.35398, 6.70057, 6.80958, 5.55871, 5.92454, 6.14916, 6.20792, 7.1297, 7.5397, 7.31091, 7.82101, 7.56162, 8.30405
9.51891, 9.67754, 9.54953, 8.35085, 6.58964, 6.38062, 6.28486, 8.09208, 10, 9.97933, 8.24629, 8.43914, 8.22492, 6.91043, 7.16868, 7.62208, 7.28012, 7.91996, 8.01384, 7.26927, 6.91337, 4.59697, 3.91832, 3.02597, 2.39415, 1.47998, 2.45876, 3.94653, 5.80443, 7.87498
9.77908, 9.41148, 8.29169, 6.51968, 5.98646, 6.81593, 6.68985, 9.03975, 10, 9.94817, 8.07379, 8.36053, 8.01443, 6.92633, 7.73541, 8.24532, 7.87058, 7.14943, 4.62591, 4.02102, 2.9075, 2.02981, 1.46328, 3.60403, 4.1, 5.00443, 5.28386, 6.13072, 7.63169, 8.65701
9.65801, 9.57996, 7.92062, 6.68986, 6.46828, 6.02259, 6.51231, 6.95538, 7.89648, 10, 9.95092, 8.70777, 8.32836, 8.3056, 8.03304, 8.40959, 7.78153, 7.67331, 6.82586, 7.40648, 8.16546, 7.79422, 6.93801, 7.53438, 8.36721
9.69045, 9.2681, 7.67956, 6.38067, 6.47885, 6.15331, 7.53451, 10, 9.93872, 8.10049, 8.32108, 7.49748, 7.21375, 7.96203, 8.03013, 7.63285, 6.95649, 7.31437, 8.60565
9.56999, 9.44451, 8.05113, 6.58904, 6.28239, 6.41751, 7.97215, 7.85652, 9.843, 10, 8.11794, 8.23046, 7.9966, 6.88932, 7.04327, 7.78918, 7.93705, 7.86409, 7.76668, 7.06597, 7.54703, 8.26521
9.88062, 9.43058, 8.41255, 6.47145, 6.50613, 6.24457, 7.28298, 9.00944, 9.93499, 10, 8.08777, 8.32627, 7.82003, 6.84329, 7.27719, 7.83604, 8.08956, 7.94856, 8.87429
9.4621, 9.47367, 8.80953, 8.41448, 6.51978, 6.54742, 7.23749, 8.8189, 9.24725, 10, 9.63387, 9.0596, 7.16949, 7.11073, 7.94946, 7.76264, 7.3907, 7.64815, 7.83822, 7.95814, 7.55736, 6.59133, 6.59233, 6.28935, 6.71569, 7.7808, 8.12048, 8.89283
9.51836, 9.62872, 9.36514, 7.62854, 6.36502, 6.07578, 6.47533, 6.57244, 7.71504, 9.39366, 10, 9.91648, 8.05362, 8.17674, 7.50278, 6.70957, 7.01243, 7.11309, 7.70562, 7.94886, 7.45033, 7.75543, 8.63213
9.49804, 9.64186, 9.40072, 7.6551, 6.57489, 9.24623, 10, 9.95393, 8.08599, 8.21096, 7.17717, 7.74373, 7.86238, 7.52405, 8.48539
9.50601, 9.56882, 8.96454, 7.64897, 6.57078, 6.6136, 6.41269, 6.20716, 7.58609, 8.78185, 9.37593, 10, 9.93005, 8.08467, 8.30968, 7.23, 6.72483, 7.30445, 7.73713, 8.00032, 7.62781, 8.47505
9.47512, 9.6961, 9.54051, 8.96185, 6.77354, 6.37579, 6.30528, 7.67435, 9.12633, 10, 9.94374, 7.89536, 8.19251, 7.53304, 6.59956, 7.38379, 7.81443, 7.98092, 7.76721, 8.22123
9.09902, 9.24354, 9.00156, 7.33843, 6.47321, 6.21737, 5.91934, 6.48048, 6.55173, 7.39814, 9.2818, 10, 9.90925, 7.83899, 7.74988, 7.27958, 6.25561, 6.88571, 7.25536, 7.75562, 7.72718, 7.29074, 7.51384, 7.62298, 7.31144, 8.22756
9.16082, 9.34047, 9.1278, 7.23565, 6.53998, 6.58474, 6.72929, 7.71889, 8.26508, 10, 9.9343, 7.81791, 7.93637, 7.74383, 6.50954, 6.76682, 7.14788, 8.1156, 7.82453, 7.41297, 7.90352
9.3158, 9.52594, 8.92302, 7.57496, 7.0729, 6.71433, 6.47685, 7.29518, 7.9347, 10, 9.97313, 8.60634, 8.24798, 7.84013, 7.7798, 7.90671, 7.99893, 7.45255, 7.96823, 7.71207, 8.5004
9.64515, 9.63111, 8.95981, 7.06793, 6.84719, 6.4021, 9.34684, 10, 9.99739, 8.07802, 8.5453, 7.69114, 7.34343, 7.85089, 7.57836, 7.88032, 7.88031, 7.36631, 7.79892, 7.63985, 8.94733
9.5352, 9.54372, 9.00614, 7.55822, 6.91063, 6.46932, 6.36619, 7.66815, 9.1795, 9.90557, 10, 8.15505, 8.41574, 7.398, 7.73635, 7.77702, 7.38391, 7.87561, 7.53861, 8.83951
9.29399, 9.4597, 9.41328, 8.92442, 6.94092, 9.98863, 10, 8.34333, 7.67905, 7.14575, 7.59761, 7.8566, 7.25641, 7.70624, 7.47285, 8.35455
9.38167, 9.56891, 8.84941, 6.70374, 7.38737, 8.99369, 10, 9.60682, 7.2232, 7.86984, 7.96001, 8.08865, 7.94575, 6.57696, 6.58983, 6.33297, 6.9979, 8.19538, 8.92645
9.48731, 9.4334, 8.75974, 7.68279, 6.62328, 6.67822, 6.48533, 6.19883, 6.97027, 7.43425, 9.24121, 9.98359, 10, 8.39228, 8.12043, 7.39029, 7.34665, 6.80159, 7.08532, 7.63392, 7.82449, 7.75448, 7.36327, 7.74351, 7.34755, 8.83924
9.47161, 9.2813, 8.94937, 7.4539, 6.63523, 6.38535, 5.9574, 9.44437, 9.94068, 10, 8.30459, 7.21884, 7.11904, 6.45334, 6.82404, 7.74379, 7.75949, 7.28419, 7.78565, 7.49115, 8.34057
9.28123, 9.18518, 7.78444, 6.60325, 6.60457, 8.29258, 8.78283, 9.43447, 9.93286, 10, 8.32505, 8.07589, 6.25788, 6.60461, 7.392, 7.73258, 7.68863, 7.21874, 7.69285, 7.37285, 8.68353
9.14662, 9.15336, 9.04969, 7.77283, 6.45868, 6.05058, 5.95903, 7.10366, 7.72854, 9.96353, 10, 8.26233, 7.93715, 7.30652, 6.33861, 6.63611, 6.97791, 6.78851, 7.60504, 7.72825, 7.16479, 7.64275, 7.40818, 8.49202
9.25243, 9.4556, 9.09756, 7.55511, 6.48065, 6.38326, 5.80501, 7.36972, 7.93065, 9.43489, 9.89687, 10, 8.04052, 7.19588, 7.34813, 6.32807, 6.73853, 7.01101, 7.71192, 7.81363, 7.33131, 7.72364, 7.33856, 8.26735
9.30099, 9.27681, 7.72601, 6.32087, 5.79827, 6.08258, 9.35665, 9.68224, 9.93929, 10, 8.17831, 7.19053, 7.3024, 6.18029, 6.51307, 7.30591, 7.17932, 7.59577, 7.60979, 7.2952, 8.67908
9.41149, 9.40463, 9.10693, 7.33642, 6.64445, 6.62299, 6.30303, 5.87753, 6.79432, 7.54228, 7.52596, 8.4329, 9.82294, 10, 8.3228, 8.00444, 7.35141, 7.40925, 6.74604, 6.49759, 6.16522, 6.87542, 7.49098, 7.15856, 7.77334, 7.6195, 7.55114, 8.29745
9.24727, 9.26255, 8.98892, 7.1501, 6.62453, 6.38786, 6.09593, 5.9396, 6.94419, 7.5037, 8.07775, 9.97114, 10, 9.17343, 8.01052, 7.04968, 7.03911, 6.26907, 6.70703, 6.94548, 7.69305, 7.55179, 8.17974
9.20608, 9.17225, 7.32522, 6.33831, 5.75904, 6.24685, 6.86155, 9.22998, 9.91048, 10, 8.13922, 6.96599, 6.98615, 6.15597, 6.64685, 6.91148, 7.20747, 7.086, 7.67375, 7.61579, 7.28573, 8.37091
9.28569, 9.34776, 9.17464, 7.30352, 6.35437, 5.76164, 6.27643, 6.45707, 9.41839, 10, 9.99116, 8.275, 7.20795, 6.92627, 7.15091, 6.00761, 6.49682, 6.76478, 6.55388, 7.7448, 7.75163, 7.31472, 7.73338, 7.40274, 8.48591
9.53185, 9.60037, 8.82373, 6.77671, 6.50196, 6.20252, 6.43873, 6.28992, 6.96045, 7.22212, 8.64672, 8.94783, 9.6003, 10, 9.69652, 7.24572, 8.01394, 7.69213, 7.30903, 7.86516, 7.99125, 8.03666, 6.98557, 6.78499, 7.96298, 9.05429
9.14326, 9.2914, 8.88271, 6.37581, 5.75432, 6.28235, 6.70227, 7.64392, 8.74872, 9.96843, 10, 8.23872, 7.78892, 7.10838, 6.96041, 6.0665, 6.36194, 6.62437, 6.42525, 7.86042, 7.45724, 7.8441, 7.73794, 8.5304
9.18575, 9.34417, 8.95057, 6.62274, 6.49396, 5.82245, 7.08918, 7.48139, 9.9045, 10, 8.09787, 6.17242, 6.6278, 6.82928, 6.60999, 7.69752, 7.71873, 7.93094, 7.61497, 8.32368
9.33557, 9.41714, 9.09908, 6.22894, 6.13699, 5.70673, 6.29195, 6.58393, 7.48117, 8.2928, 9.11227, 9.93713, 10, 9.06836, 8.19636, 7.14666, 6.94185, 6.12813, 6.53412, 6.91424, 6.81057, 7.36353, 7.46602, 7.04155, 7.47346, 7.17468, 7.96874, 8.35878, 8.67082
9.35452, 9.47651, 9.13717, 8.2447, 7.36255, 6.22296, 5.79136, 6.62046, 7.40312, 7.8415, 9.20978, 9.79362, 10, 8.39126, 8.11699, 7.12169, 7.13025, 6.00138, 6.33205, 6.6057, 7.08768, 7.43676, 7.40778, 7.07675, 7.27014, 7.03091, 7.36758, 7.06517, 8.14507
9.35637, 9.47055, 9.4457, 8.37604, 6.1938, 5.75776, 6.04298, 7.62571, 8.48029, 9.20328, 9.79176, 10, 8.4517, 8.11994, 6.98182, 7.08518, 6.61862, 7.4215, 7.54296, 7.10335, 7.37852, 7.08645, 8.76965
9.49123, 9.25569, 7.66498, 6.58349, 6.16769, 9.31362, 9.913, 10, 8.32805, 7.3086, 7.32983, 6.35406, 6.56153, 6.6616, 6.43696, 7.48667, 7.41359, 7.47071, 8.06221, 8.88502
9.5196, 9.23856, 8.6988, 7.41567, 6.59018, 5.8841, 5.60741, 6.54992, 6.77221, 7.63043, 9.76798, 10, 8.43359, 8.03125, 8.20491, 7.38113, 7.32961, 6.86209, 6.33172, 6.20179, 6.5897, 6.92337, 6.92608, 7.63661, 7.33569, 7.29277, 8.27055, 9.32019
9.46069, 9.26156, 8.98549, 7.76228, 5.85227, 5.89582, 6.91083, 9.20236, 9.77897, 10, 8.38002, 7.19488, 7.12561, 6.28327, 6.48126, 6.69332, 6.52013, 7.4258, 7.55769, 7.06952, 7.27232, 7.13717, 8.29186
9.07301, 8.58381, 7.14103, 5.841, 5.92662, 5.42122, 6.56363, 9.39288, 9.96016, 10, 8.97558, 8.06217, 6.87735, 6.14835, 7.23537, 7.30637, 6.87, 7.32326, 7.12225, 8.20183, 8.46563
9.03661, 9.05364, 8.17979, 6.7565, 6.05686, 5.97673, 5.56992, 6.30318, 7.12257, 7.93949, 8.21125, 9.41208, 9.95561, 10, 8.43217, 7.81449, 6.67998, 5.76666, 6.03497, 6.34139, 6.50945, 7.05939, 7.17908, 6.85882, 7.56691, 7.39232, 7.78884, 8.61106, 8.9423
9.44707, 9.47501, 8.85576, 6.63115, 6.15237, 5.84109, 7.32607, 8.03263, 8.94912, 10, 9.80546, 7.58476, 7.81225, 7.62314, 6.39627, 7.36853, 7.89521, 7.52824, 7.36099, 8.31116, 8.8399
8.9151, 8.96835, 8.25018, 6.56136, 6.01314, 6.33487, 7.40009, 8.10462, 8.96337, 9.95342, 10, 8.29946, 7.93828, 6.5855, 5.65536, 6.04626, 6.1382, 5.92973, 6.81794, 7.09834, 8.83558
8.98669, 8.25121, 7.0334, 6.04228, 5.79285, 8.4605, 9.94896, 10, 8.24055, 7.42627, 7.01282, 5.66074, 5.88358, 6.06375, 5.81522, 7.43299, 7.13482, 7.58474, 8.26362, 8.39048
9.06838, 8.70711, 8.45521, 8.16765, 7.1037, 6.07401, 8.95074, 9.94163, 10, 8.38903, 7.827, 7.20886, 5.74763, 6.14977, 6.26649, 6.08006, 6.42275, 6.27116, 7.12583, 8.04449, 8.44677
9.05713, 8.55967, 8.26155, 7.15599, 6.0606, 5.88932, 5.93602, 7.68514, 9.48549, 9.93734, 10, 8.35014, 7.82229, 6.82731, 5.68816, 6.12043, 6.6472, 7.22571, 8.05144, 8.48367
9.19905, 8.66759, 8.35852, 7.03424, 6.04955, 5.99492, 7.8381, 8.03406, 9.37891, 9.94294, 10, 9.67036, 8.40239, 7.79259, 7.0312, 5.73127, 6.18234, 7.2582, 8.13792, 8.52277
9.09151, 8.73743, 8.40893, 7.05393, 5.97448, 5.82642, 7.46165, 8.21151, 8.99926, 9.78072, 10, 8.01975, 7.17413, 7.0042, 6.45636, 5.74804, 5.88099, 6.68342, 6.68952, 7.45009, 7.20635, 7.85845, 8.00695, 8.45057
9.34033, 9.01158, 8.66784, 7.35993, 6.0507, 6.20349, 7.5299, 8.57456, 9.17557, 9.96874, 10, 8.39513, 7.51596, 7.13917, 6.37237, 5.62694, 5.53266, 6.0621, 7.43556, 7.75012, 7.48899, 8.0296, 7.84251, 8.34005
9.11238, 9.24282, 8.97078, 7.95237, 5.84096, 5.62231, 6.95645, 7.80611, 9.92885, 10, 9.50583, 8.39555, 5.6045, 5.99068, 6.93875, 7.51879, 7.1119, 7.86766, 8.50908
8.82949, 8.96821, 8.66973, 7.05113, 5.83586, 8.71585, 9.93196, 10, 7.85787, 6.40267, 5.49488, 6.01078, 7.24557, 7.42246, 7.05902, 7.52669, 8.00421
9.02026, 9.04605, 8.87881, 7.61645, 6.02295, 5.73091, 5.37986, 5.64802, 5.56197, 6.39245, 8.40253, 9.9158, 10, 8.15285, 7.59138, 6.99943, 5.95223, 6.25742, 7.26563, 7.55821, 7.581, 7.2286, 7.85473
9.33585, 9.30871, 8.75991, 6.37658, 6.00665, 5.76728, 6.7122, 7.80626, 9.33339, 10, 9.95128, 7.70848, 7.81663, 7.57546, 6.26955, 6.56618, 6.75846, 7.451, 7.54971, 7.66927, 8.35169, 8.90848
8.89928, 9.05847, 8.9878, 7.93954, 5.93002, 5.63812, 5.60052, 6.74174, 7.96024, 9.03042, 9.97375, 10, 8.34444, 8.03056, 7.28857, 7.29055, 6.76083, 5.84422, 6.10443, 7.41764, 7.56411, 7.16959, 7.77821
8.99125, 9.20859, 8.99898, 7.5369, 6.09778, 5.50489, 5.79063, 5.99289, 7.19074, 7.52479, 8.75938, 9.94919, 10, 8.23202, 7.27223, 6.93525, 6.41578, 6.37307, 7.42462, 7.6161, 7.35619, 7.90061, 8.23671
8.91163, 9.0068, 8.79091, 6.58529, 5.93651, 5.46519, 6.12416, 6.20521, 7.29209, 7.72593, 8.79385, 9.97294, 10, 8.5889, 8.05618, 6.95856, 6.76445, 5.72, 6.29366, 6.6049, 6.45265, 7.55895, 7.56772, 7.90172, 8.3283
8.96069, 8.94908, 8.65952, 7.32787, 5.98297, 5.98021, 6.48288, 7.22799, 9.18024, 9.84175, 10, 8.37878, 7.94958, 6.90092, 6.58642, 5.60232, 6.26689, 6.64448, 6.39315, 7.49241, 7.64308, 7.35735, 8.04986, 7.81711, 8.0918
9.05221, 8.74523, 7.95871, 6.26382, 5.8538, 5.83529, 7.71467, 7.96387, 9.93638, 10, 8.16273, 8.45895, 5.77575, 5.54233, 5.36033, 5.91355, 6.32481, 6.13669, 7.36695, 8.48228
8.88326, 8.7428, 8.43807, 5.96977, 5.73406, 5.80901, 7.30116, 9.95252, 10, 8.17767, 7.44067, 7.43392, 5.27604, 5.95193, 6.70831, 7.35978, 8.21717, 8.25049, 7.95788
8.80467, 8.83876, 8.3035, 5.8267, 5.69272, 5.78126, 7.36212, 9.94232, 10, 8.1948, 5.35721, 5.73169, 7.29011, 8.33869
8.83857, 8.82695, 8.34912, 5.95392, 6.02486, 7.66065, 9.94456, 10, 8.33316, 7.99644, 6.47925, 6.31557, 5.26469, 6.13529, 7.2958, 8.34968
8.82945, 8.89932, 8.45245, 6.41949, 5.91906, 5.47676, 8.28858, 9.94832, 10, 8.31604, 7.96134, 6.604, 6.64833, 6.24955, 6.39521, 7.35641, 7.52682, 7.28681, 7.81162, 8.43869
8.70931, 8.66599, 8.26902, 6.02515, 5.56009, 6.36461, 9.05435, 9.8086, 10, 7.95408, 5.38829, 6.08731, 7.36536, 7.52291, 7.29257, 8.28738, 8.29901
9.29707, 9.049, 8.45642, 8.12625, 6.32429, 5.92598, 5.53302, 6.58156, 7.03735, 7.85507, 9.11106, 9.93444, 10, 8.00744, 7.08576, 7.14787, 6.26262, 6.86871, 7.45564, 6.87563, 7.21053, 7.85591, 8.4376
8.76368, 8.75246, 8.4211, 7.42019, 5.99681, 5.81337, 5.7922, 7.23137, 8.15696, 8.72567, 9.92065, 10, 8.1095, 6.32487, 6.27705, 5.37435, 5.94973, 6.48731, 6.39485, 7.48884, 8.41951
8.91393, 8.85989, 8.41797, 6.02238, 5.93308, 5.43186, 7.52265, 8.17661, 9.94324, 10, 8.26627, 7.51452, 5.18968, 5.90756, 7.51394, 8.42282
8.81418, 8.8791, 8.21811, 6.06128, 5.4932, 6.48128, 7.93709, 8.85271, 9.97866, 10, 9.28312, 7.97211, 6.1492, 5.896, 5.18954, 5.75631, 6.18832, 6.2328, 7.46266, 7.246, 7.86813, 8.24371, 8.29394
8.86316, 8.90937, 8.34131, 7.2609, 5.99905, 5.24319, 7.14045, 8.10783, 8.86104, 9.9352, 10, 8.24611, 6.09148, 6.05497, 5.40619, 5.73047, 7.3968, 8.44712
8.94162, 8.87855, 8.2582, 5.9508, 5.38239, 5.53055, 5.54116, 7.04949, 8.42801, 9.98763, 10, 9.63937, 8.29752, 7.745, 6.40582, 6.23123, 5.04407, 5.75919, 7.55383, 7.25507, 8.32115, 8.32496
8.74947, 8.79337, 8.408, 7.507, 6.05521, 5.80731, 8.03394, 9.95176, 10, 8.36769, 8.01152, 6.26952, 5.16103, 5.29974, 5.89071, 6.92753, 7.34618, 8.19661, 8.23016
9.06018, 8.74135, 8.42318, 6.11864, 5.42219, 7.18525, 8.64853, 9.80602, 10, 8.50103, 7.95212, 6.22177, 6.20822, 5.36453, 6.04118, 6.42699, 6.3017, 7.30411, 7.64015, 7.43125, 8.18301, 8.1957
9.03498, 8.95019, 8.66063, 6.23033, 5.40624, 7.13594, 8.6027, 9.76595, 10, 8.32888, 7.92673, 5.52277, 5.95531, 7.57833, 7.74635, 7.48158, 8.22527
8.85295, 8.90344, 8.64568, 8.32383, 6.21499, 5.5424, 5.6563, 5.43045, 7.81656, 9.81956, 10, 8.23145, 6.27328, 6.24721, 5.45465, 6.19119, 7.09763, 7.68267, 7.36041, 7.83089, 8.11793
8.90391, 8.91413, 8.52109, 7.49135, 6.29304, 5.87756, 6.1383, 6.19071, 7.83299, 8.82792, 9.89654, 10, 8.26955, 6.85645, 5.35, 5.99343, 6.45125, 7.09473, 6.96056, 7.78191, 7.46994, 7.83926, 8.26896, 8.48539
9.11425, 8.58022, 8.07175, 6.26858, 5.84536, 5.86431, 5.62584, 6.37614, 6.60382, 7.34955, 7.9709, 9.56163, 9.93118, 10, 8.04947, 6.0234, 5.68911, 6.18997, 6.71461, 6.57254, 7.20631, 7.87962, 8.45313
8.90065, 8.6919, 8.28229, 6.8037, 6.16846, 5.57015, 6.85089, 8.64136, 9.80372, 10, 8.16004, 5.39163, 5.99936, 7.20603, 7.71497, 7.78514, 7.53727, 8.44291
8.74245, 8.3998, 8.09956, 6.43136, 6.0965, 5.51666, 7.84072, 9.95524, 10, 8.25453, 7.94721, 5.07405, 5.62202, 6.14757, 6.65153, 7.43756, 7.54417, 7.4091, 8.29843, 8.42322
8.80189, 8.66497, 8.07516, 6.33394, 5.5627, 6.48858, 7.51582, 8.30731, 9.07898, 9.8387, 10, 8.31495, 7.99898, 6.48712, 5.20893, 6.32006, 6.84558, 6.67862, 7.49788, 8.45611, 8.60232
8.85766, 8.87533, 8.19062, 7.39646, 6.28746, 5.60893, 6.733, 7.45235, 9.89114, 10, 8.11956, 6.48524, 5.21133, 5.41546, 5.91302, 6.58888, 6.89794, 7.41422, 8.67237, 8.73971
8.79933, 8.73981, 8.07893, 7.02738, 6.10594, 5.51691, 5.54857, 7.54991, 9.93651, 10, 8.32318, 7.65295, 6.52504, 7.46788, 8.60647, 8.68692
8.86303, 8.70959, 8.39782, 7.32056, 6.15749, 5.77913, 7.61098, 9.77391, 10, 8.23834, 8.43751, 5.40761, 6.10237, 7.56444, 8.7346
8.79934, 8.9539, 8.52193, 6.66031, 5.73564, 5.81175, 5.74406, 5.42203, 7.32142, 8.67834, 9.91754, 10, 8.30126, 5.48165, 5.75957, 7.428, 7.59139, 7.22693, 7.74853, 7.50411, 8.2394
8.92044, 9.02636, 8.59036, 6.54131, 5.71747, 5.29505, 5.56322, 5.78001, 6.17804, 7.91136, 8.46702, 9.75684, 10, 8.10512, 5.80611, 6.27064, 6.04677, 7.67256, 7.59182, 7.22988, 7.5614, 7.62918
8.8225, 8.93129, 8.93182, 7.64811, 6.17399, 5.66712, 5.22018, 5.52498, 5.52437, 8.00581, 9.71377, 10, 8.25556, 5.6025, 5.87579, 6.19679, 6.20438, 7.49704, 7.67846, 7.30271, 7.75556, 7.57007, 8.22182
8.93083, 8.92231, 8.84821, 7.26911, 6.06524, 5.41391, 7.75041, 9.64365, 10, 8.26335, 7.06778, 5.6409, 5.78312, 7.37382, 7.55292, 7.06817, 7.27952, 7.69832, 7.55874, 8.3864
9.19778, 8.69321, 7.23512, 6.17992, 5.7963, 5.82522, 5.59937, 8.07666, 8.45226, 9.86198, 10, 8.15436, 6.11999, 5.60123, 6.53148, 6.24801, 7.22573, 7.60479, 7.86031, 8.23829, 8.41177
8.89438, 8.94738, 8.77578, 8.44166, 6.11495, 5.85007, 5.18561, 5.57894, 6.0326, 7.45815, 9.59546, 10, 8.40459, 7.32613, 7.51839, 7.25007, 7.74809, 8.46578
9.26395, 8.98484, 8.64797, 6.41138, 5.40069, 6.33349, 7.49478, 9.79757, 10, 8.65828, 6.60475, 6.1533, 5.57813, 6.67753, 7.42737, 7.87058, 8.32907, 9.05536
9.45747, 8.88596, 6.67309, 5.56103, 5.35491, 7.36736, 9.76384, 10, 9.87058, 8.64062, 6.69126, 6.6726, 6.06375, 5.62316, 6.8018, 7.18608, 7.55478, 8.22397, 8.80281
9.21236, 9.00502, 8.60203, 6.43741, 5.4985, 5.28842, 6.42535, 6.97624, 9.81643, 10, 9.8612, 8.57436, 6.42222, 5.58924, 6.0338, 7.0025, 7.47626, 8.0737, 8.19107, 8.62108
9.20886, 9.1243, 8.77603, 6.51887, 5.29577, 5.77945, 6.99558, 9.57403, 10, 9.66884, 9.81449, 8.77466, 5.72856, 5.46285, 5.92732, 6.8486, 7.28322, 7.82277, 8.69294
9.11103, 8.92099, 8.58564, 6.31152, 5.16743, 5.88475, 6.95558, 9.72872, 10, 8.61359, 6.26889, 7.30814, 7.91048, 8.15859, 8.60677, 8.96771
9.22877, 9.23303, 8.99532, 8.65852, 6.60343, 5.21526, 6.81675, 9.11426, 9.78258, 10, 8.77007, 6.18247, 5.66125, 6.32135, 6.41756, 7.41822, 7.88143, 8.34504
9.46995, 8.9375, 6.59338, 6.48885, 5.66397, 6.15432, 7.73308, 9.45465, 9.74749, 10, 8.83039, 6.3802, 5.57852, 6.32463, 6.33112, 7.1311, 7.32352, 7.99696, 8.61759
9.21819, 9.13516, 8.75608, 6.5515, 5.4333, 5.904, 7.91532, 9.27322, 10, 8.74626, 6.29623, 5.61874, 7.1371, 7.85796, 8.58656
9.21409, 9.21854, 8.87108, 6.35761, 6.07557, 6.45062, 6.12119, 5.32815, 5.3315, 8.75694, 9.54338, 10, 9.67015, 9.84423, 8.69794, 6.27905, 7.06153, 7.47633, 8.05858, 8.64725
9.19854, 9.07747, 8.92017, 6.47565, 5.69786, 5.80813, 5.50668, 6.07084, 7.33274, 8.6523, 9.90958, 10, 9.57687, 8.34407, 7.98946, 6.79871, 6.43463, 5.91174, 5.59597, 6.45964, 6.42841, 7.12994, 7.44784, 8.26197, 8.60571
9.04321, 9.0967, 8.92168, 8.61033, 6.64069, 6.0737, 6.20078, 5.94528, 5.45868, 5.33926, 7.09591, 9.34307, 9.62406, 10, 8.79616, 6.20838, 7.27752, 7.88656, 8.06961
8.94701, 8.91578, 8.6205, 6.63415, 6.08339, 5.98329, 5.23308, 7.86093, 9.83837, 10, 8.30334, 6.707, 6.16277, 5.36531, 6.16313, 6.00698, 6.85131, 7.17564, 7.79742, 8.30814
9.17061, 9.11804, 8.7956, 7.29071, 5.99776, 5.24988, 7.22712, 8.5037, 9.23524, 9.8517, 10, 8.53684, 6.23865, 5.59437, 5.8694, 6.23947, 6.15665, 6.98062, 7.49544, 7.28894, 7.83697, 7.94895
8.7705, 8.87181, 8.75141, 8.45496, 7.39509, 6.71066, 5.96948, 5.45488, 5.70389, 7.19356, 7.99883, 9.13715, 9.86689, 10, 8.17026, 6.67934, 7.19611, 7.54535, 7.22507, 7.87097
9.02424, 9.06511, 8.86064, 6.85288, 5.76663, 5.70934, 6.87002, 9.91386, 10, 8.39589, 7.61831, 7.79331, 5.61516, 5.86496, 7.6179, 7.84743, 7.25052, 7.95556
8.91644, 8.98142, 8.876, 8.57209, 7.7283, 5.7872, 5.5477, 5.54039, 7.71872, 9.87954, 10, 8.34652, 7.91377, 5.35304, 5.59371, 6.09426, 7.78624, 7.82125, 7.23977, 7.94909, 7.79375
8.76884, 8.94817, 8.78579, 7.64121, 5.74106, 5.52251, 5.32612, 7.55736, 9.06973, 9.78268, 10, 8.04105, 5.33169, 5.98691, 6.73728, 6.9173, 7.72586, 7.74564, 7.2989, 7.88077
8.93715, 8.9501, 8.62757, 6.53253, 5.74672, 5.80878, 5.88804, 7.64022, 9.92582, 10, 8.43911, 8.10382, 7.37644, 7.54724, 6.08903, 6.09781, 7.44735, 7.67348, 7.33771, 7.97076
8.93189, 8.92096, 8.75404, 6.91344, 5.855, 5.49172, 5.41458, 5.76602, 8.30924, 9.77087, 10, 8.34689, 7.70383, 5.96888, 7.57693, 7.74168, 7.32004, 7.98361
8.74805, 8.81887, 8.71886, 8.42572, 6.07353, 7.98655, 9.92224, 10, 8.09744, 5.33198, 5.68767, 7.27198, 7.48511, 7.14191, 7.74728
9.45041, 9.48167, 8.80204, 6.41593, 5.83255, 8.37803, 8.68654, 9.32079, 9.43955, 10, 9.88777, 8.8247, 7.63068, 7.95274, 7.51055, 7.53937, 6.9573, 7.29158, 7.65841, 7.27441, 7.00541, 8.22521, 9.0457
9.17515, 9.27218, 8.80686, 8.08705, 6.47072, 5.97091, 5.60278, 5.8105, 6.38932, 8.18608, 9.87566, 10, 8.31705, 6.5804, 7.18886, 7.85094, 7.79074, 8.42655
8.7994, 8.90774, 8.90262, 8.59121, 6.30451, 5.48908, 5.56514, 5.87345, 6.86303, 8.36525, 9.87814, 10, 8.29043, 7.56259, 7.51896, 7.05668, 7.54561, 7.69194, 7.74311, 8.25624
9.17147, 9.26437, 7.59937, 6.52401, 5.6359, 6.42168, 7.53575, 8.95292, 9.71272, 10, 9.03974, 8.45033, 6.33679, 6.02226, 5.91622, 6.70278, 7.92571, 7.22017, 7.60403, 7.81509, 7.67599, 7.92895, 8.60415
9.14846, 9.26587, 9.08989, 7.20837, 6.14584, 6.4992, 5.8061, 6.3751, 7.75777, 9.45528, 10, 8.84723, 8.45665, 6.44906, 5.61082, 6.09798, 7.3556, 7.94927, 7.77201, 8.48297
9.09176, 8.88692, 9.13543, 8.85683, 7.24182, 6.34266, 5.68576, 6.3068, 7.38209, 9.35779, 9.80126, 10, 9.50838, 9.66952, 8.56707, 6.38665, 5.45546, 7.02536, 7.16557, 7.02613, 7.90903, 8.22801, 8.53157
9.1596, 9.15965, 9.09308, 7.35602, 6.24979, 5.68596, 8.16204, 9.76735, 10, 8.73182, 6.1218, 5.57821, 6.68973, 7.29729, 7.32379, 7.90826, 8.64999
9.3256, 9.24904, 8.87841, 7.04763, 6.39413, 6.4205, 6.35378, 5.46296, 8.0484, 9.7798, 10, 8.73592, 8.37485, 6.36752, 5.67994, 5.88163, 7.34522, 8.1096
9.34106, 9.05076, 8.68981, 6.43112, 6.28904, 5.7088, 6.06407, 7.15996, 9.57999, 10, 9.9731, 8.7747, 6.28977, 5.41516, 7.06537, 7.55189, 7.93522, 8.71996, 9.05297
9.24364, 9.25411, 8.96982, 8.61349, 6.55006, 5.51228, 5.64202, 8.1285, 9.62801, 10, 9.95934, 8.69146, 6.29701, 5.62837, 6.71373, 7.16005, 7.91983, 8.69445
9.36468, 9.29288, 8.88602, 6.73306, 5.55213, 5.44859, 8.52975, 9.79658, 10, 9.68043, 8.947, 6.22706, 5.56152, 6.33552, 7.11737, 7.76418, 8.04551, 8.81921
9.12735, 9.11594, 9.00728, 8.64908, 6.68154, 6.18743, 6.37436, 6.62463, 5.22253, 5.12802, 7.4667, 9.74395, 10, 8.80859, 7.25181, 6.28942, 5.36826, 6.18887, 7.32851, 7.71562, 8.2037, 8.60662
9.31013, 9.20744, 8.67172, 6.47384, 6.12866, 5.92309, 6.50222, 6.75168, 8.27582, 9.98661, 10, 8.21525, 7.88713, 6.72199, 5.87174, 6.18631, 6.09347, 5.77949, 6.61013, 7.01015, 7.68613, 8.4641, 8.9357
9.09505, 9.09581, 8.74196, 6.62146, 6.13133, 6.5579, 6.35417, 5.11146, 5.07134, 7.09814, 9.63003, 10, 9.66759, 9.66035, 8.69471, 6.21296, 5.45945, 6.36884, 6.29687, 6.91339, 7.44931, 8.35023
9.09598, 8.83168, 7.06751, 6.00705, 6.26217, 6.51756, 6.03285, 5.34416, 5.21696, 7.80226, 9.58785, 10, 8.66837, 5.40555, 6.17982, 6.17203, 7.09049, 7.55067, 7.81413, 7.78398, 8.21861, 8.48507
9.04984, 8.59965, 6.36464, 6.07003, 6.39066, 6.01991, 5.52027, 5.50439, 6.5184, 7.48396, 9.65779, 10, 8.7408, 5.99722, 5.14532, 6.26498, 6.30495, 7.11674, 7.82902, 7.86948, 8.3174, 8.95509
9.22335, 8.96662, 6.62299, 6.05607, 6.27788, 5.40508, 4.97181, 5.49397, 7.10024, 8.09805, 8.81043, 9.41221, 9.70002, 10, 8.90427, 5.48215, 5.21187, 5.87996, 5.77116, 6.58344, 7.25885, 7.95379, 8.76569
8.97245, 8.95689, 8.69355, 8.35682, 6.08139, 5.97283, 5.35825, 5.50617, 5.10948, 5.69108, 7.12724, 8.43324, 9.45633, 10, 8.80968, 6.78373, 7.09636, 7.88091, 8.1745
9.24753, 9.00562, 9.18506, 8.70344, 6.18322, 6.06521, 5.17119, 5.36406, 5.77631, 6.04895, 7.47255, 8.88573, 9.84754, 10, 8.80468, 5.76519, 5.35208, 6.05598, 7.33968, 7.92607, 7.80062, 8.22384, 8.79688
9.12537, 9.15734, 8.78234, 6.17057, 5.66321, 5.2449, 6.99501, 9.72438, 10, 8.38589, 6.94417, 6.86744, 6.05825, 5.76448, 5.53905, 5.79802, 6.16936, 6.03944, 6.97313, 7.16118, 7.10751, 7.68837, 8.19248
9.27074, 9.33259, 8.98565, 7.27446, 6.7472, 6.32728, 6.00335, 6.08677, 5.56016, 6.00817, 6.53563, 7.76329, 9.81136, 10, 9.8797, 8.27636, 8.56559, 7.41641, 6.77114, 6.23853, 6.18366, 5.83, 6.48664, 6.75818, 6.48488, 6.79833, 6.35123, 7.37181, 7.76936, 8.73773
9.05177, 8.72438, 6.87209, 5.99968, 5.87304, 5.11748, 6.13766, 6.92239, 8.55671, 9.70886, 10, 9.4661, 8.89917, 8.36569, 8.47329, 7.18948, 7.40329, 7.2348, 7.82988, 8.38916
8.90403, 8.93756, 8.54677, 6.72543, 5.77359, 5.5372, 5.1834, 5.1524, 7.07422, 9.75622, 10, 8.55397, 8.15919, 5.17921, 5.91312, 7.32645, 7.84859, 7.59633, 8.18747
9.39509, 9.45626, 8.9459, 8.48507, 6.09153, 6.08174, 5.83041, 6.22028, 6.8108, 7.88544, 8.7366, 9.97172, 10, 8.14855, 7.39134, 6.04898, 6.33089, 6.87625, 7.12199, 7.41724, 7.40099, 8.64284, 9.0203
8.89466, 8.5322, 6.27957, 5.67654, 5.25224, 4.89977, 6.03279, 6.77596, 7.28274, 7.84896, 9.90626, 10, 8.44271, 5.3714, 4.8979, 5.30674, 7.13616, 7.37963, 7.17852, 7.84217, 7.59548, 8.22602, 8.79699
8.85779, 8.84679, 8.49691, 7.16336, 5.87278, 5.4117, 5.52569, 6.50472, 7.46392, 8.04163, 8.3264, 9.15533, 9.76068, 10, 8.29022, 6.75556, 5.64313, 4.99573, 5.11505, 5.6281, 7.07603, 7.43822, 7.1512, 7.5895, 7.81838, 7.72003, 8.19493
8.73948, 8.81132, 8.714, 8.40329, 7.19948, 5.7628, 5.26683, 5.10524, 6.00664, 9.32751, 9.83698, 10, 8.34136, 5.40355, 5.17541, 5.66443, 6.21108, 6.08387, 6.98408, 7.22214, 7.70034, 7.78995
8.99852, 8.80146, 8.48497, 6.80565, 5.94117, 5.38015, 6.7695, 9.76824, 10, 8.46724, 5.94733, 5.42505, 6.05043, 5.94727, 7.14086, 7.8045, 7.84759, 7.66405, 8.41395
8.89333, 9.00229, 8.65465, 6.13227, 5.62665, 5.46733, 5.17129, 5.71859, 5.99883, 7.29183, 8.17867, 9.01691, 9.75229, 10, 8.34093, 6.81082, 5.98705, 5.58818, 6.15599, 7.18738, 7.05595, 7.76739, 7.8318, 8.22974
8.86044, 8.74745, 8.40825, 7.0638, 5.92235, 4.99208, 5.16896, 5.49506, 6.52183, 6.42835, 8.60474, 9.56091, 9.58633, 9.83174, 10, 8.43669, 7.99313, 8.15823, 5.9972, 5.25606, 5.44312, 6.83621, 7.20289, 7.0439, 7.74934, 7.87317
8.82713, 8.86029, 8.50554, 6.40164, 6.10324, 5.79177, 5.27615, 5.18243, 4.95065, 5.54272, 5.69648, 8.04366, 9.54712, 10, 8.40712, 8.02394, 7.2245, 7.32066, 7.08555, 7.92712
8.9929, 8.85095, 8.52139, 5.98339, 5.10734, 5.3456, 5.02821, 7.37195, 9.58892, 9.85087, 10, 8.41133, 5.95763, 5.56934, 7.12212, 7.74251, 7.91284, 7.69594, 8.38922, 8.83824
8.94705, 9.01069, 8.55638, 6.00776, 6.00059, 6.78737, 8.89428, 9.8648, 10, 8.17733, 6.53833, 7.06988, 7.78059, 7.89102
8.9236, 9.03081, 8.87793, 8.50414, 7.49366, 5.87467, 5.46431, 8.09781, 9.89816, 10, 8.20415, 6.45435, 6.2965, 7.14815, 7.80981, 8.43233
9.56262, 9.45286, 8.74594, 6.26742, 7.70365, 8.48857, 10, 9.97977, 8.46976, 8.09837, 8.18209, 6.59292, 6.91486, 7.37139, 7.44071, 7.18987, 8.71521, 8.76949, 9.24631
8.97324, 9.07831, 8.95452, 6.94586, 6.23092, 5.80645, 5.61242, 5.52666, 5.29635, 6.04363, 6.50095, 7.73669, 9.92988, 10, 7.86737, 7.31517, 6.92683, 5.90573, 6.10882, 6.33095, 6.21546, 7.16266, 7.19739, 6.95003, 7.79335, 8.44825
9.11682, 9.20412, 8.81275, 7.08471, 5.8621, 5.42942, 6.51578, 7.103, 7.60193, 8.6592, 9.93526, 10, 8.44683, 8.06184, 5.98369, 6.12468, 7.01503, 7.47342, 7.23279, 8.07841
9.12477, 9.16584, 8.775, 6.48148, 6.17233, 5.88258, 5.62889, 5.42703, 6.80014, 8.76636, 9.8127, 10, 8.42991, 7.85407, 5.74754, 6.21247, 6.81266, 7.56211, 7.28747, 7.85745, 8.02143
9.22662, 9.35235, 8.83684, 7.33309, 5.84844, 5.21288, 5.76907, 6.93894, 8.2503, 9.81931, 10, 8.33669, 8.49605, 8.31271, 6.68718, 5.55996, 6.31818, 7.0603, 7.52294, 7.90316, 8.1428
9.18559, 9.03416, 8.66933, 7.26493, 6.38337, 8.20204, 9.99529, 10, 8.12747, 5.37751, 6.54371, 7.32822, 7.06558, 7.33395, 7.69847, 8.069
9.24944, 9.21486, 8.80537, 7.2071, 6.2284, 5.36531, 7.76522, 9.98496, 10, 8.94797, 8.21309, 6.82104, 5.81047, 6.17597, 7.5346, 7.53329, 7.35217, 8.08943
9.28206, 9.38435, 9.14739, 8.81528, 6.82613, 5.71289, 5.94909, 8.00635, 9.87658, 10, 8.45723, 8.04019, 7.07563, 6.88956, 5.57102, 6.71975, 7.49523, 7.63931, 6.93311, 7.03557, 7.71484, 8.51235
9.2348, 9.28328, 8.92255, 7.62124, 6.34793, 5.71118, 5.31837, 7.38442, 8.93215, 9.95562, 10, 8.18643, 7.22574, 5.72185, 6.09357, 6.8386, 7.27888, 7.84162, 7.14686, 7.20976, 7.28955, 7.68307, 7.96634, 8.74823
9.44897, 9.24774, 8.91197, 7.73356, 6.39618, 5.50959, 5.65347, 5.81477, 7.23422, 7.57125, 8.16595, 9.94746, 10, 8.2792, 6.0455, 6.84076, 7.96006, 7.90462, 7.22639, 7.50938, 7.32928, 8.79793
8.98463, 9.14825, 8.82345, 7.65176, 6.24343, 5.46553, 5.51455, 5.33356, 6.51294, 6.70558, 8.49827, 9.9637, 10, 8.82823, 8.07976, 7.2281, 5.85358, 6.5147, 6.90812, 7.55042, 7.51236, 6.96783, 7.30456, 7.32919, 8.67475
9.5787, 9.51359, 8.84462, 8.42985, 6.23719, 6.56085, 6.27464, 8.4058, 10, 9.80751, 7.81163, 8.09108, 8.02553, 6.77103, 7.08955, 7.14408, 7.33537, 7.48376, 7.29835, 8.47131, 9.23328
9.2306, 8.77002, 8.81569, 8.53282, 7.12547, 6.09552, 5.65589, 5.3798, 7.7959, 9.9485, 10, 8.31613, 7.9657, 6.96158, 5.71874, 6.38753, 6.79843, 7.32056, 7.25785, 6.93639, 7.26869, 7.32788, 8.3148, 8.49785, 8.89935
9.39677, 9.05227, 8.63363, 7.06809, 6.13226, 5.37594, 6.30135, 8.13228, 9.98566, 10, 9.87642, 8.4112, 7.44596, 5.64829, 6.29501, 7.02031, 6.88187, 7.34175, 7.28879, 6.98522, 8.50018, 9.04921
8.91804, 8.93807, 8.49217, 6.20174, 5.89877, 5.34388, 5.53744, 7.80512, 8.87501, 9.97306, 10, 8.23226, 7.11714, 6.8748, 6.15675, 5.30263, 5.21401, 5.9241, 6.62528, 6.38062, 7.15602, 6.84618, 7.24212, 8.62635
8.78272, 8.6546, 8.48328, 8.16185, 5.85363, 5.09301, 7.54292, 9.94059, 10, 8.00171, 6.77042, 6.67935, 5.32707, 5.7374, 5.9983, 5.93322, 7.14915, 6.93193, 7.53392, 8.27898, 8.51243
8.87167, 9.03131, 8.82617, 8.48191, 7.17957, 5.94805, 5.16167, 8.85208, 9.79202, 10, 8.53944, 8.12319, 5.80977, 5.58345, 7.14428, 7.34151, 7.91328, 8.14682
9.08191, 9.14929, 8.8458, 7.06988, 5.6791, 5.59275, 5.73839, 7.9159, 9.96588, 10, 9.84387, 8.25866, 6.09521, 7.01107, 7.36042, 7.12452, 7.48612, 7.80146, 7.70001, 8.48388
9.12613, 9.08608, 8.51229, 6.93602, 5.80421, 5.54621, 5.42307, 5.36693, 7.60668, 9.91808, 10, 8.12507, 6.29246, 5.30357, 5.91548, 6.73167, 7.06, 6.79638, 7.41869, 8.77025
9.18898, 9.09209, 8.65978, 7.07706, 6.09369, 5.3334, 5.47078, 6.13602, 6.33488, 7.93812, 9.86508, 10, 8.33626, 6.16787, 5.60433, 6.28457, 6.7823, 6.94513, 7.70112, 8.69606
9.23986, 9.16774, 8.61307, 6.86275, 5.80121, 5.27102, 5.24313, 5.20134, 6.99162, 7.67016, 9.85847, 10, 8.37586, 6.0829, 5.37758, 6.0958, 5.86296, 6.76398, 8.10362, 8.63011
9.31619, 9.15457, 7.53425, 5.72617, 5.46112, 5.44672, 5.55873, 7.21175, 9.88134, 10, 8.48794, 6.54731, 5.394, 6.04957, 5.98047, 6.86834, 8.09156, 8.63153
9.41153, 9.44098, 8.90948, 8.39967, 6.31185, 5.95248, 6.10898, 5.9952, 7.92892, 7.79417, 9.73537, 10, 9.84408, 7.54646, 7.98171, 7.93783, 6.4102, 7.08706, 6.9177, 7.26353, 7.23179, 7.05163, 8.34399, 9.13235
8.95101, 8.93468, 8.80301, 8.46457, 7.42168, 5.65678, 8.33718, 9.75529, 10, 8.07351, 6.11762, 5.40382, 5.62747, 5.49749, 6.62504, 7.67692, 7.60099, 8.39705
9.12197, 8.61945, 7.55544, 6.02361, 5.88079, 5.3037, 5.76026, 6.86291, 8.21532, 9.85946, 10, 8.16893, 6.11358, 5.62824, 5.97064, 5.76608, 6.76114, 7.13437, 6.88105, 7.19248, 7.67125, 8.56224
8.91001, 9.05691, 8.88386, 8.53604, 7.34111, 6.16053, 5.33722, 5.3993, 5.15949, 5.96648, 6.19147, 7.89379, 9.10314, 9.88185, 10, 8.29995, 7.90113, 6.19416, 5.2944, 6.84789, 7.20428, 7.81279, 8.35992
9.19824, 9.23022, 8.83449, 5.96161, 5.46797, 5.31096, 5.26888, 7.94696, 9.90306, 10, 8.61108, 8.17591, 5.6089, 5.72906, 7.04743, 6.84483, 7.35668, 7.87674, 8.72973
9.20198, 9.12627, 8.92565, 6.9249, 5.90251, 5.36262, 5.22043, 5.67604, 7.0804, 8.90508, 9.88748, 10, 8.24408, 6.05004, 5.48324, 5.34923, 5.59352, 7.13822, 7.37231, 7.44085, 8.05499, 8.63824
9.19952, 8.85168, 8.50268, 7.18558, 5.91718, 5.40459, 5.47467, 4.95723, 7.12698, 8.70989, 9.77047, 10, 8.33733, 7.82666, 6.76679, 6.72079, 6.05834, 5.65998, 6.01424, 7.17623, 7.21877, 6.90347, 7.30281, 7.44943, 8.316
9.34067, 9.23165, 8.70113, 6.77432, 6.00475, 5.80401, 5.44415, 5.75966, 7.20553, 9.95976, 10, 8.50859, 8.69114, 6.82366, 6.79537, 6.23878, 5.60337, 5.79068, 7.1447, 7.32004, 6.9732, 7.43171, 7.35036, 8.32967, 9.06273
9.14068, 9.29195, 8.94064, 8.56934, 6.86171, 5.89725, 5.44383, 7.36797, 8.66068, 9.89128, 10, 8.44261, 6.45289, 6.36586, 6.61437, 6.49219, 7.37764, 7.65622, 8.68576
8.84719, 9.06228, 8.81931, 7.40021, 5.93258, 5.29104, 5.25415, 5.24033, 6.25059, 6.12718, 7.76999, 9.89912, 10, 8.22223, 6.30995, 6.2957, 6.40585, 6.50901, 7.24105, 7.08342, 7.5423, 7.26193, 7.62414, 8.46798
8.96814, 8.7365, 8.2175, 6.52814, 5.86048, 4.92474, 5.12582, 5.15459, 7.99711, 9.88373, 10, 8.3044, 7.05108, 7.20415, 7.56274, 7.46707, 8.09634
9.20837, 9.1307, 8.49605, 7.59007, 6.08975, 5.80567, 8.42876, 10, 9.82908, 9.27156, 7.90305, 7.63659, 7.04839, 6.54823, 6.89034, 7.0414, 7.23255, 7.20361, 7.20088, 8.03705, 8.8514
9.0124, 8.82491, 8.29277, 6.217, 5.20576, 5.87982, 7.27736, 9.75105, 10, 8.34304, 5.1653, 6.02169, 6.57412, 6.30286, 7.10053, 7.68938, 8.20468
9.00468, 9.07948, 8.91626, 7.39024, 6.14133, 5.08549, 5.12211, 5.0209, 4.70081, 5.21384, 5.03781, 7.38726, 8.35967, 9.13353, 9.76402, 10, 8.66906, 8.23301, 6.39149, 6.38949, 6.93853, 7.85536, 7.94586, 8.48087
9.15041, 9.17283, 8.55673, 6.26504, 5.27897, 4.99686, 5.89434, 6.09766, 7.53993, 8.87236, 9.55213, 9.94026, 10, 8.55413, 8.08775, 6.38529, 6.12726, 5.83108, 5.3857, 6.84047, 7.25698, 7.4893, 7.54899, 8.09176
9.0583, 9.11283, 8.71965, 5.95873, 5.40795, 5.43847, 4.95158, 5.3268, 7.8491, 8.84348, 9.53355, 9.92078, 10, 8.35942, 5.23058, 5.90549, 6.7167, 6.47383, 7.09943, 7.92824, 8.11139, 8.42678
8.99301, 9.02231, 8.79212, 8.40479, 6.9911, 5.93095, 5.27642, 5.30997, 5.00214, 5.96123, 8.17808, 9.39919, 9.92904, 10, 8.47824, 8.64377, 8.3613, 5.30791, 5.76949, 6.79244, 7.13146, 7.75533, 8.52019
8.96308, 9.1076, 8.69158, 6.79682, 6.05659, 5.24153, 6.76568, 9.96019, 10, 9.74202, 8.11123, 7.16697, 6.94325, 6.32777, 5.65056, 5.81656, 6.76867, 7.07135, 7.95676, 8.24248
9.07081, 9.0548, 8.42343, 6.19397, 5.28426, 6.84371, 8.67112, 9.30963, 9.93125, 10, 9.29926, 8.23715, 5.99816, 5.51753, 6.80641, 7.32563, 8.07367, 7.83284, 8.24582
9.14626, 9.33161, 8.92139, 6.41987, 5.56937, 7.73758, 9.54491, 9.91842, 10, 9.67208, 8.54229, 7.36584, 7.02438, 6.30468, 5.82047, 6.03608, 7.32027, 8.25751, 8.40957
8.94598, 9.16585, 8.91818, 8.53711, 6.22012, 5.14124, 6.89158, 9.02729, 9.7583, 10, 8.52409, 6.87828, 5.55344, 5.95623, 6.21119, 6.13138, 7.15663, 7.99143, 8.46863
8.87431, 8.96417, 8.51901, 6.94684, 6.11799, 5.22637, 5.66925, 5.84185, 6.57404, 6.53578, 9.04003, 9.90357, 10, 8.42303, 7.63279, 6.86312, 6.15914, 5.46734, 6.06498, 7.03608, 7.47738, 7.88067, 8.42693
9.20061, 9.20089, 8.55524, 6.06908, 5.58392, 6.06302, 6.18926, 8.0327, 8.61314, 9.50665, 10, 9.99624, 8.00366, 8.23005, 8.03224, 7.24614, 7.46248, 7.76538, 7.81772, 8.54026
9.27046, 9.19586, 8.77792, 6.47771, 6.33941, 5.72639, 5.77956, 7.64683, 9.75194, 10, 9.61758, 8.65808, 6.68849, 6.85308, 6.17236, 5.85775, 6.11778, 6.40326, 7.24538, 7.7065, 7.63083, 8.1851, 8.26834, 7.84314, 8.18639, 8.71269
8.97574, 9.13825, 8.97794, 6.43092, 5.39137, 7.34052, 8.16437, 8.78143, 9.85283, 10, 8.19039, 6.79077, 6.68743, 6.21354, 5.74037, 6.36628, 6.22912, 7.39166, 8.01924, 8.17814, 8.47547
9.2467, 9.10245, 6.40499, 6.23488, 5.59457, 5.34143, 7.21797, 7.83095, 9.37778, 10, 9.93499, 8.50793, 6.86927, 7.01278, 6.35332, 5.7944, 6.15136, 6.00739, 7.45122, 7.96161, 8.02439, 7.83359, 8.53194, 9.08848
9.18694, 9.15329, 8.72774, 6.28107, 5.19354, 5.35866, 7.05897, 7.13994, 8.27432, 9.94181, 10, 9.62978, 8.18926, 6.92426, 6.89018, 6.30534, 5.72531, 6.26856, 6.08884, 7.18857, 7.89477, 7.91976, 8.17644, 8.57827
8.96829, 9.06456, 8.911, 8.56077, 6.17268, 5.40668, 6.97276, 7.63975, 8.92015, 9.75576, 10, 8.29285, 7.17741, 7.00806, 6.44088, 5.74107, 6.07856, 7.10212, 7.82945, 7.66465, 8.49676
9.20917, 9.02673, 8.65882, 6.2275, 6.07347, 5.23503, 7.16889, 9.68904, 10, 8.51193, 6.29683, 5.96689, 6.30144, 7.15184, 7.83004, 7.83642, 7.63477, 8.44562
9.02329, 9.11578, 8.99225, 8.2775, 6.15891, 5.93558, 5.1756, 5.33494, 5.30961, 8.82511, 9.66127, 10, 8.38992, 6.21436, 6.14546, 6.85853, 7.36257, 7.21059, 7.84763, 7.62847, 8.54505
9.26175, 8.92138, 6.38041, 6.23179, 5.61481, 5.39038, 7.55304, 9.94154, 10, 8.52464, 7.75358, 6.80979, 6.26339, 5.72044, 6.21142, 6.16166, 7.25327, 7.56849, 8.04397, 7.8347, 8.55751, 9.015
9.24749, 9.28073, 8.78033, 7.83428, 6.59823, 5.62667, 5.56633, 7.00458, 9.3466, 9.84753, 10, 9.33626, 8.60198, 7.1792, 7.14289, 6.34153, 5.82936, 6.31283, 6.81013, 7.23995, 7.60574, 8.03937, 7.7463, 8.63806
9.08567, 9.16131, 9.10963, 8.45027, 6.56438, 5.51728, 8.47917, 9.79945, 10, 8.55012, 7.99696, 6.33316, 5.89007, 6.76075, 7.27081, 7.84053, 7.9177, 8.61951
8.95959, 8.90484, 8.5218, 7.99101, 6.08153, 5.75689, 5.84201, 6.62863, 6.87618, 7.70979, 8.70865, 9.99872, 10, 8.23755, 7.93433, 7.59104, 6.7077, 6.16358, 5.85715, 6.03709, 5.98391, 5.7037, 7.20114, 6.92829, 7.68765, 7.6968, 8.41989
9.16818, 9.32797, 8.94112, 6.61147, 6.49804, 5.56356, 8.50049, 9.68165, 10, 8.50866, 6.6405, 6.82115, 6.37467, 6.08167, 6.84276, 7.37744, 7.70612, 7.81027, 8.02125, 8.48797
9.26771, 9.18668, 8.8307, 7.13847, 6.47134, 5.55667, 9.05965, 9.79261, 10, 8.55881, 6.7893, 6.94207, 6.41429, 6.10989, 6.84834, 6.5984, 7.23519, 7.38358, 7.88594, 8.13713, 8.61959, 9.0516
9.32965, 9.13551, 8.6031, 6.55972, 6.06057, 5.55898, 8.0726, 9.71507, 10, 8.74254, 6.31198, 5.97094, 6.28379, 6.18593, 7.14052, 7.97486, 8.82302, 9.1977
9.26577, 9.34955, 8.94584, 6.52357, 5.52478, 6.55274, 7.4879, 8.93452, 9.92487, 10, 8.53461, 7.4718, 7.05931, 6.56661, 5.65196, 5.70601, 6.05912, 6.80597, 7.35281, 7.89567, 7.80671, 8.28926
9.12348, 9.02306, 8.68547, 6.51676, 6.41248, 5.43003, 6.21628, 7.50012, 7.52797, 8.95417, 9.80013, 10, 8.54617, 6.90278, 6.97499, 5.71872, 6.21854, 6.70155, 6.73589, 7.35006, 7.80976, 7.60855, 8.50155, 9.04161
9.28956, 9.33642, 8.80107, 6.82178, 5.72568, 5.55803, 8.06068, 9.64099, 9.8945, 10, 9.86587, 8.61697, 6.86524, 5.91802, 6.57223, 7.08778, 7.70395, 7.92705, 8.2363
8.96795, 9.11975, 9.08774, 8.69978, 7.08925, 6.37935, 5.34933, 7.27154, 8.71323, 9.55616, 10, 8.5372, 6.71681, 7.09798, 7.35947, 7.73591, 8.61077
9.02224, 9.1369, 8.82553, 6.28434, 5.30948, 5.86973, 6.30287, 7.08627, 9.79379, 10, 8.56432, 6.27934, 5.75933, 6.24448, 7.0609, 7.4359, 7.74126, 7.50931, 8.00783, 8.29324, 8.58443
8.92839, 9.06197, 8.71641, 6.95399, 6.22689, 6.24809, 5.37511, 7.79908, 9.56504, 10, 8.33293, 6.64851, 6.74363, 6.20555, 5.90867, 6.31355, 6.65384, 7.18776, 7.62319, 7.3908, 7.94698
9.26742, 9.29848, 8.92481, 6.32037, 6.12916, 5.53535, 5.26342, 7.80648, 9.47329, 9.85754, 10, 9.45067, 8.56922, 6.5367, 5.74008, 6.05008, 6.46862, 6.40637, 7.09156, 7.3895, 7.71573, 7.71449, 8.19058
9.18114, 9.09883, 8.67305, 8.07501, 6.17328, 5.91049, 7.98148, 8.46491, 10, 9.89717, 8.08732, 5.81672, 6.2098, 7.22778, 7.50473, 7.76454, 7.62475, 8.2385, 8.85765
9.04535, 9.08601, 8.89497, 6.84189, 6.11953, 6.00924, 8.01069, 9.75422, 10, 8.50764, 6.10502, 5.76697, 7.13693, 7.29074, 7.57427, 7.54675, 8.05192, 8.23886, 8.53279
9.2397, 9.31311, 9.27305, 8.96419, 6.64765, 6.17782, 5.41073, 6.12602, 7.51052, 9.7551, 10, 8.83514, 8.37533, 6.68721, 6.74038, 6.34608, 5.80377, 6.57915, 7.34394, 7.57867, 7.66807, 8.76961
9.05786, 9.2711, 9.16254, 7.64026, 6.3301, 5.70337, 8.06244, 9.7707, 10, 8.52664, 6.33428, 5.86524, 6.52861, 6.82202, 7.30291, 7.55935, 7.38305, 7.72301, 8.26714, 8.56719
9.29754, 9.38077, 9.32626, 9.01717, 7.24755, 6.27542, 5.70352, 8.37097, 9.90697, 10, 8.69537, 7.01716, 6.89944, 6.4709, 6.04277, 5.74511, 6.69973, 6.48713, 7.38671, 7.93408, 7.62157, 8.58602
9.08879, 9.14614, 8.92615, 7.04543, 6.19935, 5.70105, 5.73487, 5.38487, 5.93233, 7.79486, 8.48409, 9.68289, 10, 8.51629, 6.77794, 6.96531, 6.34128, 5.75068, 6.4267, 6.44043, 7.38077, 7.57881, 7.31589, 8.25223
9.05249, 9.14833, 8.86105, 7.28983, 6.23901, 6.01049, 7.6678, 9.77542, 10, 8.80721, 8.4408, 7.07951, 6.59817, 6.38066, 7.51712, 7.21367, 7.50813, 7.41297, 8.40854, 8.76937
9.39305, 9.16813, 8.83506, 6.58269, 5.57065, 6.19545, 6.65028, 7.65508, 9.68159, 10, 9.93099, 8.69977, 8.14054, 6.43176, 5.80286, 6.32687, 7.59606, 7.91887, 8.01504, 7.83032, 8.74381
9.11577, 9.21271, 9.15312, 7.30716, 6.34805, 5.5494, 7.71456, 9.76261, 10, 8.46562, 6.38897, 5.79736, 6.37502, 6.41999, 7.18217, 7.45744, 7.26488, 7.76187, 7.61033, 8.19047
9.28646, 9.22007, 8.88187, 7.40225, 6.35633, 6.34882, 5.734, 7.57502, 9.62779, 9.90316, 10, 8.54573, 7.06579, 6.95478, 6.50261, 5.80003, 6.45638, 7.30109, 7.76052, 7.56348, 8.39684
9.3339, 9.02632, 8.70831, 7.36412, 6.25485, 5.31374, 5.97683, 7.36923, 9.77511, 10, 8.50791, 6.35345, 6.0378, 6.59159, 6.4584, 7.21538, 7.4317, 7.03518, 7.52597, 7.46892, 8.19565, 9.20375
9.17014, 9.29375, 8.68827, 6.48369, 6.20959, 5.96295, 8.11921, 9.38354, 10, 9.8237, 7.47006, 7.84688, 7.57761, 6.79015, 7.28024, 7.17379, 7.58567, 7.22073, 6.87684, 8.1552, 8.82976
9.25184, 9.15603, 8.62855, 7.58912, 6.15517, 5.9283, 5.931, 6.8026, 6.97551, 8.02689, 9.1879, 10, 9.84284, 8.20577, 5.8847, 6.41133, 7.02451, 7.43186, 7.56005, 7.63393, 8.35695, 8.85279
9.1041, 9.1826, 9.08662, 7.51199, 6.24655, 5.45615, 7.38043, 8.92601, 9.68667, 10, 8.61465, 6.5488, 5.90926, 6.38903, 6.55694, 7.24865, 7.38074, 7.15116, 7.67365, 8.27894
9.30305, 8.79576, 7.99863, 6.04928, 5.80311, 8.23427, 9.88443, 10, 8.09402, 8.28912, 7.97231, 6.18985, 7.33068, 7.40143, 8.37019, 8.84102
9.22937, 8.92053, 8.04368, 5.99427, 6.22257, 7.84695, 9.14175, 9.77993, 10, 9.87481, 8.0019, 7.06154, 5.81463, 6.29215, 7.36291, 8.16782, 8.80858
9.07747, 9.00871, 8.66486, 8.19698, 7.53831, 6.03723, 8.05321, 8.92682, 9.55902, 10, 9.91203, 7.95295, 7.15425, 7.01121, 5.91934, 6.20062, 7.29526, 7.58462, 7.66903, 8.27088, 8.71837
9.26173, 9.19184, 8.36385, 7.11046, 6.16652, 5.79353, 8.07223, 9.02794, 9.66912, 10, 9.89263, 8.03327, 7.13859, 5.73403, 6.28285, 7.4561, 7.84687, 7.73215, 8.39356, 8.89539
8.92471, 8.92208, 8.48798, 8.07594, 6.64641, 5.97705, 6.06116, 8.37745, 10, 9.91753, 7.81531, 6.9584, 5.61797, 6.07102, 6.9651, 7.2095, 7.5376, 7.43449, 8.22714, 8.5451
9.22436, 9.15295, 8.72565, 8.1596, 6.10895, 8.35853, 8.78869, 10, 9.97737, 8.02171, 6.89079, 5.85889, 6.60127, 7.15161, 6.90224, 7.33411, 7.75187, 7.62536, 8.45277
9.28067, 9.16762, 8.61901, 7.59616, 6.19516, 7.63157, 9.03068, 9.66895, 10, 9.90265, 8.06065, 7.4492, 6.97353, 5.75744, 6.76252, 7.48892, 7.41734, 8.37872, 8.92963
9.17146, 9.07396, 8.53984, 6.06721, 8.51179, 10, 9.93149, 9.0282, 7.99254, 8.13934, 7.75583, 6.96115, 6.88852, 5.72449, 6.45359, 7.20424, 7.59661, 7.48319, 8.28673, 8.7797
9.22449, 9.08968, 8.50314, 6.03112, 5.81646, 5.50258, 5.76058, 5.77716, 8.15091, 9.87348, 10, 8.03989, 7.21601, 6.80635, 5.67694, 6.16473, 7.21298, 7.75918, 7.736, 8.26087, 8.89599
9.317, 9.37726, 8.81269, 8.09953, 6.56275, 6.3429, 6.28802, 5.96856, 6.731, 6.99385, 7.69463, 10, 9.71811, 7.5709, 7.55033, 7.88426, 7.63209, 6.89018, 7.44408, 7.7615, 7.27718, 6.8167, 8.26108, 8.8
9.27815, 9.19561, 8.68999, 8.12311, 6.34072, 8.02616, 8.78703, 9.68216, 10, 9.98398, 8.25233, 8.28547, 7.22062, 6.98551, 5.75973, 6.46564, 6.98444, 6.79223, 7.31728, 7.75052, 7.6959, 8.3911, 8.83837
9.21506, 9.17106, 8.83486, 8.21853, 6.2715, 5.88785, 5.52905, 8.04404, 9.24994, 10, 9.86591, 8.35307, 7.94586, 7.15185, 7.04174, 5.64247, 6.46252, 6.93749, 6.56425, 7.42795, 7.87294, 7.73115, 8.4422
9.11207, 9.06742, 8.51166, 7.78175, 6.02222, 5.53546, 7.3469, 8.43306, 9.28427, 10, 9.88696, 9.63957, 7.93772, 6.8575, 6.76283, 5.7178, 6.0616, 6.50432, 6.82832, 6.48261, 7.34418, 7.7732, 8.40478
9.16266, 8.97933, 8.46039, 6.73668, 6.27159, 9.08129, 10, 9.89786, 8.42492, 8.34655, 6.83162, 6.03471, 6.28401, 6.72086, 6.49159, 7.44532, 7.80538, 7.66261, 8.42695
9.08218, 9.04626, 8.73242, 7.1365, 6.13906, 6.22525, 7.9667, 8.74096, 9.69546, 10, 9.82411, 8.21473, 8.15691, 6.92372, 6.638, 5.71424, 6.63619, 7.04909, 7.41482, 7.76949, 7.63682, 8.12083, 8.66124
8.8583, 8.93075, 8.70158, 7.68986, 6.47819, 6.49589, 5.94188, 5.28984, 7.21214, 10, 9.86964, 9.4869, 7.99854, 7.15608, 6.94646, 6.10272, 5.69385, 6.18093, 6.47196, 7.29257, 7.0535, 7.69797, 7.55767, 8.19631, 8.33516
8.80528, 8.76801, 8.34828, 7.28364, 5.94911, 5.87439, 7.60838, 7.49433, 8.38819, 9.45671, 10, 9.9094, 8.0371, 7.57784, 6.69164, 5.77564, 6.05651, 7.30831, 7.66484, 7.55213, 8.14348, 8.43799
9.08801, 9.10161, 8.87541, 7.37516, 6.0671, 5.46439, 7.04809, 8.44781, 8.79736, 9.68558, 10, 9.84036, 9.08485, 7.98625, 8.18025, 7.84583, 6.99592, 6.89115, 6.59982, 7.22453, 7.73936, 7.58578, 8.46323
9.06318, 9.04717, 8.77408, 7.94029, 5.92165, 5.40399, 7.44014, 8.23981, 9.67585, 10, 9.86423, 8.03743, 6.952, 6.78094, 6.8173, 7.1775, 7.43157, 7.57553, 8.28524, 8.59802
9.18002, 9.14273, 8.40626, 7.85075, 6.09017, 7.59862, 8.3651, 9.45262, 10, 9.88562, 8.0524, 8.1648, 7.72642, 7.31455, 6.10989, 6.34672, 6.13589, 5.99052, 7.33903, 7.66239, 7.5992, 8.28794, 8.90537
9.12227, 9.24381, 8.46203, 6.48745, 5.96915, 6.68433, 7.21064, 10, 9.82193, 7.35288, 7.31659, 7.64202, 7.56571, 6.84021, 7.48417, 7.71257, 7.41191, 6.91982, 7.0669, 6.66278, 7.885, 8.78522
8.98458, 9.06988, 8.39387, 7.50686, 6.13555, 8.87469, 10, 9.88904, 8.06715, 7.36528, 7.3408, 6.47299, 6.43438, 7.25531, 7.67622, 7.60196, 8.23729, 8.56663
8.98005, 8.95829, 8.46542, 7.91125, 6.23432, 5.77655, 7.45769, 7.81353, 9.66124, 10, 9.86562, 8.13569, 6.64349, 6.86454, 7.45477, 7.68869, 7.58877, 8.31213, 8.64254
9.01354, 8.99722, 8.58801, 7.79065, 6.24373, 5.6494, 6.39415, 6.78341, 8.27221, 8.35042, 10, 9.84117, 8.23742, 8.331, 8.04745, 7.3478, 7.22181, 5.83824, 6.03407, 7.24786, 7.4947, 7.69153, 8.61115
9.04573, 9.02289, 8.54165, 8.13551, 6.12959, 5.71038, 7.64412, 8.08002, 9.5861, 10, 9.91191, 8.40148, 7.50698, 6.23678, 6.98968, 7.50418, 7.77406, 7.583, 8.11552, 8.69699
9.16606, 9.22957, 8.76323, 7.94013, 6.44331, 9.64376, 10, 9.93294, 8.57863, 6.31071, 7.41572, 7.58182, 7.74908, 7.60444, 8.37312, 8.91063
9.18031, 8.92666, 8.19564, 6.32197, 5.86779, 8.60786, 10, 9.87634, 7.9899, 7.29901, 6.0758, 6.64259, 7.42302, 7.7187, 7.63677, 7.27762, 7.66194, 7.59418, 8.08637, 8.4812
9.06542, 9.06905, 8.84289, 7.89657, 6.02814, 5.86857, 7.21804, 8.31627, 8.74977, 9.35869, 10, 9.91889, 8.06763, 7.09524, 6.02412, 6.32944, 7.17569, 7.64521, 7.5124, 8.10449, 8.7225
9.1128, 9.01584, 8.82409, 7.57378, 6.05226, 5.76054, 6.93592, 9.36381, 10, 9.91411, 8.0135, 7.10992, 5.97665, 6.17267, 6.85782, 7.34523, 7.6369, 7.45884, 8.0518, 8.6481
9.33178, 9.1919, 8.90433, 6.27558, 6.08567, 5.87774, 8.3971, 9.5131, 10, 9.918, 8.28938, 8.05563, 7.45152, 7.05751, 6.06554, 6.7122, 7.18084, 6.86959, 7.35888, 7.76269, 8.47132, 8.92394
9.3656, 9.35552, 8.80648, 6.28734, 6.04045, 5.95409, 7.26287, 8.24145, 9.17823, 10, 9.90091, 8.13548, 8.23789, 8.08608, 7.30194, 7.39141, 5.98141, 6.43583, 7.13915, 7.35367, 7.80427, 7.68311, 8.40106, 8.59042
9.3661, 9.41029, 8.81566, 7.75382, 6.5996, 5.92278, 6.98983, 7.00186, 7.70987, 7.94409, 9.0601, 10, 9.79035, 7.44698, 7.124, 7.87497, 6.99555, 7.51262, 7.85708, 7.64952, 7.23149, 6.69804, 8.2151, 9.07222
9.24261, 9.27923, 8.40348, 6.20995, 5.95116, 6.2101, 7.36184, 9.05886, 10, 9.92957, 9.36173, 8.05307, 8.28687, 7.19562, 6.02436, 6.50114, 6.95496, 7.32002, 7.64747, 8.43625, 8.60211, 8.89613
9.08286, 9.15215, 8.80888, 8.26241, 6.39328, 5.96617, 6.19082, 7.13517, 9.35086, 10, 9.94187, 8.09931, 7.17531, 7.37575, 7.59969, 7.96691, 8.53315
9.15313, 9.25647, 9.11501, 8.22071, 6.12681, 8.11413, 10, 9.92294, 9.30647, 8.15561, 8.10365, 7.41571, 6.79768, 7.25484, 7.58186, 7.49639, 8.32348, 8.75436
9.31104, 9.14406, 8.93508, 8.53115, 6.37536, 5.58305, 7.32527, 9.46529, 10, 9.99643, 9.20475, 8.06008, 7.12046, 5.90302, 6.28867, 6.62987, 6.40647, 7.27774, 7.57298, 8.56837
9.38691, 9.20795, 8.37235, 6.56534, 5.92468, 5.71494, 7.37537, 9.55371, 10, 9.97234, 9.24147, 8.22426, 8.37761, 7.47192, 7.30356, 5.88718, 6.37572, 6.54213, 6.276, 7.27064, 7.73555, 7.74768, 8.47285, 8.96791
9.38107, 9.50692, 9.24516, 8.51158, 6.44621, 6.33566, 5.91397, 7.67055, 9.0853, 9.80367, 9.99399, 10, 9.55986, 8.50587, 8.5361, 7.78378, 7.51639, 6.12631, 6.50555, 6.71019, 7.32189, 7.82884, 7.76381, 8.48207, 9.13233
9.28692, 9.35775, 9.25008, 8.82088, 6.42551, 6.06618, 5.6897, 7.36503, 8.83677, 8.7828, 9.93742, 10, 9.41559, 8.24787, 8.20967, 7.32723, 7.20835, 6.20063, 6.50497, 6.65729, 7.00208, 7.20571, 7.54889, 7.55214, 8.25512, 8.86787
9.30991, 9.30748, 8.94146, 6.55579, 5.67483, 7.85261, 8.88033, 9.93435, 10, 8.80382, 8.1665, 8.39416, 7.68121, 7.38648, 6.75417, 6.28059, 6.03073, 6.37529, 6.78672, 7.19895, 7.74897, 7.66033, 8.54248, 8.95058
9.38222, 9.41546, 9.07085, 6.50504, 6.22483, 5.94982, 5.7081, 7.37611, 8.68165, 9.36226, 10, 9.97305, 9.58776, 8.15116, 8.40369, 8.33266, 7.61831, 7.54602, 6.59767, 6.11945, 5.9168, 6.40186, 6.83672, 6.69312, 7.09832, 7.73626, 7.62234, 8.07689, 8.99561
9.20494, 9.23956, 8.9995, 8.14889, 6.40318, 5.7666, 5.68517, 7.61267, 8.56601, 9.13845, 9.40745, 10, 9.96434, 9.24181, 8.11699, 8.3274, 7.92661, 7.89883, 7.24505, 7.17607, 6.08056, 6.35021, 6.73215, 7.13744, 7.71523, 7.59874, 8.37589, 8.56609
9.3475, 9.39259, 8.80113, 7.64145, 6.65366, 6.07462, 6.75692, 6.99829, 9.00208, 9.05842, 10, 9.72155, 7.33979, 7.82733, 7.78559, 7.11487, 7.56413, 7.73884, 7.92124, 7.02015, 6.55119, 8.19573, 9.05324
9.22914, 9.18074, 8.89957, 7.90982, 6.29924, 6.52573, 5.75444, 7.44809, 8.4583, 9.89005, 10, 8.43371, 8.16804, 7.4888, 7.41945, 5.99188, 6.22826, 6.68039, 7.2047, 7.7561, 7.61842, 8.45962, 8.83477
9.29371, 9.0539, 9.28086, 8.79658, 6.44347, 6.35421, 5.6916, 5.85533, 7.30007, 8.0973, 9.26216, 10, 9.9871, 9.08646, 8.26565, 7.26054, 7.04956, 5.82804, 6.29434, 6.77027, 7.16631, 7.63572, 7.55088, 8.30102, 8.88179
9.29071, 9.16015, 9.00345, 6.52529, 6.36318, 5.58088, 7.63377, 9.90207, 10, 9.17737, 8.11872, 6.94736, 5.9612, 6.41878, 7.10287, 7.16588, 7.70541, 7.59166, 8.21516, 8.70703
9.29572, 9.34295, 8.99227, 9.1922, 8.74051, 6.51154, 6.38181, 5.69287, 7.29866, 10, 9.97847, 9.39217, 8.28388, 8.48558, 8.39986, 7.31222, 5.89739, 6.35218, 7.14569, 7.7731, 7.62092, 8.20696, 8.91494
9.16373, 9.16608, 8.8726, 6.39366, 6.27445, 5.60222, 5.64778, 7.05298, 8.70988, 9.82906, 10, 9.58449, 8.23409, 8.44643, 6.94493, 6.86046, 6.3918, 6.10849, 6.10969, 7.24815, 7.71334, 7.64402, 8.3207, 8.70377
9.28028, 8.93951, 9.11697, 8.88475, 6.44311, 6.31871, 5.4616, 7.42709, 9.38605, 9.81311, 10, 9.98773, 9.41913, 8.28098, 7.14218, 6.91314, 6.57019, 7.45848, 7.79999, 7.68901, 8.22298, 8.90107
9.13482, 9.1432, 8.8397, 6.39859, 6.31316, 5.48402, 6.57518, 6.95155, 8.39453, 9.36855, 9.91048, 10, 8.56171, 8.3443, 7.08503, 6.82767, 5.82305, 5.98197, 7.62056, 7.84846, 7.63874, 8.15802, 8.78371
9.04289, 9.06932, 8.81823, 9.0624, 8.87247, 6.32897, 5.50315, 5.87987, 5.91996, 7.32547, 9.94116, 10, 9.64172, 8.38405, 6.83968, 6.9128, 5.69042, 5.9453, 7.18347, 7.42371, 7.80489, 7.58913, 8.02447, 8.70685
9.0449, 8.96123, 8.74659, 7.87193, 6.16908, 6.0483, 5.57283, 5.52805, 5.32127, 6.92141, 8.66623, 9.65187, 9.62661, 9.93426, 10, 9.56777, 8.36126, 6.1445, 5.549, 5.85706, 7.19577, 7.61431, 7.64005, 8.03811, 8.231, 8.70214
9.08583, 9.04334, 8.87077, 8.54894, 6.21232, 5.20927, 7.50576, 9.11322, 9.61989, 9.90316, 10, 9.52282, 8.35346, 6.59207, 6.48303, 7.22127, 7.75026, 7.63718, 8.11692, 8.2184, 8.5408
9.27883, 9.3539, 8.87173, 8.47096, 6.49323, 5.98428, 7.08015, 8.06275, 9.16612, 9.80572, 10, 9.67435, 7.26533, 7.79774, 7.76561, 7.27308, 7.59688, 7.5436, 7.79388, 7.68564, 6.95263, 6.91284, 6.60548, 8.19953, 9.00995
9.06618, 9.08703, 8.97878, 8.76931, 6.28015, 5.32088, 7.51494, 9.01541, 9.72559, 9.79299, 10, 9.97854, 9.49302, 8.30268, 6.79202, 6.41921, 5.78775, 5.90362, 6.09128, 5.94662, 7.3164, 7.79295, 8.26463, 8.74512
9.07051, 9.08519, 8.91261, 8.59992, 6.2553, 6.09811, 5.62965, 5.36212, 6.81696, 8.95796, 9.57707, 9.9408, 10, 9.646, 8.36562, 6.85569, 6.52634, 5.72425, 5.96683, 7.36793, 7.87907, 8.36791, 8.72913
9.04164, 9.08239, 8.80331, 6.25939, 6.15052, 5.58516, 5.32965, 7.13636, 9.01254, 9.61172, 10, 9.98013, 9.49507, 8.30887, 7.07419, 6.57163, 5.64974, 6.047, 7.34556, 7.73853, 7.68712, 8.23585, 8.64761
9.08523, 9.0417, 8.90271, 8.59789, 6.20659, 6.11716, 5.36018, 5.66106, 5.90079, 6.67609, 7.17352, 7.62575, 8.84589, 9.44034, 9.92286, 10, 9.50799, 8.25988, 7.05583, 6.63586, 5.64452, 6.06237, 6.27222, 6.24648, 7.23331, 7.76681, 7.62128, 8.29351
9.06357, 9.02976, 8.87063, 8.26962, 6.23085, 6.12785, 5.31217, 6.94526, 9.11106, 9.08752, 9.79607, 10, 9.69404, 8.42228, 6.78303, 6.75071, 5.71492, 5.86819, 7.27085, 7.83315, 7.8092, 8.30542, 8.27555, 8.76183
9.13676, 9.02813, 8.2899, 6.27276, 6.34036, 6.16595, 5.41725, 7.08687, 9.81222, 10, 9.45513, 8.33903, 6.98501, 6.7615, 5.67367, 6.07255, 6.3308, 6.21983, 7.11204, 7.8354, 7.65899, 8.29032, 8.29239, 8.80278
9.12803, 9.05167, 8.93219, 8.62713, 6.2687, 6.17467, 5.35253, 7.01275, 7.77839, 9.42358, 9.99926, 10, 9.39539, 8.36505, 7.02563, 6.60039, 6.13373, 5.58115, 5.4655, 5.99034, 6.22485, 6.08549, 7.23132, 7.86106, 7.66946, 8.33647, 8.73846
9.10813, 9.172, 8.91679, 8.63581, 6.36416, 5.54741, 5.45542, 8.01148, 7.96112, 9.71553, 9.9967, 10, 9.28264, 8.49812, 6.78776, 6.82476, 6.30467, 5.80239, 5.69913, 6.05474, 7.34654, 7.79849, 7.64437, 8.30676, 8.82596
9.07928, 9.1702, 9.06081, 8.83787, 6.3563, 5.42651, 7.36713, 8.34354, 8.98978, 9.91765, 10, 9.43693, 8.35614, 6.48666, 6.42959, 6.46102, 6.37816, 7.28037, 7.76293, 7.71597, 8.31451
9.2098, 9.16405, 8.99437, 6.39297, 5.58813, 7.06724, 9.11376, 9.51167, 9.9756, 10, 9.62622, 8.4028, 6.86747, 6.76181, 6.38423, 6.19471, 5.71492, 5.57565, 5.98953, 6.32937, 6.14141, 6.37208, 6.33963, 7.27203, 7.81057, 7.66515, 8.32075, 8.43186, 8.81591
9.52002, 9.58719, 9.01339, 6.96037, 6.60619, 6.33972, 7.51725, 9.37706, 10, 9.61172, 7.33183, 8.20289, 7.79514, 8.12115, 7.92793, 7.03698, 6.77903, 6.4921, 8.3115, 9.17082
9.18543, 8.97575, 9.16339, 9.02638, 8.72857, 6.26608, 5.39502, 6.00824, 6.12522, 7.31598, 9.1829, 9.67349, 9.9583, 10, 9.63888, 8.46755, 6.65902, 6.58023, 5.55854, 5.86024, 6.08997, 5.95877, 7.30309, 7.69239, 7.61294, 8.27618, 8.74488
9.17034, 9.12268, 8.74643, 6.30086, 6.14052, 5.52053, 5.44471, 7.11263, 8.04019, 9.12897, 9.38663, 9.78349, 10, 9.6311, 8.26867, 6.75013, 6.69599, 5.58562, 5.9907, 6.14738, 5.94052, 7.23758, 7.73771, 7.55769, 8.1602, 8.71602
9.14973, 9.18884, 9.02607, 6.28252, 5.39321, 6.4277, 6.94438, 7.56963, 8.14043, 8.8637, 9.01856, 9.50841, 9.88759, 10, 9.6203, 8.37485, 6.83158, 6.83479, 6.28799, 5.89918, 5.55831, 5.91452, 6.05459, 5.89972, 7.36515, 7.14326, 7.72221, 7.64181, 8.22902, 8.81141
9.12461, 9.08701, 9.02279, 7.94936, 6.36007, 5.41688, 6.68346, 8.89894, 9.91626, 10, 9.64464, 8.39642, 6.96022, 6.80175, 6.38881, 5.82094, 5.64957, 5.98971, 6.14099, 5.92641, 7.18914, 7.60492, 7.57039, 8.12762, 8.74952
9.12088, 9.11558, 8.95373, 8.66526, 6.32436, 5.44791, 5.40969, 7.31255, 9.65482, 9.63947, 9.93706, 10, 9.69588, 8.42965, 6.86681, 6.89515, 5.50868, 6.02682, 6.19338, 5.99214, 6.23882, 7.16864, 7.66077, 7.63053, 8.22625, 8.83257
9.22466, 9.11587, 9.04153, 8.73862, 6.27146, 5.31672, 7.32883, 8.94831, 9.7301, 9.71153, 9.91161, 10, 9.7221, 8.26126, 6.74539, 6.71387, 6.31394, 5.75285, 5.99919, 7.1354, 7.67412, 7.8048, 7.70543, 8.18559, 8.82506
9.10515, 8.95753, 8.86522, 8.56777, 6.25003, 5.31143, 5.53176, 6.1336, 6.74706, 9.31432, 9.78868, 10, 9.29513, 8.51927, 6.821, 6.79003, 7.20764, 7.31337, 7.72976, 7.56101, 8.17974, 8.37628, 8.76463
9.18112, 9.02614, 8.68349, 6.28861, 5.34705, 5.79638, 6.13107, 7.397, 9.91261, 10, 9.71782, 8.40976, 6.84772, 6.75116, 6.30822, 6.12252, 6.01913, 5.83416, 7.29544, 7.69175, 7.646, 8.13882, 8.82237
9.2024, 9.24309, 8.91033, 6.36282, 5.37648, 5.9387, 6.07342, 7.28883, 8.92801, 9.81975, 10, 9.5792, 8.44908, 6.86099, 6.70681, 6.30532, 5.69005, 5.57027, 5.76255, 7.26475, 7.75573, 7.68137, 8.28761, 8.90517
9.05696, 8.96074, 8.789, 7.45138, 6.08378, 6.29084, 6.14085, 5.35547, 7.05066, 8.45096, 9.02953, 9.88623, 10, 9.54247, 8.39191, 5.93558, 6.52673, 6.4654, 7.18913, 7.61852, 7.67731, 8.34128, 8.67548
