10, 9.90262, 7.31156, 7.21159, 6.16997, 6.26744, 5.72771, 5.77924, 4.6935, 4.92188, 5.05719, 5.41761, 6.49243, 6.84382, 6.70699, 7.0802, 7.0364, 7.39715, 7.33082, 7.90575, 7.84231, 8.56056, 8.53172, 7.47909, 6.86435, 6.34525, 6.3615, 6.68394, 7.11519, 6.73793, 6.3459, 5.55394, 5.65624, 5.74195, 5.6183, 5.24604, 4.83323, 4.74703, 3.81313, 4.06667, 5.18603, 6.47537, 8.25761, 9.49263, 9.72324
10, 9.7129, 7.02248, 6.81055, 6.1413, 5.89577, 4.99078, 6.58514, 6.74816, 6.83721, 7.3929, 7.96146, 7.84225, 8.13312, 8.1074, 7.75312, 6.77866, 6.80098, 7.12888, 7.48485, 7.16325, 6.2611, 6.27213, 5.56835, 5.81842, 5.4594, 5.21255, 5.57177, 5.11486, 3.67837, 4.0157, 5.00633, 6.39589, 8.15307, 9.3521, 9.79128
10, 9.20252, 8.78393, 8.23142, 6.3238, 5.74494, 5.51421, 6.76419, 6.89215, 6.6532, 6.9632, 7.05654, 8.04902, 8.08469, 7.00665, 6.89855, 6.9216, 6.25183, 5.64057, 5.97403, 5.8676, 4.96736, 5.69617, 5.33589, 4.58141, 4.09297, 4.37072, 7.80896, 9.45317
10, 8.68751, 8.01857, 6.81131, 5.77905, 4.62617, 5.00353, 6.7384, 6.54625, 7.66372, 7.52648, 8.03266, 8.04992, 7.05196, 6.9015, 6.87347, 6.59014, 6.14581, 6.12663, 5.49495, 5.91403, 5.2019, 5.79388, 5.22333, 4.62412, 4.73863, 7.0615, 8.1437, 9.68671
10, 8.71116, 8.08902, 6.70179, 5.74668, 4.72621, 6.21616, 6.8646, 6.48779, 6.76562, 7.12819, 8.00999, 8.26984, 6.82332, 6.8523, 6.20389, 5.5916, 5.90144, 5.5363, 5.04819, 5.226, 5.68082, 5.71002, 5.50753, 5.0232, 4.88846, 4.38942, 4.57371, 7.09474, 9.30183
10, 9.18173, 9.05909, 8.51756, 7.38015, 6.63168, 6.75529, 5.92652, 5.63808, 5.2702, 4.57339, 5.76527, 6.33864, 6.66593, 6.91955, 7.09261, 8.04668, 8.12311, 7.26877, 7.19232, 6.94289, 6.7161, 6.29734, 6.20959, 5.9612, 5.53978, 5.87335, 5.77948, 5.11836, 5.03521, 5.4569, 5.6578, 5.19965, 4.95745, 4.19897, 4.43446, 6.72069, 8.08792, 9.25644
10, 6.65422, 5.24186, 4.67777, 6.52761, 6.39552, 6.85627, 6.57054, 6.97256, 6.96135, 8.1233, 8.15588, 6.98172, 6.85226, 6.61452, 6.06419, 6.1376, 5.56609, 5.92066, 5.6893, 5.11557, 5.70793, 5.41014, 4.76859, 4.79385, 6.9254, 8.29626, 9.3062
10, 8.92005, 7.88743, 6.16242, 5.67435, 4.73781, 5.04811, 6.40545, 6.58083, 6.94133, 6.66319, 7.21988, 7.17977, 8.16342, 8.19473, 6.86498, 6.87282, 6.63284, 6.05658, 6.11613, 5.43112, 5.96272, 5.55533, 5.03781, 5.64403, 5.81193, 5.50125, 5.24984, 5.01882, 5.11181, 6.99456, 8.49895, 9.56846
10, 9.18406, 8.24417, 6.60548, 4.6381, 4.79896, 6.15558, 6.61232, 6.38389, 6.93897, 6.88006, 7.66805, 8.04499, 7.34997, 6.82669, 6.63789, 6.11866, 6.09707, 5.4681, 5.83843, 5.76672, 5.20409, 5.65127, 5.37308, 4.79833, 4.44447, 4.66682, 6.37783, 7.73907, 9.4088
10, 9.93283, 9.20388, 7.91286, 7.6235, 4.82471, 4.50957, 5.93543, 6.38619, 6.42877, 6.07859, 6.46341, 6.91322, 6.98106, 7.55748, 7.87034, 7.97467, 6.79758, 6.4648, 6.9633, 6.62013, 6.08678, 6.15693, 5.46423, 5.82863, 5.76876, 5.04415, 5.56151, 5.24803, 4.23734, 4.48186, 7.76209, 9.3119
10, 9.90708, 9.11883, 7.46886, 6.70665, 6.84298, 5.69229, 5.63298, 5.9615, 6.53461, 6.79794, 6.88726, 7.66546, 7.95098, 8.04522, 6.9191, 6.49589, 6.94503, 6.71817, 6.03864, 6.06937, 5.46132, 5.88396, 5.60858, 4.8931, 5.5949, 5.23049, 4.76192, 4.95782, 6.84389, 7.92878, 9.379
10, 8.93324, 6.38787, 5.59546, 5.06365, 4.92568, 6.44174, 6.59083, 6.12368, 6.387, 6.15888, 6.87234, 7.99124, 8.19945, 6.54154, 6.18769, 6.67516, 6.4793, 5.95211, 6.08658, 5.59153, 5.9824, 5.24919, 5.82321, 5.61183, 4.72332, 4.92604, 6.89472, 8.32304, 9.65994
10, 9.39485, 7.00341, 6.0914, 6.06171, 4.80368, 5.20549, 5.76242, 6.23795, 6.83692, 6.64244, 6.93382, 6.74465, 7.06937, 7.37071, 8.15679, 8.07817, 7.55802, 6.92049, 7.14966, 7.44737, 7.40159, 6.92022, 6.2273, 5.56924, 5.81077, 5.47654, 5.23611, 5.7174, 5.36959, 4.78025, 4.68281, 3.65115, 3.8778, 4.80219, 6.328, 8.06009, 8.87381, 9.78409
10, 9.02124, 8.55342, 7.20048, 5.45317, 5.42405, 4.96981, 4.92384, 6.35486, 6.51274, 6.10351, 6.62434, 6.81243, 6.7745, 7.55267, 7.8503, 7.96051, 6.65535, 6.87032, 6.55571, 6.10963, 5.67539, 5.91227, 5.40533, 5.00058, 5.5335, 5.07357, 4.59651, 4.62991, 4.1893, 4.41818, 4.71563, 6.52422, 8.22813, 9.09883
10, 8.98831, 7.95961, 6.44614, 5.67963, 4.83962, 6.39709, 6.69994, 6.50318, 6.91624, 7.0885, 7.93692, 8.11777, 6.8656, 6.31194, 6.73187, 6.42222, 5.95209, 6.06273, 5.54003, 5.90483, 5.18047, 5.77914, 5.60019, 4.92744, 4.6058, 4.78298, 6.47243, 8.071, 9.38277
10, 8.89491, 8.76152, 8.06929, 7.61758, 4.93314, 4.69741, 4.97534, 4.68674, 6.25007, 7.07973, 7.14356, 7.80935, 8.25746, 8.25646, 6.65995, 6.25652, 6.46375, 6.71387, 6.53013, 6.06127, 5.94486, 5.39098, 5.74679, 5.8276, 5.01163, 5.53055, 5.19989, 4.80289, 4.31726, 4.58636, 4.88953, 6.66503, 8.31025, 9.19826
10, 9.15921, 7.74103, 5.84375, 5.81204, 5.07423, 4.82802, 5.12268, 5.14293, 6.60574, 6.82789, 6.76031, 7.32869, 7.32744, 7.76524, 7.85877, 7.13338, 6.78634, 6.47398, 6.1109, 5.9956, 5.49109, 5.95458, 5.91181, 5.066, 5.67793, 5.52473, 5.10909, 4.61666, 4.84817, 6.15534, 7.84854, 9.18952
10, 9.93252, 9.01491, 7.77471, 5.92451, 5.65011, 5.1343, 4.58103, 5.6166, 6.04731, 6.11454, 5.86063, 6.64105, 6.74021, 6.41241, 6.66408, 7.32915, 7.66254, 7.87378, 6.71739, 6.43807, 6.67868, 6.79894, 6.50397, 6.15464, 6.05186, 5.33642, 5.81381, 4.75785, 5.33555, 5.38215, 4.98855, 4.08312, 4.35174, 4.65736, 7.51814, 9.30097
10, 8.97794, 8.52219, 7.8097, 4.90766, 5.17508, 5.03098, 6.37009, 6.48571, 6.32841, 6.59102, 6.54577, 7.17978, 7.16883, 7.508, 7.8398, 7.96143, 6.74208, 6.71321, 6.47179, 6.09287, 6.042, 5.58538, 5.77643, 5.70919, 4.93257, 5.58541, 5.04432, 4.32055, 4.59585, 6.76833, 8.17902, 9.56448
10, 9.19207, 8.54001, 5.66909, 5.41217, 5.63578, 5.18966, 4.70708, 6.57826, 6.2278, 6.52316, 6.34868, 7.53755, 7.99232, 6.78321, 6.68054, 6.81077, 6.51951, 5.96034, 5.4556, 5.85635, 5.80261, 4.91939, 5.3272, 5.61142, 5.48514, 4.24615, 4.54096, 7.5615, 9.5649
10, 8.80785, 7.478, 5.07384, 4.84506, 4.87629, 6.45162, 6.16132, 7.17381, 7.10377, 7.56764, 7.7056, 6.79995, 6.39696, 6.50143, 6.28846, 6.61943, 6.31443, 5.81515, 5.90454, 5.38909, 5.65843, 4.91101, 5.49953, 5.20194, 4.6411, 4.87041, 6.55584, 7.59151, 9.16956
10, 8.76762, 7.90802, 6.38052, 5.57978, 5.26949, 4.70325, 6.41902, 6.59034, 6.35956, 6.74652, 7.10461, 7.55651, 7.89194, 7.98399, 7.34729, 7.29174, 6.78113, 6.42348, 6.8861, 6.66463, 6.10885, 6.09091, 5.45393, 5.79364, 5.72779, 5.14807, 5.71897, 5.50949, 5.10479, 5.13576, 4.49651, 4.77001, 6.75854, 8.04062, 9.58359
10, 9.20647, 8.58933, 8.03147, 5.97753, 4.96143, 4.86619, 6.41051, 6.60854, 6.45297, 7.46702, 7.90996, 8.03419, 6.62682, 6.34657, 6.68511, 6.53014, 5.80072, 6.00724, 5.43338, 5.95479, 5.43289, 4.89334, 5.60415, 4.95198, 4.25526, 4.5541, 7.53288, 8.86497, 9.2908
10, 9.63072, 8.12214, 6.70075, 5.97196, 4.83562, 5.1199, 5.65746, 6.03136, 6.45374, 6.80271, 6.86845, 7.29244, 7.13654, 7.58821, 7.70623, 8.15159, 8.08659, 7.66874, 6.74301, 6.83915, 7.15564, 7.40897, 7.35889, 6.87471, 6.17845, 5.51903, 5.82221, 5.32973, 5.51063, 5.50156, 5.22453, 5.73374, 5.28356, 4.03707, 3.6844, 4.03829, 4.81638, 6.28179, 8.03223, 9.16783, 9.6528
10, 8.57441, 8.06896, 6.08274, 5.91514, 5.49047, 4.65658, 6.65318, 6.50789, 7.13518, 6.99581, 7.90489, 8.01896, 6.7877, 6.70228, 6.39988, 5.89546, 5.97558, 5.42056, 5.86987, 4.91807, 5.65593, 5.40971, 4.52597, 4.79374, 7.81616, 9.55484
10, 9.17511, 7.59228, 6.8051, 6.92685, 6.05121, 5.6919, 6.63084, 6.82612, 6.53469, 6.61161, 7.1971, 7.13121, 7.67091, 7.98456, 8.04423, 6.56788, 6.97348, 6.79931, 5.84698, 5.82046, 5.0958, 5.60133, 5.61736, 4.99583, 5.69837, 5.51037, 5.04096, 5.2185, 6.34652, 7.84272, 9.41568
10, 8.97436, 8.11427, 6.23532, 5.86953, 5.00052, 4.80363, 6.68004, 6.45115, 6.81927, 6.65655, 8.07003, 8.02842, 6.92579, 7.07384, 6.74979, 6.25886, 5.87692, 5.24442, 5.80923, 5.67717, 5.07989, 5.5827, 5.13407, 4.57308, 4.87523, 6.81534, 8.40099, 9.48077
10, 8.94272, 8.28829, 6.07931, 5.66554, 5.05488, 5.01154, 6.40356, 6.64254, 6.46547, 7.28254, 7.18641, 7.79039, 7.84191, 7.15302, 6.77766, 7.15382, 6.82064, 5.87858, 5.21145, 5.56191, 5.34613, 5.67356, 4.66437, 5.19301, 5.55285, 5.37661, 4.9975, 5.02113, 4.6828, 4.92006, 6.4001, 7.89738, 9.58319
10, 9.89867, 9.06607, 7.99549, 6.81794, 5.77228, 6.56176, 6.39449, 6.83276, 6.63766, 7.60361, 7.89691, 7.9984, 6.88601, 6.97598, 6.56407, 6.08641, 5.93888, 5.29359, 5.72849, 5.687, 4.97384, 5.62085, 5.46269, 5.22307, 5.21339, 4.92603, 5.18702, 6.9344, 7.99527, 8.69096, 9.60598
10, 9.13713, 9.01224, 8.40941, 7.91584, 7.13563, 6.91525, 5.912, 5.84361, 5.38129, 4.82448, 4.53011, 4.79188, 6.58773, 6.28725, 6.70808, 6.70171, 7.5164, 7.85148, 7.9357, 6.79348, 6.38828, 6.80065, 6.90955, 6.5326, 6.16609, 5.77359, 5.24988, 5.87886, 4.51477, 5.57739, 5.2714, 4.94123, 4.5873, 4.84108, 7.36665, 9.5832
10, 9.19707, 7.36587, 5.98561, 5.9138, 5.18909, 4.4465, 6.39418, 6.45412, 6.22234, 7.01746, 6.87357, 7.82926, 7.90751, 7.12017, 6.90517, 5.11627, 5.48335, 5.40729, 4.58719, 5.10583, 4.69005, 4.28326, 4.52137, 6.88188, 8.27965, 9.44214
10, 9.14783, 8.66766, 4.96704, 4.7086, 4.89714, 4.53274, 4.94883, 5.72197, 6.62533, 6.51128, 7.94127, 7.99252, 7.08515, 6.88424, 6.82003, 6.90804, 6.69786, 5.73181, 5.12594, 5.60569, 4.77003, 5.60062, 5.02636, 4.42317, 4.73696, 8.17176, 8.40676, 9.59853
10, 8.42221, 7.19329, 5.30842, 5.24158, 4.91146, 4.49707, 6.69639, 7.97458, 8.04052, 7.34704, 6.92675, 6.72488, 6.49816, 6.70776, 6.33603, 5.75259, 5.51804, 5.12551, 5.72688, 5.66669, 5.29527, 5.62328, 5.20832, 5.37667, 5.25746, 5.02766, 4.97323, 4.48274, 4.80209, 6.80363, 8.04167, 9.60038
10, 8.51902, 8.19748, 6.4918, 5.58117, 4.84148, 6.85118, 7.42601, 7.55219, 8.08223, 8.10908, 7.04526, 6.86971, 6.99089, 6.69908, 5.68078, 5.65206, 5.14118, 5.96573, 5.76581, 6.41814, 5.14874, 5.38073, 5.13621, 4.6968, 5.04709, 7.69874, 9.62791
10, 9.94743, 9.59353, 7.73113, 7.4728, 6.7631, 5.78215, 4.74657, 6.8603, 6.82803, 7.15613, 6.91217, 7.33512, 7.32736, 7.8272, 8.01878, 8.25293, 8.21805, 7.33847, 6.69714, 7.27638, 7.32713, 6.82998, 6.18043, 5.62732, 5.6544, 5.70563, 5.70689, 5.45234, 5.76979, 5.61704, 5.77612, 5.64192, 5.27888, 4.19914, 4.2128, 3.80615, 4.10703, 5.01989, 6.54765, 7.92414, 9.12216, 9.79072
10, 9.16815, 8.0997, 5.86081, 5.63469, 4.62011, 5.59381, 5.78521, 6.33859, 7.19214, 6.78416, 7.12601, 7.15058, 7.56889, 7.78628, 7.83709, 7.09112, 6.86792, 7.06254, 6.72059, 5.97587, 5.21181, 6.17047, 5.9691, 4.78749, 5.75445, 5.83163, 5.49552, 5.27356, 4.88492, 4.9308, 7.35797, 7.8366, 8.26451, 9.46807
10, 8.67497, 7.74717, 6.32283, 5.36369, 5.0488, 4.64925, 4.54706, 6.45347, 6.98965, 6.55783, 6.87341, 7.25778, 7.20622, 7.83656, 8.16892, 8.19558, 7.7865, 6.72672, 6.87862, 6.99542, 6.69818, 6.20431, 5.80012, 5.73031, 5.28415, 6.0776, 5.89484, 6.33918, 5.34097, 5.81403, 5.69995, 5.03169, 5.04721, 4.42742, 4.63918, 7.02753, 8.04635, 8.59386, 9.64084
10, 9.30137, 7.68523, 5.56391, 5.56664, 5.24576, 4.50259, 4.60826, 4.52042, 5.25131, 5.79372, 6.60013, 6.91176, 6.69817, 7.03019, 6.90996, 7.24982, 7.3781, 8.16337, 8.20712, 7.83044, 6.62, 6.24624, 6.76622, 6.90337, 6.84584, 6.74637, 5.8765, 5.38245, 5.81197, 5.06219, 5.66096, 4.86861, 4.64589, 4.04281, 4.32559, 4.9136, 6.67683, 7.89496, 9.50356
10, 9.97682, 9.41145, 8.42517, 6.43064, 5.38458, 5.02265, 4.53984, 4.78556, 4.75466, 6.18729, 6.19041, 6.90055, 6.96486, 7.91874, 8.24839, 6.75781, 6.9407, 7.01859, 6.74666, 6.6845, 5.12604, 5.74094, 5.84912, 4.99379, 5.15678, 5.10913, 3.92635, 4.23468, 4.94931, 7.36894, 8.19085, 9.50124
10, 9.09885, 7.95277, 5.6375, 5.50298, 5.00141, 4.26615, 4.72431, 5.60816, 6.08743, 6.50539, 6.13814, 6.11055, 7.06305, 7.40035, 7.89425, 7.96187, 7.57254, 6.75022, 6.58018, 6.62982, 6.4117, 5.70037, 5.61614, 5.08329, 5.40632, 5.46708, 4.71738, 5.38211, 5.27332, 5.4666, 5.38201, 4.88836, 4.62376, 4.43295, 4.61313, 4.86897, 7.5358, 9.34059
10, 9.8347, 7.48504, 5.84852, 5.38862, 5.08359, 4.95035, 4.23389, 4.57963, 5.03287, 6.2482, 7.0162, 6.90326, 6.644, 6.95443, 7.28011, 7.01463, 7.43085, 7.39166, 6.97594, 7.02052, 6.53195, 6.1773, 5.61162, 5.22469, 5.45199, 4.86972, 5.3835, 5.4704, 5.02031, 4.706, 4.20481, 5.09908, 6.01072, 7.91003, 8.49296, 9.19102, 9.91331
9.98063, 10, 9.814, 6.90124, 5.47153, 5.17132, 4.31299, 4.40273, 4.45578, 5.25994, 5.40784, 5.92308, 6.76684, 7.27337, 7.0849, 6.79446, 7.28331, 7.58765, 7.18652, 7.17666, 6.98783, 5.65923, 5.10816, 5.48969, 5.56705, 5.06912, 4.55048, 6.50356, 6.73828, 8.3408
10, 9.98771, 9.79507, 7.40135, 7.23768, 5.96734, 5.29769, 4.76153, 4.373, 4.14866, 4.43221, 4.5416, 5.88462, 6.17198, 6.74261, 7.23963, 7.38597, 7.02128, 7.42699, 7.03566, 7.41076, 7.09551, 7.17822, 6.90146, 5.59795, 5.60037, 5.57895, 5.47927, 5.13564, 5.61282, 5.21893, 5.47668, 4.67035, 4.89024, 4.49381, 5.27737, 5.94572, 6.96381, 8.33273, 9.14657, 9.54353
10, 9.25433, 8.67437, 6.87681, 6.38235, 5.79593, 5.15532, 4.34779, 4.31061, 3.84474, 4.05716, 4.08646, 4.51014, 4.58218, 5.62343, 6.78015, 7.1707, 7.17377, 6.74842, 7.07019, 7.44358, 7.08209, 7.51651, 7.41335, 6.93487, 6.68426, 7.11547, 7.13142, 6.68626, 6.24912, 5.63316, 5.95368, 5.39666, 5.69664, 5.0317, 4.78045, 4.24252, 8.0869, 9.3712, 9.81896
10, 9.1821, 8.44819, 7.06097, 6.01768, 4.97646, 4.46318, 4.05866, 4.5305, 5.34651, 5.86281, 6.33763, 6.34488, 6.62582, 7.18238, 7.13361, 7.58554, 7.47233, 7.80289, 7.82957, 7.24574, 6.61749, 6.84647, 6.70015, 6.9656, 6.65789, 5.60256, 5.72698, 5.47164, 5.90752, 5.81271, 5.02161, 5.49656, 5.54224, 5.17715, 4.2863, 4.4524, 5.14987, 6.61804, 8.12454, 9.62465
10, 9.95879, 8.80712, 8.60285, 6.86902, 5.89606, 5.81872, 5.31512, 6.39137, 7.04595, 6.90067, 7.11975, 7.16415, 7.03116, 7.34212, 7.3573, 7.78758, 7.71598, 8.2949, 8.1968, 7.79048, 7.33399, 6.58074, 7.24077, 7.27269, 6.81169, 6.67314, 5.77458, 5.85118, 5.85633, 5.56733, 5.55841, 6.04868, 5.73224, 5.38259, 5.07376, 4.5768, 3.82225, 4.01212, 4.31765, 5.03854, 5.95423, 7.78621, 8.84903, 9.5533
10, 9.18309, 8.28647, 7.37001, 7.24355, 5.77027, 4.93856, 4.44081, 4.33207, 3.89477, 3.80986, 4.40313, 5.22582, 6.00636, 5.92358, 6.22145, 6.57243, 6.51363, 6.90823, 6.8356, 7.53304, 7.89134, 8.00191, 6.57207, 6.36441, 6.7339, 6.75552, 6.63591, 5.82605, 5.6816, 5.27394, 5.76714, 5.7992, 5.2342, 5.40253, 5.27426, 5.45678, 5.36537, 5.1205, 4.50215, 4.85679, 6.65052, 7.26314, 9.36923
10, 9.53066, 9.2622, 9.03417, 6.97797, 6.3485, 5.06784, 4.86617, 4.41982, 4.23896, 4.25543, 4.33864, 5.39558, 5.73517, 5.94351, 5.89657, 6.72227, 7.17457, 7.65139, 8.12414, 6.6151, 6.73508, 6.70884, 6.69411, 5.54854, 5.7296, 5.07861, 5.70843, 5.76941, 4.972, 5.38208, 5.29875, 5.0667, 4.37749, 4.77301, 7.13943, 8.13711, 9.36142
10, 9.2254, 7.80373, 7.42985, 6.91543, 4.97718, 4.44809, 4.32029, 4.1882, 5.66815, 5.65529, 6.31943, 6.53903, 6.40895, 6.7605, 6.67301, 7.25361, 7.82719, 8.02421, 7.06783, 6.64378, 6.36193, 6.75644, 6.81708, 6.76096, 6.24224, 5.82264, 5.67052, 5.24549, 5.57429, 5.72352, 5.41935, 5.54674, 5.12321, 5.52597, 5.28001, 4.59561, 4.85247, 6.47958, 8.01118, 9.31094
10, 9.02626, 8.03985, 6.496, 4.40456, 3.9678, 6.11402, 6.94764, 6.93069, 7.44382, 7.87507, 8.02012, 7.93314, 6.46688, 6.14909, 6.64751, 6.61516, 6.43602, 5.45543, 5.50993, 5.23182, 5.71554, 5.72293, 4.93055, 5.4075, 5.16155, 5.48044, 5.43839, 4.72098, 4.91937, 6.87022, 8.08564, 9.41551
10, 9.94616, 9.36319, 7.20653, 5.50124, 5.52278, 4.74122, 3.86927, 4.20208, 5.13524, 5.52293, 6.09867, 6.14434, 6.57058, 6.81427, 6.80553, 7.41311, 7.50559, 7.38191, 7.94055, 7.96557, 7.10786, 6.79824, 6.73154, 6.77709, 6.47243, 5.64653, 5.6698, 5.32063, 6.04317, 5.64825, 5.68067, 5.26708, 5.63413, 5.56702, 5.40905, 4.73227, 4.86571, 5.48383, 6.15081, 7.60486, 8.63344, 9.56317
10, 9.892, 9.22391, 8.19379, 6.75444, 5.46725, 3.86979, 4.02051, 4.83817, 5.59815, 6.15555, 6.71295, 6.66477, 7.03488, 6.79093, 6.94851, 6.73009, 7.28519, 7.32975, 7.88216, 7.66195, 7.22746, 6.82896, 6.51021, 6.84002, 6.91249, 6.61096, 5.91165, 5.90064, 5.52892, 5.86823, 5.80948, 5.52958, 5.50797, 5.89901, 5.66904, 5.82605, 5.44244, 4.86554, 4.72798, 4.92753, 6.98312, 7.99349, 9.78886
10, 9.91415, 8.83816, 8.45193, 6.94666, 6.14778, 4.88897, 4.36974, 3.8664, 3.96744, 4.49633, 4.52408, 4.80525, 5.30113, 6.3245, 6.66666, 7.01309, 6.77375, 7.2524, 7.15238, 7.4708, 7.30867, 7.59364, 7.43422, 7.73067, 7.52166, 7.05826, 6.89373, 7.03203, 7.09389, 6.03014, 5.75628, 5.9634, 5.97633, 5.49005, 5.81526, 5.7748, 5.1376, 4.69254, 5.77171, 6.43711, 8.05549, 8.57802
9.96533, 10, 9.83541, 7.25663, 5.04361, 5.12939, 4.48023, 4.28577, 3.72008, 4.00691, 3.89199, 4.13483, 4.32944, 4.77522, 5.24055, 6.24565, 6.7083, 7.1917, 7.34677, 7.48983, 7.46525, 7.28895, 7.50258, 7.69049, 7.50374, 7.1238, 7.16867, 7.06362, 6.10752, 5.63045, 5.94324, 5.73433, 4.70526, 5.59754, 6.27881, 7.89097, 9.00541
10, 9.90301, 9.20449, 7.74101, 6.8656, 6.91309, 5.42598, 4.77243, 3.87905, 3.96802, 3.80613, 5.40963, 5.878, 6.32894, 6.84047, 6.67538, 7.22539, 6.89346, 7.39986, 7.32009, 7.98348, 7.60523, 7.05119, 6.60809, 6.42784, 6.96675, 7.05105, 6.88903, 6.52283, 5.76928, 5.68639, 6.0116, 6.22068, 5.84982, 5.74101, 4.9454, 7.46416, 7.99845, 9.8814
10, 9.89561, 9.08589, 7.85861, 7.05125, 7.12159, 5.55779, 5.20056, 4.08157, 3.9101, 4.44003, 4.95954, 5.42302, 6.01102, 6.41944, 6.86811, 6.73743, 6.99558, 7.52296, 7.3929, 7.56007, 7.60358, 7.88369, 8.30168, 8.23639, 7.6183, 7.10292, 6.75774, 6.62744, 6.95474, 6.87763, 6.55369, 6.30721, 5.75256, 5.52843, 6.10289, 6.14751, 6.00084, 5.71521, 5.8541, 5.62135, 5.76182, 5.11651, 4.8482, 4.84684, 6.67526, 8.58154, 9.7924
10, 8.75106, 8.41543, 6.75828, 5.86858, 4.75665, 5.48475, 5.66273, 6.33288, 7.10526, 7.19168, 6.89356, 7.39103, 7.4481, 7.23668, 7.54597, 7.43543, 7.62849, 8.04781, 8.0508, 8.40993, 8.40196, 8.01804, 8.0161, 7.65461, 7.35474, 6.41257, 6.51595, 7.23622, 7.23961, 6.94722, 6.73095, 5.68348, 5.75073, 5.5738, 5.98468, 5.98931, 5.62043, 6.04733, 5.87781, 6.02251, 5.78286, 4.54046, 4.4677, 3.86355, 4.01557, 4.35082, 5.19219, 6.52832, 7.64984, 8.59086, 9.63502
10, 8.89008, 7.9441, 6.71417, 5.4455, 5.21307, 4.58986, 4.224, 4.32748, 5.02187, 5.46307, 5.7553, 6.33959, 6.43201, 7.17837, 7.29453, 7.76155, 8.21428, 8.14994, 8.37169, 8.32, 7.98159, 8.00037, 7.65887, 7.20883, 7.13973, 6.34299, 6.56439, 6.86799, 6.80029, 5.65566, 5.40435, 6.43567, 6.05286, 6.19165, 5.60396, 5.85216, 5.62508, 5.39941, 4.88574, 5.0214, 7.40737, 8.9366, 9.52328
10, 9.97177, 9.34458, 8.49361, 7.88146, 6.21906, 5.11739, 4.71034, 4.55355, 4.31273, 4.42947, 4.40348, 6.5204, 6.49014, 6.77975, 6.87059, 6.70935, 7.07867, 7.91042, 8.16366, 8.41614, 8.4461, 8.23913, 7.90148, 6.82975, 6.86989, 6.97782, 7.05521, 6.76573, 6.11706, 5.40117, 6.20157, 6.54817, 5.56199, 4.75909, 4.85683, 4.659, 4.89075, 7.00661, 7.94008, 9.3753
10, 9.52943, 9.40694, 9.05915, 7.38508, 6.73356, 5.77303, 4.90132, 4.55082, 4.38111, 4.09932, 5.1045, 5.95446, 5.89338, 6.36333, 6.34546, 7.27575, 7.64251, 7.62518, 8.23848, 8.34206, 6.82594, 6.35714, 6.54637, 6.86051, 6.82692, 6.7142, 5.7601, 5.4717, 5.16277, 6.22873, 6.30615, 5.65533, 5.29517, 4.89536, 4.53306, 4.64981, 4.52381, 4.86088, 6.30065, 7.59738, 9.12692, 9.89224
9.91335, 10, 9.25401, 8.89766, 7.8188, 6.75212, 6.05805, 5.16616, 4.5038, 4.20357, 6.26819, 6.10419, 6.28302, 7.23069, 7.17303, 7.45124, 7.40093, 7.70642, 7.79983, 8.12379, 8.06565, 7.50706, 7.28567, 6.71277, 6.45627, 6.54704, 6.69438, 6.94495, 6.81374, 6.32627, 5.8449, 5.24875, 6.00346, 5.88516, 6.18334, 5.5591, 5.64663, 5.45733, 4.61061, 4.47262, 4.84929, 6.20267, 7.64825, 9.1933
9.99891, 10, 9.25724, 8.44671, 7.80319, 6.25704, 5.59005, 5.38864, 4.55336, 5.46182, 6.10583, 6.53594, 6.30922, 6.37711, 7.17421, 7.25011, 7.60698, 7.53664, 8.06872, 7.97732, 8.19663, 8.14793, 7.99643, 7.41101, 7.04254, 6.84258, 6.80578, 6.9678, 6.67325, 6.29148, 5.71987, 5.73671, 5.33057, 5.90565, 5.9575, 5.53266, 5.86277, 5.89714, 5.55558, 5.36433, 4.89879, 5.0375, 6.89143, 7.89928, 9.55204
10, 9.14099, 7.90493, 7.10351, 5.59242, 5.25393, 3.99702, 4.25118, 4.30661, 5.01366, 5.99165, 6.45663, 7.00677, 7.00286, 7.27068, 7.05311, 7.44099, 7.72979, 7.66178, 8.00626, 7.67913, 7.1719, 6.9636, 6.33607, 6.75611, 7.01152, 6.67706, 6.33976, 5.68433, 5.72863, 5.48352, 5.93772, 6.03054, 5.8828, 5.61559, 5.84766, 5.77731, 5.38576, 5.06137, 5.06175, 6.74961, 8.30295, 9.74587
10, 9.34954, 8.11989, 6.983, 5.77729, 5.05235, 3.98952, 5.02166, 5.5588, 6.44751, 6.75511, 6.54943, 6.99438, 7.05568, 7.46836, 7.33485, 7.92465, 7.97754, 8.55137, 8.38582, 8.03122, 7.66115, 7.15281, 6.87658, 6.62703, 6.63475, 6.44536, 6.85321, 7.10969, 7.00045, 6.62741, 6.35988, 5.90198, 5.6583, 6.12275, 6.19244, 6.06893, 5.39298, 5.77249, 5.83855, 5.49087, 5.17467, 6.87459, 8.32681, 9.58527, 9.80174
10, 9.9123, 9.26725, 8.43817, 7.47043, 5.87623, 5.21302, 4.00479, 4.06682, 4.48094, 5.34118, 6.02593, 6.63142, 6.91349, 6.79799, 7.14198, 7.13906, 7.55532, 7.73255, 8.54623, 8.43664, 7.58977, 7.37362, 6.7896, 6.40148, 6.23332, 6.42456, 6.35112, 6.70261, 6.96858, 6.55227, 6.25504, 5.61089, 5.7262, 5.93254, 6.15739, 6.21852, 6.0031, 5.72443, 5.99049, 5.89277, 5.28895, 7.5387, 9.04818, 9.86192
9.87498, 10, 8.93466, 8.36856, 6.50677, 6.56455, 5.68034, 5.35235, 4.94255, 4.09313, 4.06832, 3.90532, 4.81612, 5.13061, 5.70817, 6.08164, 6.58795, 6.60151, 6.89714, 7.08286, 6.96512, 7.3755, 7.60688, 8.05711, 8.31251, 8.90976, 8.64974, 8.07842, 7.80896, 7.49487, 6.99407, 6.82581, 6.31408, 6.68784, 7.03637, 6.56003, 5.89519, 5.63596, 6.35312, 6.00241, 6.02653, 5.74854, 5.95431, 5.98014, 5.77183, 5.41592, 5.12384, 5.05205, 7.3758, 9.05422
10, 9.21575, 7.98107, 7.04941, 5.5668, 5.29539, 4.10959, 4.60359, 5.32715, 5.78915, 6.66558, 6.58126, 7.2949, 7.44239, 7.76862, 8.23938, 8.06831, 7.88199, 7.06915, 6.8425, 6.51125, 6.94345, 6.77045, 6.54806, 5.77441, 5.65148, 5.40946, 6.10722, 6.23662, 5.72473, 5.98498, 5.82948, 5.42537, 5.16467, 5.2248, 6.96804, 8.20056, 9.44979, 9.69429
10, 9.92077, 9.39095, 8.71009, 6.97338, 6.8995, 6.12067, 6.03792, 5.76428, 5.42116, 4.8381, 4.76757, 4.93778, 5.6006, 5.72568, 5.87331, 6.45112, 6.79148, 6.84791, 7.1773, 7.02185, 7.45824, 7.68954, 7.51267, 7.85779, 7.76974, 8.13206, 8.0092, 8.13566, 8.01722, 7.6115, 7.05132, 6.41479, 6.64542, 6.90703, 7.13136, 7.16292, 6.8502, 6.67142, 6.42317, 6.07944, 5.74392, 5.36168, 5.90904, 5.91595, 5.475, 6.15386, 5.90582, 5.56832, 5.20273, 4.32918, 3.8273, 4.02923, 5.01685, 6.13452, 6.9809, 7.94305, 8.96828, 9.49569
10, 9.4701, 9.24409, 8.87266, 8.41006, 7.56828, 6.96508, 6.274, 5.08806, 4.54365, 4.34812, 4.24696, 4.62736, 5.18149, 6.17758, 6.13482, 6.43663, 7.14945, 7.65277, 8.03518, 8.09665, 7.94341, 7.15055, 6.8856, 6.54424, 6.70882, 6.82411, 6.77175, 6.54372, 6.08864, 5.24888, 5.7781, 5.94802, 5.25175, 5.68927, 5.50829, 4.99941, 5.07191, 4.85899, 5.0705, 7.16494, 7.72224, 9.33212
10, 9.1348, 8.06715, 5.841, 5.13391, 4.4671, 4.45568, 4.25771, 5.58467, 6.11713, 6.90925, 7.57984, 7.8262, 7.98689, 8.07561, 7.62263, 6.74059, 6.50766, 6.82667, 6.74938, 6.51908, 6.06636, 5.64057, 5.13505, 5.57475, 5.9309, 5.30189, 5.59227, 5.57286, 4.77032, 5.11811, 7.05386, 8.08363, 9.38052
10, 9.96679, 9.31829, 8.62123, 7.55059, 5.10094, 4.23569, 4.71488, 5.0636, 5.81172, 5.87711, 6.33845, 6.66586, 7.12393, 7.07955, 7.9673, 8.13889, 7.15011, 6.66187, 6.80997, 6.88954, 6.79569, 6.59217, 5.71908, 5.64826, 5.14302, 5.77761, 5.82941, 5.17071, 5.46441, 5.3748, 5.63475, 5.5557, 5.34373, 4.65787, 4.8478, 5.18306, 7.17281, 8.39927, 9.44134
10, 9.88625, 8.94396, 8.11502, 7.02231, 5.58932, 5.36, 4.2202, 4.1239, 4.24228, 4.62006, 5.97804, 6.2144, 6.36416, 6.65891, 6.42084, 7.0163, 7.01933, 7.34273, 7.72818, 8.09011, 7.90955, 7.61392, 7.44549, 6.86418, 6.64872, 6.90707, 7.11566, 7.09747, 6.73993, 6.12238, 6.02409, 5.89757, 5.55687, 5.91915, 5.55538, 5.28494, 5.21508, 5.57902, 5.78816, 5.21579, 4.54095, 4.47789, 4.72537, 7.35431, 8.10188, 9.72225
9.96985, 10, 9.17562, 8.54906, 7.06921, 5.4148, 5.1152, 4.46846, 4.47042, 3.96037, 4.12561, 5.22398, 6.37911, 6.83055, 6.70049, 7.03675, 6.86693, 7.22259, 7.6534, 7.80707, 8.18221, 8.01275, 7.64901, 7.35801, 6.99806, 6.79568, 7.11028, 7.26875, 7.18051, 6.03513, 5.61842, 5.95683, 5.61621, 5.26738, 5.62956, 5.91164, 5.24605, 4.79325, 4.54479, 7.91002, 9.23536, 9.75828
10, 9.42697, 8.15781, 7.10826, 5.52005, 5.31762, 4.47534, 4.0434, 3.74735, 3.75709, 4.06369, 4.65834, 5.61129, 5.9926, 5.94715, 6.56354, 6.95894, 6.93716, 7.6614, 7.95413, 7.89017, 7.675, 7.20085, 6.72938, 6.74999, 6.40236, 6.74988, 6.89076, 6.76457, 6.07531, 5.77519, 5.40909, 5.66881, 5.60429, 5.22231, 5.70214, 5.41489, 4.58332, 4.73399, 5.61754, 7.45331, 9.11639, 9.56356
10, 9.25556, 8.68975, 7.30321, 6.61008, 5.94833, 4.96933, 4.01248, 4.45336, 4.67862, 5.62478, 5.57185, 5.99961, 6.63488, 6.55651, 7.33679, 7.38922, 7.9385, 7.99621, 7.60297, 7.0274, 6.76866, 6.75814, 6.89978, 6.83976, 5.83645, 5.83589, 5.33015, 5.56627, 5.57986, 5.43428, 5.02934, 5.30417, 5.37986, 5.25884, 4.58564, 4.58967, 4.37357, 4.56133, 6.89374, 8.09753, 9.32644
10, 9.35129, 8.38518, 6.8439, 5.05435, 3.94375, 4.31392, 4.55647, 5.9025, 6.55417, 6.70369, 6.54808, 6.76439, 7.11264, 7.54094, 8.16926, 8.07296, 7.66612, 7.22505, 6.75186, 6.47505, 6.73722, 7.09346, 7.02389, 6.75229, 6.06714, 6.0067, 5.5564, 5.81802, 5.48767, 5.04374, 5.53768, 5.54321, 5.12818, 4.7719, 4.50538, 4.15275, 4.19255, 4.84984, 6.66806, 7.97735, 9.49621, 9.72494
9.93694, 10, 7.60457, 5.72984, 4.92709, 3.92199, 4.5793, 5.13204, 5.89334, 5.98314, 6.5391, 6.91357, 6.73161, 6.98099, 6.91937, 7.13333, 7.1701, 7.4376, 7.63583, 7.45558, 6.78677, 6.74627, 7.15255, 7.23749, 7.10905, 6.61937, 6.33467, 6.09742, 5.83684, 5.69571, 5.01987, 5.45088, 5.63751, 5.24915, 4.02882, 4.89621, 6.37725, 7.96347, 9.59522
10, 9.33953, 8.29346, 6.54855, 5.04285, 4.17109, 4.62558, 5.22405, 5.77319, 6.40126, 6.51918, 6.43795, 6.97854, 7.28396, 7.30134, 7.73588, 7.64753, 8.0037, 7.90843, 6.75523, 6.47727, 6.83978, 6.94239, 6.9428, 6.60651, 6.17603, 5.85246, 5.47843, 5.79988, 5.57378, 5.29416, 5.23953, 5.4581, 5.34714, 5.60906, 5.59285, 4.98358, 4.51779, 4.48586, 4.80788, 7.17965, 8.21839, 9.78635
10, 9.88384, 9.1216, 8.28486, 7.29106, 6.10041, 5.756, 5.36401, 4.85423, 4.48138, 5.24667, 6.02701, 6.84053, 6.70238, 6.89078, 6.90652, 7.1175, 7.13667, 7.41582, 7.45897, 7.31678, 7.5557, 8.08608, 7.8141, 8.55458, 8.53514, 7.77112, 7.78149, 6.97842, 6.49825, 6.43709, 6.26472, 6.2499, 6.73833, 7.03957, 7.03283, 6.81711, 6.65743, 5.83694, 5.91587, 5.49489, 6.0364, 5.92589, 5.69614, 6.17698, 5.55487, 3.91475, 3.96634, 3.81746, 4.00957, 5.12976, 6.03207, 7.38811, 8.42057, 9.56263
10, 9.47924, 8.48899, 7.11394, 5.75961, 4.72333, 4.10655, 3.82606, 4.15475, 4.7355, 5.94594, 5.84863, 6.39596, 6.53455, 7.16327, 7.18072, 7.635, 7.66691, 7.40857, 7.10051, 6.6486, 6.52391, 6.81086, 6.97496, 6.64507, 5.78249, 5.76823, 5.17931, 5.72118, 4.89913, 5.3469, 5.39433, 4.89763, 4.26418, 4.29483, 3.88833, 4.02211, 4.633, 7.51777, 9.22789
10, 9.94003, 9.31072, 8.53621, 6.91529, 4.66014, 3.74112, 4.31999, 4.75206, 5.73501, 5.8412, 6.23876, 6.53234, 6.77322, 7.22284, 7.53578, 7.73211, 7.63759, 7.32346, 7.01351, 6.65981, 6.57067, 6.28429, 6.46367, 6.79076, 6.99006, 6.66247, 5.93284, 5.88808, 5.3102, 5.57645, 5.52275, 5.08687, 5.13548, 4.97932, 5.23834, 5.30857, 5.09908, 4.05232, 4.18254, 5.41129, 7.14312, 8.97336, 9.66425
9.95095, 10, 9.46191, 8.32524, 7.23073, 4.29785, 4.09749, 4.27973, 5.05832, 5.66964, 5.85596, 5.92564, 6.93796, 6.7686, 7.34749, 7.23828, 7.72295, 7.70991, 7.27678, 6.82839, 6.8198, 6.45343, 6.28251, 6.48736, 6.77181, 6.83288, 6.64825, 6.35953, 5.96486, 5.79543, 5.21203, 5.50107, 5.4252, 4.90726, 5.32818, 5.0276, 4.6848, 4.45943, 4.06609, 4.19562, 6.2902, 6.98777, 8.2363, 9.31912
10, 9.9307, 9.09567, 7.97945, 5.42873, 4.76819, 3.98759, 4.60973, 5.21527, 5.46991, 6.38955, 6.70577, 7.46763, 7.45856, 7.73896, 7.68564, 6.8094, 6.59073, 6.41823, 6.62532, 6.89383, 6.93919, 6.71031, 6.48625, 6.05904, 5.78684, 5.25172, 5.54204, 5.44814, 4.99426, 5.41469, 5.32751, 5.13336, 4.84572, 4.57484, 4.22407, 4.32169, 5.77595, 6.94731, 7.8967, 9.3513
10, 9.91481, 9.18646, 8.15182, 6.93182, 6.72958, 5.78964, 5.37828, 4.03887, 4.63266, 5.20035, 5.44607, 5.87926, 6.21287, 6.23205, 6.44371, 6.33659, 6.73268, 6.94889, 7.60714, 7.37294, 7.64808, 7.71841, 7.63438, 7.39275, 7.24125, 6.77239, 6.60388, 6.42315, 6.73355, 6.91933, 6.98943, 6.77191, 6.16675, 5.91162, 5.35093, 5.65531, 5.46903, 5.1062, 5.47696, 5.25152, 4.95319, 4.64176, 4.29174, 4.35681, 7.1852, 8.12218, 9.57689
10, 9.97519, 9.47706, 7.84497, 7.02221, 5.13404, 4.81694, 4.49117, 4.05811, 3.95765, 4.48414, 4.92274, 5.68391, 5.98018, 6.26506, 7.71673, 7.85775, 7.86391, 7.6342, 7.31394, 6.47828, 6.48163, 6.40475, 6.73144, 6.9346, 6.81471, 5.96011, 5.83387, 5.6318, 5.09757, 5.48832, 5.62443, 4.8129, 5.24562, 5.06172, 4.21667, 4.50476, 5.20918, 6.63174, 7.70058, 9.3075
10, 9.42687, 9.17663, 8.95626, 7.63434, 7.11172, 5.98434, 5.4193, 4.62804, 4.83724, 4.94514, 6.21997, 6.68628, 7.7669, 8.36601, 8.34459, 9.2857, 9.32286, 8.98245, 8.57088, 8.07248, 6.8762, 6.28624, 6.876, 6.87739, 6.84155, 6.63979, 5.89626, 6.18456, 6.00102, 6.92789, 7.0453, 7.33936, 6.95171, 5.51513, 5.08689, 4.7615, 4.81085, 4.33421, 4.42767, 4.15544, 4.4615, 5.43576, 6.45878, 7.55209, 8.71941, 9.4123
10, 9.14061, 7.82519, 6.75467, 4.6142, 4.11709, 4.07885, 3.95886, 5.68705, 6.27806, 6.12046, 6.29171, 6.60662, 7.25706, 7.64712, 8.12961, 8.24656, 8.12524, 7.79829, 7.01994, 6.79714, 6.82146, 6.69654, 5.90963, 5.49703, 5.6053, 5.05524, 5.45224, 5.50571, 5.11251, 5.72502, 6.07584, 6.22328, 6.10542, 5.33859, 4.77191, 4.30272, 4.73648, 6.91925, 7.95646, 9.38159
10, 9.5108, 9.39285, 9.15692, 7.97239, 7.14887, 6.39041, 5.64611, 5.19456, 4.87006, 4.23771, 3.8595, 3.96551, 3.8231, 5.74749, 5.93749, 5.81525, 6.11973, 7.20693, 7.62287, 7.9698, 7.95658, 7.81481, 7.49326, 6.63902, 6.52399, 6.86075, 6.69732, 6.41857, 6.02486, 5.88309, 5.47287, 5.12075, 5.41544, 5.3119, 5.56995, 4.70458, 5.19371, 5.30331, 5.04223, 4.71423, 4.44952, 4.77276, 5.49169, 6.78108, 8.16145, 9.37792
10, 9.39272, 7.14104, 6.4856, 5.72909, 4.96862, 3.72272, 4.04863, 3.89839, 5.50094, 5.93013, 6.00265, 5.83415, 6.27477, 6.42053, 6.65115, 7.75377, 7.79811, 7.47422, 6.61531, 6.38113, 6.81053, 6.90542, 6.83351, 6.68268, 5.69348, 5.70613, 5.03266, 5.31348, 5.35458, 4.70279, 5.19218, 5.13133, 4.87155, 4.5434, 4.10839, 4.41804, 5.51068, 6.43314, 6.63149, 7.72387, 8.94841, 9.47747
10, 9.97727, 9.48971, 8.53235, 7.02938, 6.14821, 5.96104, 5.90645, 5.51581, 5.10855, 4.76982, 4.43844, 4.81185, 5.28823, 5.67617, 6.02432, 7.11434, 7.297, 7.1474, 8.01175, 7.76319, 8.53652, 8.51709, 7.91818, 7.35799, 6.84468, 6.67635, 6.67344, 6.38591, 6.43328, 7.01204, 7.11122, 6.97835, 6.82411, 6.69375, 6.48049, 5.89732, 5.82962, 5.5071, 6.0843, 5.72239, 5.82361, 5.71417, 5.84594, 6.29164, 6.38526, 6.07413, 5.84613, 5.31962, 5.06884, 4.59205, 4.19861, 4.24064, 3.84356, 3.98389, 4.3687, 5.23356, 6.09454, 7.26371, 8.02082, 9.57229
10, 9.98173, 9.22831, 8.24812, 7.04004, 5.832, 4.92702, 4.63673, 4.46566, 5.37722, 5.81956, 5.90784, 7.49853, 7.85013, 7.97205, 6.56713, 6.58659, 6.75748, 6.6261, 6.93312, 6.832, 5.58289, 5.06265, 5.27942, 5.29168, 4.71497, 5.12522, 5.26379, 5.14843, 4.53524, 4.32184, 4.68086, 6.90798, 8.57198, 9.24513
10, 9.46394, 7.87205, 6.09783, 5.06861, 4.43907, 4.17568, 4.19233, 3.83942, 5.08895, 5.42882, 6.46145, 5.953, 6.25155, 6.19236, 7.24946, 7.45487, 8.23435, 8.33151, 7.14972, 6.47623, 6.3455, 6.36929, 6.61325, 6.53224, 5.59555, 5.73834, 5.55628, 5.26271, 5.04392, 5.39901, 5.2694, 4.80002, 5.2625, 5.18097, 5.35214, 5.34258, 5.07402, 4.73669, 4.28457, 4.59728, 7.47307, 9.2965
10, 9.29081, 7.16564, 4.92616, 4.36786, 4.72637, 4.58461, 5.61121, 6.86644, 6.81392, 7.08392, 7.33476, 7.8276, 7.92393, 6.62547, 6.79885, 6.64263, 5.86593, 5.84705, 5.02257, 5.29166, 5.27843, 4.73429, 4.98117, 4.95211, 4.81106, 4.51243, 4.61427, 4.05974, 4.33882, 7.62662, 8.19555, 9.22907
10, 9.96755, 9.37045, 8.53774, 7.2774, 6.85754, 5.06433, 4.61712, 4.75471, 4.61722, 5.54323, 6.00599, 6.27086, 6.25071, 7.50119, 7.91179, 7.71833, 7.02246, 6.70296, 6.81335, 6.59123, 6.29993, 5.68865, 5.14112, 5.35925, 5.33828, 4.66976, 5.00591, 4.89591, 4.27091, 4.35584, 4.06452, 4.33963, 7.22535, 8.82374, 9.43398
10, 9.16808, 7.38656, 4.80737, 4.54391, 4.88172, 4.83473, 5.7059, 5.41353, 6.12568, 6.11999, 7.8019, 7.9173, 7.55191, 6.82781, 6.7307, 6.82879, 6.56105, 5.8022, 5.72006, 5.20295, 5.43529, 5.41228, 4.56547, 5.08234, 4.91586, 4.12547, 4.43709, 7.05485, 7.93184, 9.43411
10, 9.31098, 6.71787, 5.28609, 4.73883, 5.07437, 4.74396, 5.75518, 5.70216, 6.78535, 6.79872, 7.6471, 7.81773, 7.11553, 6.82914, 6.59132, 6.86734, 6.70764, 5.84784, 5.79014, 5.01396, 5.36355, 5.4489, 4.42692, 5.04377, 4.86028, 4.68137, 4.03014, 4.36233, 6.27482, 7.42172, 9.15393
10, 9.14157, 7.74395, 5.08305, 4.77996, 4.584, 5.6309, 5.87414, 6.24786, 6.2745, 7.71772, 8.06388, 7.38136, 6.84081, 6.69424, 6.69152, 6.60334, 5.85871, 5.71449, 5.41799, 4.95364, 5.3125, 5.4111, 4.56338, 5.13902, 5.022, 4.47953, 4.59333, 4.11397, 4.33366, 7.13105, 9.18389
10, 8.97871, 7.76187, 5.28454, 4.79344, 4.84072, 5.00917, 4.89681, 5.68477, 6.3094, 6.23979, 7.33827, 7.93991, 8.01801, 7.25115, 6.74195, 6.78663, 6.6421, 6.01524, 5.50271, 5.04655, 5.49447, 4.73591, 5.18575, 4.83632, 4.04248, 4.42015, 6.53157, 7.80487, 9.21083
10, 9.94272, 9.12436, 8.43557, 7.79774, 7.51282, 4.95938, 4.72885, 4.78988, 4.8154, 5.88216, 6.03975, 5.83336, 7.86831, 8.04225, 7.28185, 6.94082, 6.69503, 6.78874, 6.64661, 6.0523, 5.7994, 5.09221, 5.43533, 5.4328, 4.81841, 5.34043, 5.2838, 4.67177, 4.83235, 7.28717, 9.35615
10, 9.18736, 9.07391, 8.22861, 6.65261, 4.81967, 4.51297, 4.40484, 5.73539, 6.25886, 6.46587, 6.28243, 7.06006, 6.99547, 7.51159, 8.0784, 8.10854, 7.64107, 6.54591, 6.6283, 6.64129, 6.48846, 5.71742, 5.72954, 5.49299, 4.96047, 5.38609, 5.40054, 4.96402, 4.95265, 5.38964, 5.10291, 4.59898, 4.71198, 7.52305, 9.51632
10, 9.94564, 9.11809, 8.56523, 7.09555, 6.90562, 6.58597, 6.34006, 5.95537, 6.04984, 5.77834, 5.42743, 4.84024, 4.68849, 4.77195, 5.42846, 6.41605, 7.20326, 7.3802, 7.38683, 7.14578, 7.36357, 7.15399, 7.9126, 7.8183, 8.23448, 7.84679, 8.42243, 8.37881, 8.11971, 7.47428, 7.18982, 6.93102, 6.71146, 6.25371, 6.32265, 6.1808, 6.31974, 6.31467, 6.97787, 7.12709, 6.93988, 6.7725, 6.13663, 5.61168, 6.17598, 6.19566, 5.75881, 6.07969, 6.37556, 5.93489, 5.2148, 4.66568, 4.61949, 3.98709, 4.03212, 3.84243, 4.02079, 4.51733, 5.12188, 6.38677, 7.15196, 7.76617, 9.05782, 9.57534
10, 9.2499, 9.14408, 7.47114, 4.98648, 4.39089, 3.98572, 4.72015, 5.08982, 5.87529, 6.38157, 6.25973, 7.06607, 7.06338, 7.73807, 7.85284, 7.74645, 7.39588, 6.44123, 6.563, 6.70783, 6.62665, 5.73854, 5.79061, 5.14819, 5.44766, 5.46676, 4.68162, 5.21143, 5.67611, 5.52588, 4.55496, 4.80539, 7.14582, 9.01914
10, 9.13519, 8.04777, 6.49955, 4.68061, 4.25069, 4.21022, 4.5403, 5.2835, 5.41026, 6.27396, 6.08714, 6.39321, 7.49036, 7.40317, 7.8804, 7.92669, 6.79991, 6.79071, 6.60048, 6.03091, 5.80211, 5.07964, 5.3636, 5.45633, 5.02441, 5.12123, 4.95306, 5.30325, 5.55287, 5.25863, 4.64193, 4.77247, 5.65631, 7.49504, 9.47225
10, 9.29404, 7.76939, 7.14271, 5.59122, 5.35888, 4.97475, 4.48856, 4.33159, 4.14039, 4.09552, 4.58271, 5.24058, 5.97021, 5.97905, 6.36851, 6.40931, 7.3138, 7.20455, 7.4835, 7.44383, 7.8394, 7.71499, 7.58679, 7.10671, 6.712, 6.56341, 6.65492, 6.73597, 6.68227, 5.74034, 5.70546, 5.24319, 5.52799, 5.65461, 5.20412, 5.65396, 5.68375, 5.54005, 4.76484, 4.95841, 7.54935, 9.22454
10, 9.94734, 9.2881, 8.28183, 7.45449, 5.48255, 5.43473, 4.77578, 4.01173, 4.47061, 4.87971, 5.15383, 5.59621, 6.22544, 6.24176, 6.73125, 6.77075, 7.5643, 7.42603, 7.71758, 7.89726, 7.91405, 7.68753, 7.756, 7.50956, 7.04935, 6.63008, 6.51734, 6.5002, 6.69893, 6.846, 6.78992, 6.48492, 5.76811, 5.75362, 5.51491, 5.17932, 5.60628, 5.84875, 5.26571, 5.72615, 5.85137, 5.47438, 5.05989, 4.45757, 4.64117, 5.4898, 6.33226, 7.77871, 8.71441, 9.17062
10, 9.9489, 9.30342, 7.75974, 5.56885, 5.00809, 4.55395, 4.2677, 4.12623, 3.96525, 4.54338, 5.3143, 6.78216, 7.55135, 7.53275, 7.92333, 7.96087, 7.67596, 7.6707, 6.85003, 6.61826, 6.81565, 6.83091, 6.53708, 5.86464, 5.6698, 5.18596, 5.62919, 5.72726, 5.52533, 5.60318, 5.38701, 5.93461, 5.49471, 4.48446, 4.63937, 6.44297, 7.7148, 9.45425
10, 9.95132, 9.42936, 8.31394, 7.37928, 4.59557, 4.1722, 3.92426, 4.5112, 5.05422, 6.39359, 6.40354, 6.1012, 6.92938, 6.97105, 7.34688, 7.58811, 7.49992, 7.73146, 7.58737, 8.10773, 8.14579, 7.48929, 7.18187, 6.79824, 6.58715, 6.59513, 6.8848, 6.91299, 6.62941, 6.05785, 5.61018, 5.29522, 5.6552, 5.67762, 5.3154, 5.71057, 5.9557, 5.85442, 5.29617, 4.65895, 4.80696, 7.4911, 9.29382, 9.64273
10, 9.94729, 9.27595, 8.26821, 6.79033, 4.80871, 4.23648, 3.96432, 4.34487, 5.2769, 5.89875, 6.07742, 6.60648, 7.01482, 6.99979, 7.64913, 7.48208, 7.94514, 7.90618, 7.65261, 7.11257, 6.75582, 6.70648, 6.38689, 6.62346, 6.77171, 6.61462, 5.7353, 5.77564, 5.57034, 5.12028, 5.50137, 5.50904, 4.75852, 5.40705, 5.53977, 5.40759, 5.59626, 5.51334, 4.42605, 4.62016, 6.24481, 8.24135, 9.25469
10, 9.03488, 8.33441, 7.70489, 4.64386, 4.2772, 3.87555, 4.35066, 5.2411, 5.955, 5.94683, 6.32481, 6.30142, 7.10702, 7.10236, 7.95007, 7.89124, 6.74961, 6.41781, 6.626, 6.74388, 6.59198, 5.73708, 5.76837, 5.0955, 5.488, 5.53026, 5.21912, 5.56849, 5.44324, 4.49401, 4.7109, 6.56029, 7.8389, 9.4433
10, 9.05627, 7.88394, 5.8602, 5.53466, 5.09077, 4.76765, 4.37687, 4.66, 5.93805, 6.162, 6.4781, 6.96402, 7.16742, 7.93755, 7.66821, 7.0398, 6.63783, 6.56265, 6.73839, 6.61159, 6.00403, 5.69346, 4.98788, 5.39617, 5.28602, 4.67065, 5.00057, 5.38687, 5.46856, 5.33335, 4.51148, 4.75673, 6.49795, 7.35134, 9.26895
10, 9.11059, 8.40866, 7.50486, 5.94383, 5.60672, 5.15555, 4.79536, 4.64234, 4.37366, 6.01822, 6.06793, 6.40756, 6.45034, 6.91559, 7.8642, 7.86797, 6.68931, 6.76203, 6.82221, 6.65942, 5.97742, 5.71725, 5.09315, 5.41634, 4.68928, 5.30889, 5.19499, 5.01952, 4.6095, 4.70463, 4.51825, 4.72358, 6.8582, 8.40805, 9.42844
10, 9.79815, 7.36824, 6.13384, 6.02618, 5.79036, 4.68178, 5.18584, 5.69132, 6.25388, 6.80922, 6.97853, 7.26184, 7.23673, 7.74383, 7.61435, 8.17356, 8.07913, 7.42482, 6.78602, 6.54625, 7.21259, 7.41862, 7.39902, 6.77706, 6.34404, 5.82465, 5.70029, 5.54299, 5.77317, 5.36473, 5.62994, 5.53565, 5.15949, 4.34022, 4.32683, 3.65355, 3.90852, 4.94585, 6.33362, 7.90893, 9.73096
10, 9.88911, 9.03097, 8.18895, 7.59085, 6.48158, 6.12249, 5.85424, 5.92433, 5.25348, 4.91197, 4.70815, 4.48127, 4.62069, 5.62495, 6.07962, 6.28527, 6.73003, 7.04411, 7.27428, 7.18787, 7.40869, 7.72185, 7.61194, 8.17708, 8.32283, 8.05603, 7.66, 7.67598, 7.49397, 6.92, 6.46371, 6.3999, 6.95327, 7.2243, 7.18527, 6.91605, 6.41847, 5.87497, 5.94771, 5.80849, 5.56708, 6.10443, 6.11941, 5.86347, 5.96976, 5.73542, 5.75321, 6.20005, 6.37917, 6.13931, 5.89779, 5.71824, 5.50244, 5.02996, 3.75577, 3.93536, 4.32326, 5.06925, 6.37622, 7.29654, 7.92751, 9.04109, 9.61528
10, 9.92643, 9.06463, 8.3259, 5.90544, 5.68552, 5.22462, 4.54128, 6.16787, 5.97384, 7.21816, 7.23531, 7.99604, 8.02699, 7.73102, 7.11841, 6.83456, 6.7309, 6.57248, 5.75504, 5.79435, 5.44709, 5.00145, 5.42764, 5.29471, 4.48468, 4.96004, 5.28789, 4.92018, 4.45109, 4.62727, 6.64154, 7.74446, 9.40222
10, 8.87582, 7.92704, 5.13764, 4.52268, 4.86245, 5.87927, 6.04392, 5.87999, 6.34316, 6.76162, 7.7355, 7.88075, 6.754, 6.80782, 6.5624, 5.7882, 5.65175, 5.04738, 5.39995, 5.37504, 4.54971, 5.25533, 4.93466, 4.39998, 4.61271, 4.89892, 6.96049, 7.91459, 9.60405
10, 9.91951, 8.97815, 8.50964, 6.45806, 5.77523, 5.78051, 5.25009, 4.58659, 5.73692, 6.20586, 6.77911, 7.70796, 8.01789, 8.05834, 7.02769, 6.90041, 6.85549, 6.57584, 5.65249, 5.54835, 5.02219, 5.42593, 5.38647, 4.4007, 5.01064, 5.24408, 5.12301, 4.49042, 4.66697, 6.97761, 7.97507, 9.35123
10, 9.91034, 6.38508, 6.08187, 5.30838, 5.14618, 6.06533, 6.06651, 5.72837, 6.59511, 8.19447, 8.23638, 7.06795, 7.04112, 6.78661, 6.01158, 5.97431, 5.21201, 5.6915, 4.79213, 5.43968, 5.27854, 5.10693, 4.59049, 4.77613, 5.09785, 8.3207, 9.57402
10, 8.95624, 7.88159, 6.29889, 5.14979, 4.47821, 5.72734, 5.55164, 5.21629, 5.62038, 5.86818, 6.0586, 6.74948, 6.76049, 7.52898, 7.74463, 7.29383, 7.03933, 6.87781, 6.48401, 5.86025, 5.60237, 4.93341, 5.3581, 4.47367, 4.9747, 4.72436, 4.34556, 4.63884, 7.64483, 7.73115, 8.4788, 9.56809
10, 6.19007, 5.88251, 5.77019, 6.13811, 5.94899, 7.29016, 7.74394, 7.98174, 7.60143, 7.12719, 7.11685, 6.68666, 6.02153, 5.71607, 5.27042, 5.65476, 4.56258, 5.2664, 5.15073, 4.61482, 4.88167, 6.01457, 7.9553, 9.45747
10, 9.14261, 8.50748, 6.41573, 5.70939, 5.79224, 5.55747, 5.82487, 5.55722, 6.62377, 6.65649, 7.80939, 7.85375, 7.22602, 7.09578, 6.95987, 6.66973, 5.74332, 5.70469, 5.11247, 5.41526, 5.3062, 4.54335, 5.1759, 5.01865, 4.43807, 4.62561, 4.94962, 6.27842, 8.18963, 9.35553
10, 9.91733, 9.10363, 8.02434, 6.23416, 5.84975, 5.33874, 5.0582, 5.70402, 5.79032, 5.41738, 5.88111, 7.64419, 7.90793, 7.42043, 7.11288, 7.04377, 6.7714, 5.97972, 5.82953, 5.11014, 5.46084, 5.5198, 4.61226, 5.29709, 5.0944, 4.61992, 4.89228, 7.85613, 9.44383
10, 9.20594, 8.13248, 7.99209, 5.63514, 5.63709, 5.2014, 4.91198, 5.03465, 5.49979, 5.74233, 5.66152, 6.13982, 6.40703, 6.30851, 7.62985, 7.78577, 6.99395, 6.95392, 6.65118, 5.78981, 5.68902, 4.89421, 5.50537, 4.57874, 5.14773, 4.95998, 4.18736, 4.5541, 6.81554, 8.39946, 9.17579
10, 9.18591, 7.79081, 5.47627, 5.53705, 5.20878, 4.81218, 5.22431, 5.04103, 5.91439, 6.59386, 6.577, 7.86365, 7.88369, 7.02999, 6.93851, 6.72622, 5.77069, 5.70972, 5.00891, 5.43518, 5.40079, 4.57049, 5.21205, 5.11993, 4.201, 4.48326, 7.64484, 9.36438
10, 9.4842, 8.84106, 8.65989, 6.99664, 6.16379, 6.12391, 5.92617, 5.34058, 4.95384, 4.5315, 5.30479, 6.07808, 7.07388, 6.84953, 6.85817, 7.06639, 7.32079, 7.69492, 7.8479, 8.47454, 8.26171, 7.87423, 7.68483, 7.8226, 7.74078, 8.02157, 7.93174, 7.6679, 6.80101, 6.371, 6.34801, 6.7657, 7.12481, 7.24561, 6.91154, 6.69082, 5.828, 5.84065, 5.56701, 6.09287, 6.02802, 5.85758, 5.98512, 5.82994, 6.4032, 6.18925, 5.91021, 5.84307, 5.41354, 5.31678, 4.96484, 4.22415, 3.93379, 4.12836, 5.08895, 6.10959, 7.39781, 8.93755, 9.79939
10, 9.22306, 7.23402, 5.83119, 5.61006, 5.15482, 4.8918, 5.14204, 4.94656, 6.14683, 5.8339, 6.1147, 5.93241, 7.98048, 8.0241, 6.97488, 6.87093, 6.64181, 6.89919, 6.59656, 5.81456, 5.74471, 5.06141, 5.41518, 4.45932, 5.26948, 5.05463, 4.83365, 4.59842, 4.83764, 7.95269, 9.38973
10, 9.92744, 9.21638, 7.46831, 5.94114, 5.5608, 6.03188, 6.33575, 6.07123, 6.11768, 7.74325, 7.96673, 7.03554, 6.82062, 6.81794, 6.58192, 6.02461, 5.83016, 5.508, 5.07018, 5.06045, 5.5615, 4.6271, 5.32303, 5.24308, 5.06177, 4.42436, 4.70781, 7.50824, 9.50999
10, 9.9267, 9.06352, 8.32272, 7.37234, 5.9021, 5.54828, 5.10498, 4.66492, 6.06948, 7.35235, 8.05171, 8.08257, 7.60626, 7.15191, 6.7048, 6.76977, 6.86481, 6.57182, 5.87975, 5.67061, 5.10566, 5.43267, 5.42249, 4.67075, 5.30246, 5.10312, 4.61281, 4.84128, 7.34215, 9.53471
10, 9.00265, 7.23166, 5.81014, 5.57671, 4.5729, 6.05884, 6.30601, 6.17777, 6.76462, 7.82323, 7.88948, 6.75774, 6.63737, 6.78116, 6.6695, 5.78914, 5.63266, 4.96944, 5.39795, 4.81291, 5.21687, 5.08018, 4.50664, 4.71468, 7.65054, 9.5547
10, 9.32881, 8.36007, 8.25582, 5.94473, 5.84448, 4.93171, 5.27698, 5.91966, 6.04136, 6.54829, 7.09289, 7.17018, 7.95933, 7.81312, 6.7477, 6.77761, 6.90259, 6.75161, 6.00173, 5.87173, 5.18581, 5.47026, 5.46338, 5.001, 5.18422, 4.99396, 5.50455, 5.42076, 4.71529, 4.83891, 6.67851, 7.8127, 9.40073
10, 9.89846, 9.29595, 8.68804, 7.48357, 5.70799, 5.32402, 4.65342, 3.94467, 4.10166, 4.32234, 4.87743, 5.27105, 5.76622, 6.36742, 6.37698, 6.74408, 7.25856, 7.16964, 7.5811, 7.86527, 8.05888, 8.0387, 7.30161, 6.69336, 6.64045, 6.78886, 6.6802, 5.87966, 5.83258, 5.68047, 5.15496, 5.39689, 5.42913, 4.97837, 5.47692, 5.33421, 4.76395, 4.83327, 7.34817, 9.20013, 9.68625
10, 9.02795, 8.19769, 7.54696, 5.63591, 4.73903, 4.31232, 4.20555, 4.494, 5.14053, 5.71579, 6.56787, 7.62277, 7.75089, 7.81013, 7.67637, 7.27387, 6.80774, 6.46174, 6.4745, 6.73541, 6.59174, 5.6444, 5.67281, 5.49364, 4.94599, 5.3927, 5.44534, 4.99415, 5.43976, 5.51572, 5.38926, 5.22315, 5.20752, 4.46993, 4.65327, 6.3932, 7.86556, 9.3713
10, 9.93392, 9.23254, 7.81486, 4.26107, 3.90822, 4.38984, 5.08706, 5.85788, 6.09094, 6.48829, 6.8804, 7.16096, 7.84049, 8.01558, 7.95532, 7.16921, 6.7743, 6.56908, 6.5071, 6.68682, 6.46796, 5.84212, 5.87947, 5.59422, 5.03691, 5.51303, 5.54236, 5.30893, 5.61763, 5.50983, 5.71406, 5.53799, 5.32683, 4.92602, 5.05392, 7.72315, 9.48225
10, 9.93644, 9.02026, 8.27093, 7.28357, 4.3044, 3.8549, 4.30814, 5.25869, 6.0801, 6.07413, 6.43903, 6.97205, 7.84347, 7.74277, 7.95915, 7.84223, 7.68618, 7.57385, 6.90189, 6.6908, 6.47982, 6.68374, 6.5727, 6.71302, 6.72943, 6.52285, 5.64073, 5.65591, 5.08071, 5.55271, 5.66232, 5.15548, 5.65553, 5.44795, 5.13726, 4.92261, 4.63847, 4.74346, 5.43055, 7.31662, 9.49926
9.99881, 10, 9.46463, 7.68778, 5.67613, 5.35936, 3.85235, 4.23471, 4.56908, 5.21935, 6.11692, 6.0895, 6.41561, 6.57104, 6.85764, 7.63761, 7.53632, 7.88652, 7.83875, 8.02287, 8.01559, 7.89287, 7.0938, 6.8507, 6.80961, 6.54001, 6.70624, 6.60725, 6.87008, 6.65188, 6.10379, 5.69745, 5.66229, 5.11491, 5.69112, 5.79037, 5.4589, 5.84122, 5.81602, 5.539, 5.12475, 5.04526, 4.75074, 4.91057, 6.2775, 7.81192, 9.24433, 9.74901
10, 9.86495, 7.69656, 7.1813, 6.6854, 6.10496, 5.77781, 5.85398, 5.5479, 4.96797, 4.72666, 4.58478, 4.38301, 4.46248, 5.06003, 5.45708, 6.02726, 6.38234, 6.39501, 6.65488, 6.55581, 6.77274, 6.93892, 7.40664, 7.76418, 8.01373, 8.6705, 8.98233, 8.78794, 8.62321, 8.20373, 8.12194, 7.81256, 7.58247, 6.54496, 6.25248, 6.1822, 7.0672, 7.18512, 6.84892, 6.67327, 5.95794, 5.81093, 5.50505, 5.78893, 5.80918, 6.01137, 5.81904, 6.04416, 5.74508, 6.19421, 5.97847, 6.07355, 5.81757, 4.78671, 4.77642, 3.9257, 4.0725, 4.34494, 4.88056, 6.27046, 7.67652, 8.94266, 9.69157
10, 9.99938, 9.46272, 8.23459, 7.62964, 5.88661, 5.18856, 4.78713, 4.25039, 4.4446, 4.9567, 5.33001, 6.57009, 6.27475, 7.34082, 8.02937, 7.88376, 7.66212, 7.69617, 7.00651, 6.51793, 6.76229, 6.86386, 6.5189, 5.48248, 5.09403, 5.82435, 5.84819, 5.42288, 5.86393, 5.86683, 5.7428, 5.29475, 5.14241, 5.09015, 4.93855, 5.01764, 6.53191, 7.49181, 9.15438, 9.75333
9.99915, 10, 9.0912, 8.56869, 7.64676, 5.99167, 5.20881, 4.89669, 4.42029, 4.14138, 3.99767, 4.44594, 5.16451, 6.34987, 6.55816, 6.6127, 6.85804, 7.80964, 7.9711, 7.92095, 7.69178, 7.71162, 7.52093, 7.21706, 6.81756, 6.84615, 6.56909, 6.43844, 6.4862, 6.78755, 6.81399, 6.65291, 6.46585, 5.62475, 5.56323, 5.04624, 5.61178, 5.81885, 5.33532, 5.78557, 5.68096, 5.41076, 4.94981, 4.78851, 4.57657, 4.68799, 6.59627, 7.56255, 9.04688, 9.7488
10, 9.89662, 9.21359, 9.13678, 7.74412, 5.70382, 5.39074, 4.25779, 4.58667, 5.24863, 6.00621, 6.23137, 6.6144, 6.83945, 7.30748, 7.33791, 7.963, 7.93513, 7.77959, 6.86144, 6.48158, 6.6832, 6.58788, 6.82115, 6.66665, 6.39412, 5.71156, 5.66204, 5.03604, 5.42933, 5.59021, 5.37802, 5.42048, 5.17562, 5.57292, 5.70551, 5.60239, 4.78768, 4.89313, 6.53571, 7.5188, 9.42783
10, 9.92904, 9.22745, 8.22051, 7.1733, 5.86434, 5.33106, 4.20096, 4.58472, 5.3813, 6.22846, 6.13278, 6.51839, 6.5116, 6.81399, 7.44417, 7.3476, 7.6342, 8.37892, 8.32978, 7.69996, 6.95328, 6.63499, 6.38505, 6.64319, 6.75792, 6.64055, 6.21715, 5.6109, 5.6401, 5.04878, 5.42125, 5.51228, 5.3056, 5.57371, 5.32227, 5.52579, 5.60264, 5.50244, 4.91904, 4.92634, 5.1231, 6.609, 7.36292, 8.45382, 9.61816
10, 9.88577, 9.28892, 8.18452, 6.9103, 5.05007, 4.63309, 4.31381, 4.50875, 4.93928, 5.43302, 6.04803, 6.03712, 6.58116, 7.74272, 7.73599, 8.09008, 8.03042, 7.23203, 6.65859, 6.68202, 6.90889, 6.77111, 5.88497, 5.74924, 5.38866, 5.03973, 5.43025, 5.52251, 5.05697, 5.39506, 5.61212, 5.47937, 5.13802, 4.84024, 4.93389, 6.40497, 8.01015, 9.38852
9.9995, 10, 9.06079, 8.72471, 7.5842, 5.87229, 5.28546, 4.28078, 4.45761, 4.91084, 5.51677, 5.89493, 6.05966, 6.49353, 7.51138, 7.88455, 7.77598, 7.5131, 6.71184, 6.7868, 6.87638, 6.70472, 5.93682, 5.87794, 5.08829, 5.40582, 5.39859, 4.8798, 5.34029, 5.17327, 4.99324, 4.81393, 4.87308, 4.62407, 4.75732, 5.4381, 6.64374, 8.39445, 9.41649
10, 9.92094, 9.11685, 8.32557, 5.71119, 5.4692, 5.12424, 4.57598, 4.53658, 4.3147, 4.53367, 5.01781, 6.01329, 5.99398, 6.58548, 6.42667, 7.18946, 7.48225, 8.09052, 8.05161, 7.593, 6.86203, 6.48313, 6.62797, 6.48281, 6.76172, 6.64617, 5.78544, 5.69866, 5.06311, 5.49881, 5.11663, 5.07448, 4.79043, 5.27678, 5.07671, 4.72045, 4.87613, 6.69316, 7.56815, 9.62113
10, 9.83147, 9.15993, 8.00081, 6.15239, 5.21342, 5.054, 5.39658, 6.01733, 5.85014, 6.42356, 6.56258, 7.0581, 6.92117, 8.11329, 8.07982, 7.60361, 6.76747, 6.74016, 6.89258, 6.75443, 5.84858, 5.68111, 5.2782, 5.12024, 5.5238, 5.2598, 4.59178, 5.18128, 5.46247, 5.36074, 5.16786, 4.898, 4.57678, 4.79403, 6.75454, 8.09502, 9.6918
10, 9.91676, 9.22662, 7.73031, 6.4451, 5.73353, 5.58179, 4.83455, 4.57392, 5.95066, 6.10085, 6.4507, 6.9334, 8.00763, 7.97108, 6.79021, 6.81824, 6.8846, 6.63482, 5.80123, 5.49454, 5.12842, 5.39015, 5.33899, 4.69872, 5.32988, 5.15496, 4.44839, 4.61423, 4.86975, 6.37735, 7.70074, 9.3909
10, 9.91074, 9.01585, 8.10017, 5.98815, 5.70074, 4.93615, 4.69774, 4.94592, 4.88712, 6.39982, 6.09333, 6.42053, 6.25591, 7.3282, 7.22874, 7.91504, 7.88133, 7.0081, 6.87757, 6.68007, 7.00392, 6.8365, 5.84014, 5.79586, 5.18945, 5.53439, 4.84527, 5.35584, 5.19839, 4.62383, 4.84061, 6.33788, 8.41366, 9.58903
10, 9.90098, 7.70284, 6.22578, 6.14838, 6.01506, 5.14927, 4.76675, 5.10515, 5.52741, 6.23399, 6.60318, 6.98383, 6.86773, 7.19971, 7.57515, 7.63416, 8.35603, 8.133, 8.47605, 8.42686, 8.11693, 7.66788, 7.60231, 7.30165, 6.89446, 6.4248, 7.07094, 7.29221, 7.29329, 6.93376, 6.63588, 5.79914, 5.74429, 5.61686, 5.92989, 5.91216, 5.70191, 5.92507, 5.62546, 6.03644, 5.72939, 4.68467, 3.87265, 4.14381, 5.13918, 6.26868, 7.6753, 9.16542, 9.81016
10, 9.03301, 7.91198, 6.22484, 5.6402, 5.95569, 6.14692, 6.19016, 6.55733, 6.78885, 7.93232, 8.07896, 7.66617, 6.90602, 6.87066, 6.85006, 6.62683, 5.93266, 5.76875, 5.15554, 5.09887, 5.53955, 5.50166, 4.74527, 5.43654, 5.24465, 4.72538, 4.82492, 6.96238, 8.69124, 9.49505
10, 8.82457, 7.7602, 7.48713, 6.74361, 6.87539, 5.76478, 4.9681, 4.51815, 4.98345, 5.54026, 6.03311, 6.40938, 6.80553, 7.72374, 7.79491, 6.99862, 6.96305, 6.95114, 6.59922, 5.88986, 5.8553, 5.18117, 5.44407, 5.36863, 4.71836, 5.30893, 5.1766, 4.62772, 4.83469, 7.87108, 9.47773
10, 9.90057, 8.89975, 8.42402, 6.55162, 5.70917, 5.01982, 4.80429, 6.14554, 6.80257, 7.342, 8.03205, 8.02394, 7.36608, 7.26339, 7.04889, 6.78759, 7.05828, 6.70776, 5.94541, 5.7046, 5.19857, 5.43533, 5.48826, 4.57482, 5.4159, 5.06159, 4.65095, 4.803, 6.47515, 8.15537, 9.54348
10, 9.13115, 8.60246, 6.19978, 5.8706, 5.59368, 5.21234, 5.79721, 5.64402, 6.0735, 5.92007, 7.39227, 7.33564, 7.90634, 7.92918, 7.04741, 7.01169, 6.75322, 6.95912, 6.679, 5.88941, 5.58215, 5.02612, 5.47219, 4.60283, 5.33908, 5.17601, 4.51036, 4.79488, 6.7862, 9.34902
10, 8.70898, 7.59789, 5.13308, 6.04044, 5.74085, 7.75283, 7.81841, 7.44664, 6.97488, 6.94118, 6.6387, 6.09318, 5.81038, 5.10202, 5.51904, 4.64481, 5.26659, 5.05029, 4.84548, 4.46368, 4.81898, 6.63593, 8.11681, 9.5591
10, 8.66975, 7.9781, 7.11812, 6.86793, 5.85607, 5.98623, 5.59396, 5.09849, 6.1575, 5.53326, 5.9717, 5.77366, 7.59176, 7.99652, 7.30212, 7.31181, 7.2199, 6.90895, 6.32831, 5.74986, 5.12807, 5.51962, 5.60522, 4.72288, 5.42131, 5.27211, 4.66856, 4.88408, 6.98754, 7.90773, 8.81296, 9.31956
10, 8.37996, 6.96886, 6.97204, 5.98395, 5.84077, 5.83601, 5.56819, 5.97424, 7.84792, 8.1045, 7.3431, 7.24335, 6.98298, 7.246, 6.92386, 6.28805, 6.12896, 5.1931, 5.69053, 4.57178, 5.06051, 5.57286, 5.42851, 4.42012, 4.79464, 7.41336, 8.69729, 9.50828
10, 8.03581, 7.4874, 6.13889, 6.01854, 5.90758, 6.04561, 5.96928, 5.62409, 6.09974, 6.64314, 7.00428, 7.73117, 7.88618, 7.35893, 7.19808, 6.90458, 6.33276, 6.06525, 5.17595, 5.66217, 4.79035, 5.40647, 5.08695, 4.4639, 4.80645, 7.10466, 9.42987
10, 8.96569, 8.48959, 5.16766, 5.1836, 5.98822, 5.96283, 5.76137, 6.32821, 7.08181, 7.70277, 7.73227, 7.25072, 7.08245, 7.03544, 6.7565, 5.83204, 5.79566, 5.1716, 5.44538, 4.39068, 5.01396, 5.18775, 5.05446, 4.42486, 4.71057, 6.67619, 8.69985, 9.33806
10, 6.9767, 5.11656, 6.12551, 5.74107, 6.11446, 7.75948, 7.64764, 7.30115, 6.92009, 6.99807, 6.60691, 5.85518, 5.75114, 5.14556, 5.58045, 4.71476, 5.19644, 5.10025, 4.47056, 4.72829, 6.62838, 7.89458, 9.33051
10, 9.6107, 8.89583, 8.69868, 7.11813, 6.1203, 6.09571, 5.86836, 4.6833, 4.84386, 5.32405, 6.17976, 6.82927, 6.69112, 6.92492, 7.06549, 7.37937, 7.54481, 7.8306, 7.65668, 7.96138, 7.90068, 8.35764, 8.34459, 7.20207, 6.91274, 6.30435, 6.33756, 6.81019, 7.13005, 7.10202, 6.81041, 6.48545, 5.70469, 5.74727, 5.51925, 5.74106, 5.36439, 6.12778, 6.16626, 5.85119, 5.46237, 5.11774, 5.08583, 4.24624, 3.88479, 4.16351, 5.02468, 6.01028, 7.49945, 9.24635, 9.80995
10, 9.91312, 9.15302, 7.85872, 5.6426, 6.08857, 8.18708, 8.17041, 7.73809, 7.2061, 6.58565, 6.76488, 6.93232, 6.68725, 6.40386, 5.84888, 5.7086, 5.15384, 5.58351, 4.70275, 5.34605, 5.07158, 4.53107, 4.83403, 6.69916, 7.54138, 9.52796
10, 9.90738, 8.98869, 7.66378, 6.18506, 5.72018, 4.63831, 6.18788, 6.43084, 6.20749, 6.58263, 7.11494, 7.59818, 7.66065, 7.13172, 6.61835, 6.70392, 6.88664, 6.85934, 6.68502, 5.93212, 5.73049, 5.22483, 5.47859, 4.91114, 5.43003, 5.22891, 4.72674, 4.9297, 7.25651, 9.6597
10, 8.91462, 7.86044, 6.26646, 5.58897, 5.47311, 4.36854, 6.00835, 6.25677, 6.12948, 6.65216, 6.60384, 7.91958, 7.8295, 6.73672, 6.79153, 6.76253, 6.56967, 5.78015, 5.7488, 5.03, 5.44967, 5.41841, 4.69332, 5.33318, 5.18323, 4.70742, 4.88008, 6.70749, 8.08469, 9.59775
10, 9.91689, 9.24711, 8.4282, 6.56074, 5.50876, 4.44238, 4.16762, 4.54923, 5.53537, 6.16617, 6.00826, 6.42504, 6.36901, 7.03255, 7.96858, 7.79591, 7.34108, 7.12372, 6.5661, 6.7455, 6.83732, 6.70368, 5.82953, 5.88046, 5.17019, 5.41915, 5.49586, 4.80688, 5.13568, 5.344, 4.88243, 5.12419, 6.59048, 8.45572, 9.61329
10, 9.91819, 9.26514, 7.89214, 5.91607, 5.56456, 4.58238, 5.13457, 5.55032, 6.27796, 6.29482, 6.59306, 7.14401, 7.00502, 8.02602, 8.04868, 7.87974, 7.33846, 6.8599, 6.4391, 6.5728, 6.85744, 6.81342, 6.58703, 5.83768, 5.77726, 5.14801, 5.72926, 5.60185, 4.82088, 5.22355, 5.4266, 5.27139, 4.80643, 4.96723, 6.21297, 7.63344, 9.20371, 9.62603
10, 9.16746, 7.95497, 7.86392, 6.66419, 6.62319, 5.2414, 4.67043, 5.49895, 6.13401, 6.11059, 6.69819, 6.96444, 7.00553, 7.53463, 8.0001, 7.92734, 7.76594, 7.40458, 6.43888, 6.63911, 6.76722, 6.55132, 6.01748, 5.67866, 5.75271, 5.18894, 5.55842, 5.54878, 5.07671, 5.39703, 5.43287, 5.24672, 4.70502, 4.90792, 7.8411, 9.55814
10, 9.33483, 8.27158, 6.97338, 5.0291, 4.72505, 4.32712, 4.20474, 4.76478, 5.35705, 6.04761, 5.99241, 6.65813, 6.72659, 7.11142, 7.04535, 7.32441, 7.83305, 7.87926, 6.9874, 6.73008, 6.42549, 6.66482, 6.79307, 6.47265, 5.7136, 5.71021, 5.50759, 5.14405, 5.55052, 5.62744, 4.72246, 5.24433, 5.51823, 5.53235, 5.36701, 4.77494, 4.94706, 5.61499, 6.63453, 7.85705, 9.35606
10, 9.39136, 8.24144, 6.13524, 5.60726, 5.23388, 4.29344, 4.7178, 5.18063, 5.35219, 5.499, 6.0887, 6.05751, 6.5569, 6.96609, 7.50621, 7.35943, 7.88537, 7.86525, 7.71007, 7.05837, 6.75247, 6.44479, 6.69175, 6.60453, 6.81561, 6.72847, 5.83074, 5.63849, 5.10128, 5.72744, 5.70984, 5.35197, 5.39816, 5.10529, 5.46442, 5.3557, 5.66358, 5.48074, 5.21429, 4.99912, 4.50147, 4.5866, 5.3998, 6.7254, 7.64033, 9.52376
10, 9.13158, 8.4682, 7.13814, 4.98878, 4.03004, 4.36395, 5.34267, 6.05514, 6.50233, 6.62286, 7.09911, 7.50033, 7.63107, 8.04896, 8.00639, 7.76505, 7.79521, 7.07295, 6.86292, 6.50129, 6.46976, 6.70323, 6.53813, 6.27477, 5.57723, 5.65487, 5.51523, 5.06223, 5.68549, 5.76006, 5.35874, 5.6497, 5.5174, 5.67433, 5.46631, 5.2273, 4.60817, 4.69485, 4.90047, 6.62732, 7.65662, 9.60752
10, 9.01826, 8.6166, 7.65796, 6.57092, 4.70462, 4.25126, 5.38371, 6.632, 6.67375, 7.09116, 7.63118, 7.52323, 7.84565, 7.96398, 7.92159, 7.60457, 7.43349, 7.11841, 6.73528, 6.48039, 6.65276, 6.52273, 6.77693, 6.61141, 6.25882, 5.60344, 5.56995, 5.15378, 5.77619, 5.86599, 5.2849, 5.64021, 5.76588, 5.20246, 4.46875, 4.57222, 5.17308, 6.90525, 8.14466, 9.45083
10, 9.93741, 9.52997, 7.47918, 7.36552, 5.87504, 5.96502, 4.85506, 5.23241, 5.4571, 6.30432, 6.90185, 7.06374, 7.39051, 7.28713, 7.81034, 7.7091, 7.87444, 8.4014, 8.37294, 8.03737, 7.92944, 7.44909, 6.65084, 6.56057, 7.22584, 7.41404, 6.96888, 6.5206, 5.86819, 5.77549, 5.59497, 5.84354, 5.83581, 5.53601, 6.0654, 5.86344, 5.60581, 4.89019, 4.88093, 4.4792, 3.90542, 4.13562, 4.89178, 5.48591, 6.70449, 7.66484, 9.25596, 9.81486
10, 9.2419, 8.35306, 7.2414, 5.4753, 5.03224, 4.72104, 4.40575, 4.32958, 4.82499, 5.42243, 6.41506, 6.44685, 7.38146, 7.60094, 7.38369, 7.67619, 7.57293, 7.89879, 7.77387, 8.18314, 8.14727, 6.88168, 6.55719, 6.73099, 6.81303, 6.66466, 5.80316, 5.56556, 5.21841, 5.97622, 5.97926, 5.42726, 5.75884, 5.7302, 5.41211, 5.16972, 4.72241, 4.77716, 5.0694, 6.38128, 7.52771, 9.51287
10, 9.85928, 9.30023, 7.6846, 5.71042, 5.49375, 4.69415, 4.06732, 4.59036, 5.48819, 6.41499, 6.41539, 6.90768, 7.39442, 7.97861, 7.71511, 7.8086, 8.11226, 8.08624, 7.69009, 7.57683, 6.83486, 6.65739, 6.67464, 6.85636, 6.63165, 6.1754, 5.67746, 5.67385, 5.24013, 5.94915, 6.03604, 5.69045, 5.82518, 5.31538, 5.80999, 5.77292, 5.43381, 4.63876, 4.72004, 5.47753, 6.40405, 8.30981, 9.57774
10, 9.15628, 8.1439, 6.16769, 4.90857, 4.78993, 5.68086, 6.3411, 6.54714, 6.91321, 6.77566, 7.32511, 7.8146, 7.81127, 8.49692, 8.35224, 8.1624, 8.12815, 7.96454, 7.91881, 7.44878, 7.10801, 6.94105, 6.50756, 6.78088, 6.661, 5.78606, 5.71501, 5.57217, 6.42124, 6.42378, 5.93099, 5.68307, 5.33085, 5.64691, 5.51505, 5.28759, 4.44597, 4.44677, 6.20307, 7.49598, 9.17138, 9.62653
10, 9.01497, 8.69612, 7.28535, 6.06646, 5.11576, 4.65518, 5.04123, 5.53178, 6.54835, 6.30706, 6.86505, 7.98713, 7.82912, 8.26687, 8.08998, 7.85964, 7.22495, 6.64119, 6.68119, 6.95818, 6.66985, 6.27889, 5.69164, 5.65561, 5.4706, 6.11704, 6.19251, 6.08977, 5.39582, 5.44163, 5.28994, 4.96877, 4.55782, 4.72013, 7.33414, 9.2008
10, 9.92909, 9.32193, 9.2323, 8.29873, 7.81762, 5.70337, 5.3254, 4.13329, 4.51418, 5.06776, 5.99462, 6.72501, 6.46002, 7.119, 7.08174, 7.7054, 7.83365, 8.33708, 8.00511, 7.50826, 7.05577, 6.87264, 7.06663, 6.80024, 6.50354, 6.15824, 5.56927, 6.21766, 6.19735, 5.05492, 5.3196, 5.20398, 4.91697, 4.74204, 4.48733, 4.54238, 5.20914, 6.54797, 8.26149, 9.49123
10, 9.34628, 7.90561, 5.30684, 5.11778, 4.75618, 4.48015, 4.88551, 5.67691, 6.37781, 6.98097, 7.37033, 7.23982, 8.07973, 8.08363, 7.76377, 7.41591, 7.03694, 6.7239, 6.35238, 6.6403, 6.91461, 6.71759, 5.7603, 5.34876, 5.92362, 6.01075, 5.75291, 5.53654, 5.67368, 5.02029, 5.2191, 5.24694, 5.03819, 4.44753, 4.60004, 5.15199, 6.64996, 8.35468, 9.64085
10, 9.92686, 9.31369, 8.4372, 7.32047, 7.22645, 6.63581, 5.23755, 4.40586, 4.14539, 4.65985, 5.58864, 6.44887, 6.50555, 6.98981, 7.19576, 7.55777, 8.04161, 8.11609, 7.97172, 7.24385, 6.77376, 6.77701, 6.64121, 6.95722, 6.5636, 6.10054, 5.70313, 5.71888, 5.24504, 6.19123, 5.07053, 5.2091, 4.87733, 5.25467, 5.03587, 4.04515, 4.25428, 6.65545, 7.60018, 9.15823, 9.56142
10, 9.21773, 7.86956, 6.70772, 5.49863, 4.80296, 5.65131, 6.47765, 6.91243, 6.87547, 7.24183, 7.20035, 7.91544, 8.08744, 7.92583, 7.4175, 7.07912, 6.5529, 6.71017, 6.87616, 6.55401, 6.18926, 5.7163, 5.64372, 5.34004, 6.19369, 6.02951, 4.88775, 5.1986, 5.02149, 4.43307, 4.0722, 4.2312, 4.74442, 6.26427, 7.56407, 9.5519
10, 9.03819, 8.51714, 6.16299, 5.52517, 4.90687, 4.73659, 4.41551, 5.06116, 5.58447, 6.4142, 6.28247, 6.69708, 7.24787, 7.98845, 7.7806, 8.11719, 8.00604, 7.34953, 7.01152, 6.82582, 6.90182, 6.71993, 6.3804, 5.76717, 5.73081, 5.42725, 5.03886, 6.04269, 6.03716, 4.98273, 5.08456, 4.88984, 4.28023, 4.00747, 4.18392, 5.4841, 7.01604, 7.80739, 9.4675
10, 9.05088, 7.86067, 6.80412, 5.54218, 5.00797, 5.58958, 6.09749, 6.30925, 6.3331, 6.98714, 7.4289, 8.0251, 8.09416, 7.32478, 7.01325, 6.48174, 6.60071, 6.77514, 6.63709, 6.85817, 6.60764, 5.84474, 5.78877, 5.07693, 5.85417, 5.96481, 4.89064, 5.26305, 5.16102, 4.37386, 4.44212, 4.19875, 4.44596, 6.3309, 7.66007, 9.46004
10, 9.67611, 6.92229, 6.0171, 4.87306, 5.15666, 5.39302, 6.26299, 6.66863, 6.90259, 6.86643, 7.1412, 7.21814, 7.12987, 7.89414, 7.88602, 8.49609, 8.69859, 8.62755, 8.29065, 8.19675, 7.78766, 7.16688, 6.65985, 6.69496, 6.73746, 7.29961, 7.42834, 7.05594, 6.52283, 5.86364, 5.74329, 5.58956, 5.86404, 5.50262, 5.86176, 5.67013, 6.03268, 5.74573, 4.01975, 4.08952, 4.96698, 6.73059, 8.21238, 9.59653
10, 9.31154, 8.60398, 8.50675, 7.74005, 7.63875, 6.86141, 6.67994, 5.85386, 5.64525, 5.66988, 5.82382, 6.40095, 7.31583, 7.25539, 7.70696, 8.4235, 8.363, 7.38255, 6.72307, 6.78187, 6.87202, 6.69933, 5.90104, 5.76388, 5.14492, 5.72948, 5.9641, 4.90018, 5.15574, 4.99183, 4.51941, 4.56753, 4.30806, 4.58938, 6.6554, 7.72541, 9.33087
10, 9.17382, 7.93435, 6.2327, 5.43166, 4.6865, 5.34165, 5.50459, 6.16324, 6.60365, 7.46624, 8.071, 8.02766, 7.03475, 6.68163, 6.73533, 6.58062, 6.85549, 6.62346, 5.9096, 5.7706, 5.10419, 5.70968, 5.69753, 4.82176, 5.17856, 5.03488, 4.15702, 4.39156, 6.79024, 8.22963, 9.44185
10, 9.0983, 7.8055, 5.6521, 5.50301, 5.14274, 4.6268, 4.33559, 4.5452, 5.23493, 5.7373, 6.42865, 7.81777, 7.90074, 6.76008, 6.91397, 6.75445, 6.98195, 6.79257, 5.83694, 5.15063, 5.67371, 5.23959, 5.16699, 4.84497, 5.18884, 4.81631, 4.35218, 4.07575, 4.32211, 6.93386, 7.56035, 9.31068
10, 9.87214, 9.1775, 8.35582, 6.72931, 5.497, 5.19882, 5.71302, 6.42664, 6.00342, 6.07928, 6.60945, 6.7636, 7.62652, 8.09339, 8.05259, 7.75526, 6.99563, 6.67361, 6.72641, 6.90129, 6.59185, 6.07814, 5.86021, 5.192, 5.44848, 5.33534, 5.61695, 4.82841, 5.27041, 5.10494, 4.47215, 4.41305, 6.42762, 7.76082, 9.67175
10, 9.91567, 9.20125, 7.13567, 5.22523, 5.31747, 4.85225, 4.53614, 6.21335, 7.45581, 8.01854, 7.98047, 7.58062, 7.13201, 6.64051, 6.73451, 6.88383, 6.61435, 5.84359, 5.8345, 5.16615, 5.54817, 5.50472, 5.07489, 5.02974, 4.76948, 5.28648, 5.16469, 4.19131, 3.8082, 3.98986, 7.00205, 8.11211, 9.43325
10, 9.24713, 8.66101, 7.05728, 5.77266, 4.85544, 6.19982, 6.15578, 6.53266, 6.66964, 8.06164, 8.01349, 7.18814, 6.90702, 7.03303, 6.82761, 6.10726, 5.95988, 5.24092, 5.62081, 5.57195, 4.88627, 5.1846, 4.88563, 4.43483, 4.6661, 6.88441, 8.17235, 9.47065
10, 9.0278, 8.24993, 6.21402, 5.65772, 4.91283, 4.3999, 6.12666, 5.83218, 6.1756, 6.4862, 8.03753, 8.018, 6.85472, 6.78137, 6.93798, 6.69163, 6.08186, 5.76104, 5.18189, 5.55637, 5.50847, 4.73029, 5.24335, 5.04461, 4.2831, 4.49641, 6.30923, 7.7451, 9.31941
10, 9.0393, 8.38783, 7.5097, 6.79996, 6.90424, 6.10052, 5.6739, 5.07669, 4.5632, 5.83223, 5.89662, 6.20661, 6.84357, 6.78403, 8.04449, 8.03403, 7.24263, 6.80546, 6.70244, 6.87566, 6.6504, 5.84935, 5.76102, 5.14975, 5.54865, 5.51378, 4.87861, 5.2427, 5.03021, 4.36478, 4.59017, 6.78421, 7.9227, 9.41332
10, 9.91495, 9.02716, 7.33967, 6.50734, 5.68535, 5.0808, 5.59252, 6.42, 5.97546, 6.03961, 6.83631, 7.25803, 7.2029, 7.79974, 7.78015, 6.88653, 6.75529, 6.90979, 6.65763, 5.93879, 5.98057, 5.17999, 5.69819, 4.89816, 5.30174, 4.98716, 4.30107, 4.62659, 7.54668, 9.44004
10, 9.1168, 7.33996, 6.25961, 5.62167, 4.60353, 4.4609, 4.64432, 5.01683, 5.53986, 6.19247, 6.4321, 6.84462, 6.86813, 7.55942, 7.55851, 8.01921, 7.85341, 7.06682, 6.57493, 6.65752, 6.78067, 6.55865, 6.06372, 5.71008, 5.16267, 5.58265, 5.70248, 5.01812, 5.3213, 5.08675, 4.42838, 4.54244, 6.66895, 7.58169, 9.47738
10, 9.66589, 7.57408, 6.67626, 6.20238, 5.86588, 5.88014, 4.85705, 5.00671, 5.32038, 5.87491, 6.62691, 6.84409, 7.25377, 6.9544, 7.40752, 7.18018, 7.75344, 8.66207, 8.55877, 8.02721, 8.01969, 7.64865, 7.33937, 6.99156, 6.77513, 6.39478, 6.30019, 7.08615, 7.27435, 7.2546, 6.88883, 6.58879, 5.89634, 5.81061, 5.62176, 5.37723, 5.64985, 5.43656, 5.74085, 5.44359, 5.20681, 4.81233, 4.7686, 3.93957, 4.18372, 5.05026, 6.55623, 7.78276, 9.07873, 9.6222
10, 9.93576, 9.31033, 7.68657, 5.75051, 5.44743, 5.08599, 4.1827, 5.99852, 6.53364, 7.37868, 7.42084, 7.74907, 7.77142, 8.10681, 8.10701, 7.95642, 7.58717, 7.20153, 6.69447, 6.91223, 6.79918, 6.60579, 5.93286, 5.93297, 5.28568, 5.85708, 5.85709, 4.90907, 5.23623, 4.961, 4.59161, 4.1522, 4.41042, 4.94991, 6.61846, 7.50037, 9.44343
10, 9.45248, 8.01602, 7.7563, 7.24552, 6.26064, 5.09285, 4.11386, 5.48595, 5.97939, 6.45832, 6.77026, 6.74541, 7.17355, 7.61888, 7.99833, 8.11817, 7.88256, 7.52748, 7.11476, 6.46879, 6.40304, 6.86541, 6.85968, 6.45786, 5.78604, 5.23118, 5.19892, 5.46902, 5.07698, 5.28808, 4.92404, 4.38741, 4.43771, 3.9502, 4.15647, 4.54311, 5.8458, 6.95302, 8.98221, 9.44703
10, 9.37596, 7.88142, 7.29485, 5.8682, 5.24843, 4.53629, 4.22719, 4.5055, 4.66574, 5.878, 6.47998, 6.4806, 6.97269, 6.94804, 7.63312, 7.91498, 6.94488, 6.61419, 6.86172, 6.90079, 5.83653, 5.21508, 5.43074, 5.21986, 5.39111, 5.1317, 4.08971, 4.45424, 5.54268, 6.4054, 7.89881, 8.53148, 9.34155
9.97742, 10, 9.26476, 7.42953, 6.67139, 5.37903, 5.07361, 4.84698, 4.22073, 4.49937, 4.5881, 4.45287, 6.36113, 6.20543, 6.89512, 6.56706, 7.01086, 7.56696, 7.89413, 6.8161, 6.69564, 6.40758, 6.7233, 7.06823, 5.91482, 5.34388, 5.69707, 5.39609, 5.00304, 4.41087, 4.10396, 4.51797, 6.62011, 8.2921, 9.39731
9.97103, 10, 9.39212, 8.2329, 7.34886, 6.25859, 5.40806, 4.58523, 4.56495, 4.13987, 4.98844, 5.04188, 5.77575, 6.31423, 7.07199, 7.30638, 8.28485, 8.46549, 8.26691, 7.88921, 7.92277, 6.97519, 6.68386, 6.36933, 6.59986, 6.8029, 6.92693, 5.88288, 5.36835, 5.69173, 5.32677, 4.69592, 4.33543, 4.60223, 7.60447, 9.39623
10, 9.28346, 7.74535, 6.4379, 5.57318, 4.94774, 4.44371, 4.3717, 4.08512, 4.11544, 3.91281, 6.33802, 5.99831, 6.56439, 6.56402, 7.00634, 6.9666, 7.74438, 8.08091, 7.43248, 6.66402, 6.59763, 6.91675, 6.98968, 5.76053, 5.23862, 5.68429, 5.45342, 5.49528, 5.01659, 4.82401, 4.40601, 4.72825, 6.27004, 6.50863, 6.98179, 8.61752, 9.39398
10, 9.3881, 8.68195, 7.53487, 7.10866, 5.10725, 4.35238, 4.77453, 6.13008, 6.47298, 6.40864, 6.95913, 6.9994, 7.80391, 7.95021, 6.74136, 6.33469, 6.42889, 6.8802, 6.81065, 6.05312, 5.66564, 5.0854, 5.50402, 5.5896, 5.016, 4.88309, 4.33269, 4.6633, 6.96496, 9.2691
10, 9.95526, 9.16175, 8.4575, 6.97861, 5.6637, 5.06524, 4.44801, 4.65491, 6.41097, 6.84217, 6.69095, 7.09639, 7.03528, 7.60379, 8.01064, 8.05297, 7.78861, 7.85892, 6.82086, 6.27186, 6.74514, 6.91646, 6.582, 5.932, 5.09116, 5.73511, 4.91065, 5.12163, 5.16075, 4.36285, 4.70465, 7.34875, 8.2936, 8.75601, 9.3489
10, 9.00648, 7.74185, 6.06908, 5.40046, 4.64672, 4.13409, 4.63274, 5.57013, 6.53476, 6.04814, 7.08244, 7.0042, 7.40234, 7.70392, 7.85214, 6.71164, 6.39509, 6.68193, 6.53978, 6.79661, 6.58983, 5.82775, 5.0527, 5.86091, 4.81351, 5.28196, 5.31288, 5.21984, 4.60885, 4.82176, 6.39075, 7.60273, 9.27052
10, 9.10777, 7.94206, 7.16826, 6.22891, 5.47597, 4.56097, 4.25004, 6.16855, 7.19516, 7.0404, 7.546, 8.07428, 8.06909, 6.27659, 6.71016, 6.56556, 5.57654, 5.00294, 5.58133, 5.34582, 5.24232, 4.67471, 4.90532, 7.36434, 9.42287
10, 9.76608, 6.85734, 5.80942, 4.86248, 5.76563, 6.00421, 6.55835, 6.71429, 6.95146, 7.01066, 7.44179, 7.39762, 7.60821, 7.68891, 8.73799, 8.70213, 8.24769, 7.48289, 6.90512, 6.19615, 6.16896, 7.0228, 7.0863, 6.81773, 6.49158, 5.95695, 5.64765, 5.79023, 5.62558, 5.65888, 5.53896, 5.6801, 5.49571, 5.30644, 4.92154, 4.01981, 3.95041, 4.21112, 5.06412, 6.69406, 7.99117, 9.03444, 9.75569
10, 9.29513, 7.63619, 6.00635, 5.30649, 4.7265, 5.29396, 5.71178, 6.59338, 7.08283, 6.88457, 7.88769, 7.91292, 7.28254, 6.40017, 6.74515, 6.93119, 6.75034, 5.84811, 5.04827, 5.80131, 5.12081, 5.2725, 5.11697, 4.33756, 4.52115, 4.7835, 6.49332, 7.83486, 9.3657
10, 9.1086, 7.54145, 7.43287, 5.93609, 5.59437, 4.40276, 6.47892, 6.53186, 7.05229, 6.73455, 7.39509, 7.94201, 7.92581, 7.5323, 6.73013, 6.81276, 6.6593, 6.79443, 6.51588, 6.28573, 5.62145, 5.52044, 4.99485, 5.62594, 5.631, 4.83393, 5.16292, 5.00985, 4.34351, 4.54725, 6.59892, 7.8856, 8.72528, 9.49969
10, 9.91104, 9.1771, 7.76458, 6.88953, 6.85163, 6.0664, 5.74912, 4.73041, 6.46216, 6.67173, 7.23297, 7.20641, 7.94649, 7.89191, 6.73558, 6.85375, 7.00927, 6.57602, 5.96941, 5.95785, 5.3348, 5.58621, 5.6538, 5.10185, 5.29736, 5.0132, 5.38034, 5.24186, 4.55055, 4.76294, 6.88788, 8.22391, 9.56909
10, 9.05288, 8.01365, 7.13836, 5.40556, 4.77411, 6.33564, 7.58422, 8.08699, 8.06717, 7.47374, 7.17598, 6.6602, 6.9279, 6.67601, 5.91634, 5.7999, 5.03862, 5.4239, 5.63766, 4.819, 5.23799, 5.10422, 4.70324, 4.76283, 4.45676, 4.67829, 8.08824, 9.56001
10, 9.27373, 8.52493, 6.34219, 5.66598, 6.35683, 6.06267, 6.57764, 6.81474, 6.68688, 7.19372, 7.28605, 7.83528, 7.82218, 6.98406, 6.73977, 6.90324, 6.72153, 5.91068, 5.78048, 5.18943, 5.46803, 5.43689, 4.8675, 5.24267, 4.99365, 4.40099, 4.55682, 6.50709, 8.35028, 9.47757
10, 8.84058, 7.01163, 5.67829, 5.10316, 6.33493, 6.64244, 6.43806, 7.13654, 7.34472, 8.22273, 8.19311, 7.58435, 7.00359, 6.84554, 6.98359, 6.75345, 5.91959, 5.2202, 5.60608, 5.70765, 4.89157, 5.38021, 5.17697, 4.73041, 6.87499, 8.21975, 9.49649
10, 9.22159, 8.00316, 6.60471, 6.73263, 5.94977, 5.86486, 6.19598, 6.4779, 6.16625, 6.3622, 6.79163, 7.46134, 7.84661, 7.89641, 7.68748, 6.96115, 6.6727, 6.92445, 6.66887, 5.95057, 5.69384, 5.11334, 5.49877, 4.80021, 5.0697, 5.01285, 5.2935, 5.17768, 4.76129, 4.80747, 4.48403, 4.68495, 6.99537, 7.91511, 9.44041
10, 6.61327, 5.44829, 4.52668, 5.03899, 5.56396, 6.1581, 6.81319, 6.69749, 7.77466, 7.93157, 6.60919, 6.70257, 6.94939, 6.75798, 6.47177, 5.92918, 5.69871, 5.11668, 5.44663, 5.36123, 4.86571, 5.09106, 4.77638, 4.56844, 4.62569, 4.30709, 4.5142, 6.88202, 8.45436, 9.37288
10, 6.46762, 5.24875, 4.44589, 4.63652, 6.13199, 6.23215, 6.69189, 6.44979, 6.88868, 6.81304, 7.43445, 8.02368, 7.96456, 7.35356, 6.5423, 6.59733, 6.88238, 6.64287, 6.00497, 5.91819, 5.65215, 5.15407, 5.54012, 5.48098, 4.74811, 5.3758, 5.15237, 4.53714, 4.60047, 4.28711, 4.50107, 7.34096, 8.45245, 9.61912
10, 6.54322, 5.81027, 4.78893, 5.78489, 6.41482, 6.60797, 7.09154, 7.50107, 8.03596, 7.95531, 6.8466, 7.03097, 7.28395, 6.85991, 6.27495, 6.00117, 5.33855, 5.6968, 5.57894, 4.87377, 5.5274, 5.17646, 4.22302, 4.48018, 7.34094, 9.18429, 9.71521
10, 9.80914, 8.66166, 8.45807, 7.16469, 6.10365, 6.21529, 5.73351, 5.03942, 5.25816, 5.55787, 6.03435, 6.3332, 6.39327, 6.7038, 6.81522, 6.81919, 7.19485, 7.08947, 7.39904, 7.3329, 7.6673, 8.83078, 8.86805, 7.78402, 7.40753, 6.95425, 6.18182, 6.06378, 6.72354, 7.12922, 6.77204, 6.47052, 5.57999, 5.80676, 5.78225, 5.57762, 5.71944, 5.55545, 5.72178, 5.70947, 5.56984, 3.97824, 4.29041, 5.00592, 6.70466, 8.25865, 9.07242, 9.80097
10, 9.88108, 7.43038, 5.49314, 5.20658, 6.4336, 6.28677, 8.16415, 8.08631, 7.2695, 6.90869, 7.22247, 7.20206, 6.93253, 6.06968, 5.99529, 5.28115, 5.68355, 5.23075, 4.47165, 5.00257, 5.44901, 5.03918, 4.31557, 4.52358, 5.07628, 5.72607, 6.5817, 8.5125, 9.5177
10, 6.55482, 5.83473, 6.09762, 6.22096, 7.02478, 8.49952, 8.42221, 8.17908, 8.13506, 7.58604, 7.09252, 7.1205, 6.67927, 7.16704, 6.78589, 6.26126, 5.95911, 5.41474, 5.80255, 5.71657, 5.15608, 5.5706, 5.25238, 4.67596, 4.74045, 7.72975, 8.41424, 9.67159
10, 9.746, 7.47078, 7.38588, 6.2464, 5.62547, 5.84556, 5.6923, 4.83705, 5.15121, 6.44758, 6.64132, 7.82952, 8.02053, 7.96082, 7.44113, 6.97191, 7.33205, 7.00448, 6.44047, 6.05143, 5.34462, 5.72862, 5.64812, 4.53984, 5.36747, 5.502, 5.20588, 4.53163, 4.73788, 5.52787, 8.02146, 9.74777
10, 9.87975, 7.42677, 5.91382, 5.85602, 4.78587, 5.15643, 6.56858, 6.62863, 6.31778, 6.49194, 7.16694, 8.14612, 8.03983, 7.28772, 6.9068, 7.33328, 6.9056, 6.52008, 5.97869, 5.37513, 5.69495, 5.58507, 5.11503, 5.55453, 5.31826, 4.36995, 4.53405, 5.95378, 8.13851, 9.60294
10, 7.08282, 5.97718, 6.01751, 6.35028, 6.54229, 8.1022, 8.01488, 7.0644, 6.77997, 7.13342, 7.12838, 6.87646, 6.044, 5.9073, 5.15654, 5.55528, 5.44672, 4.9817, 5.55927, 5.15017, 4.71312, 4.8265, 7.22713, 9.06269, 9.58837
10, 6.99324, 5.99005, 4.81435, 5.56703, 6.07964, 6.51045, 6.55018, 6.24526, 6.28328, 6.843, 6.7551, 7.49698, 7.36984, 7.81916, 7.74709, 7.17478, 6.66323, 7.0449, 6.67133, 6.08027, 5.85514, 5.15865, 5.71863, 5.48397, 5.00779, 5.52587, 5.24691, 4.55189, 4.69231, 7.36459, 8.02078, 9.55461
10, 9.87713, 9.10466, 8.31121, 7.3635, 7.23298, 6.1159, 5.95336, 4.79544, 5.16216, 6.38504, 6.59025, 6.94047, 7.05466, 7.67352, 8.17587, 8.10736, 7.10557, 6.76033, 7.10649, 6.84435, 6.03567, 5.75502, 5.28145, 5.55832, 5.47341, 4.8236, 5.44769, 5.04557, 4.46704, 4.72833, 5.68698, 7.97756, 9.70051
10, 9.87082, 6.94008, 7.03373, 5.74167, 4.51925, 4.72505, 5.13356, 5.59312, 6.44881, 6.38063, 6.80079, 6.82369, 6.58533, 7.05296, 6.95592, 7.83118, 7.86877, 8.31292, 8.21159, 7.26998, 6.80309, 6.53946, 6.94448, 6.96346, 6.67334, 5.99401, 5.84026, 5.11303, 5.61712, 5.59169, 5.02501, 5.51708, 4.93426, 6.10092, 8.16632, 9.7782
10, 9.16428, 7.42501, 5.96202, 5.70034, 4.35142, 5.40929, 5.81985, 6.32759, 6.22387, 6.7964, 7.28226, 7.80036, 8.40144, 8.27356, 7.53328, 6.82141, 6.6681, 7.04874, 6.80172, 6.01318, 5.83399, 5.21955, 5.64182, 5.802, 5.67615, 5.01863, 5.42291, 5.22085, 4.58406, 4.71229, 7.3232, 8.4932, 9.70705
10, 7.40524, 5.71514, 5.70455, 5.02603, 6.16586, 6.73049, 6.53221, 6.99084, 6.78602, 7.14299, 7.88875, 8.17594, 8.06778, 7.54886, 7.46135, 6.57191, 7.0499, 6.61844, 5.7036, 5.10406, 5.71295, 5.35506, 5.92262, 4.94875, 5.25259, 4.725, 7.34943, 8.62362, 9.70903
10, 9.79647, 8.34184, 6.63631, 5.95162, 4.88218, 4.76966, 5.35013, 6.12007, 6.87291, 6.8131, 7.05911, 6.94154, 7.44355, 7.30218, 7.69228, 7.88071, 8.04496, 8.01105, 7.59888, 6.73641, 6.5687, 7.30464, 7.4435, 7.08071, 6.54662, 5.79878, 5.70909, 5.52601, 5.65354, 5.59588, 5.47986, 5.90646, 5.14174, 3.71547, 3.83408, 4.05066, 4.93806, 6.10172, 7.32228, 9.2414, 9.73383
10, 9.61237, 7.52418, 6.2962, 6.06656, 5.77597, 5.61646, 4.82113, 5.0053, 5.34526, 5.76897, 6.47838, 6.72878, 7.07442, 7.39906, 7.23479, 7.54362, 7.67105, 8.92018, 8.86289, 8.46537, 7.69115, 7.53216, 7.5388, 7.15597, 6.80421, 6.21907, 6.29381, 6.79911, 7.04296, 7.11404, 6.69709, 6.40418, 5.54588, 5.82315, 5.67038, 5.38112, 5.50721, 5.89861, 5.49409, 5.25226, 4.94245, 3.97853, 4.33859, 4.90753, 5.65072, 6.5886, 8.05386, 9.44338, 9.84219
10, 6.81322, 5.71544, 5.03484, 5.83669, 6.66031, 6.4894, 6.93963, 8.03388, 7.91315, 8.21884, 8.1366, 7.513, 6.62694, 6.66986, 7.03547, 6.63938, 6.15133, 5.85693, 5.19324, 5.96013, 5.71662, 5.20429, 5.4734, 4.85815, 6.95583, 8.19834, 9.59067
10, 9.70284, 7.38051, 6.30006, 6.08392, 5.94033, 4.87691, 5.02212, 5.03039, 5.8328, 6.22648, 6.64179, 6.98144, 6.88437, 7.31402, 7.13646, 7.32264, 7.19924, 7.41492, 8.11247, 7.94333, 8.34422, 8.14182, 7.98346, 7.90009, 7.50866, 7.08203, 6.67997, 6.56006, 6.56586, 7.09458, 7.48944, 7.03108, 6.53328, 5.66096, 5.91563, 5.72056, 5.51892, 5.79914, 5.41494, 5.1189, 4.48997, 3.97916, 3.88776, 4.19346, 4.93159, 6.46984, 8.37576, 9.11716, 9.66975
10, 9.85418, 7.16431, 6.38663, 5.89108, 4.7733, 4.94249, 5.5444, 6.09046, 6.40053, 6.69829, 6.8054, 6.71371, 7.22483, 8.15082, 8.30726, 8.13411, 7.77827, 7.72372, 8.41185, 8.55676, 8.54686, 7.4637, 6.6893, 6.27634, 6.36691, 6.88695, 7.18526, 7.17354, 6.6759, 6.47524, 5.68532, 5.94518, 5.62862, 5.80403, 5.50268, 5.95457, 5.32253, 4.9232, 4.92207, 4.46537, 4.03691, 4.33241, 5.05435, 5.40744, 6.61944, 8.08613, 9.04934, 9.76904
10, 9.75275, 6.92614, 6.08171, 6.09148, 5.83466, 4.72397, 6.2722, 6.68872, 7.11877, 8.35528, 8.15428, 7.91115, 7.63098, 8.53854, 8.50143, 8.18099, 7.48915, 6.70593, 6.3261, 6.26005, 7.13678, 7.15667, 6.78087, 6.48211, 5.68365, 5.89118, 5.80403, 5.56584, 6.01283, 6.10946, 5.84848, 5.67081, 5.28301, 5.20127, 4.66362, 3.98569, 4.26001, 4.98467, 6.56411, 7.78592, 9.30486, 9.77702
9.46964, 9.54609, 9.26009, 7.22629, 6.15499, 5.56477, 4.09323, 4.14753, 4.95534, 5.04804, 5.30725, 5.8803, 5.65737, 6.52459, 6.87415, 7.39572, 7.8019, 8.09363, 8.6032, 10, 9.54921, 8.52355, 7.36376, 6.15007, 6.13663, 5.67048, 5.55652, 5.05926, 4.86656, 5.21161, 5.91562, 6.25523, 6.11317, 5.93744, 5.57979, 5.66336, 5.55879, 5.9055, 5.98671, 5.80011, 6.21355, 5.96787, 5.27703, 5.20063, 4.35117, 4.47181, 5.20382, 5.78968, 6.69438, 7.63055, 8.79452
10, 9.74181, 7.43713, 6.4251, 6.18582, 5.82591, 4.64961, 4.87503, 5.41533, 5.553, 5.88244, 6.34439, 6.35504, 6.28156, 6.7224, 6.63802, 6.91744, 7.26038, 8.48529, 8.30365, 8.11986, 7.39247, 7.20051, 8.01011, 8.92557, 8.86649, 8.25012, 8.02392, 6.67691, 6.27184, 5.90849, 6.10479, 6.88141, 6.98086, 6.79807, 6.36234, 5.80385, 5.91465, 5.91368, 5.67917, 6.05837, 6.00166, 5.69879, 4.1058, 4.35999, 5.07496, 5.84965, 6.78534, 8.21545, 8.99882, 9.74912
10, 9.64758, 7.35658, 6.39394, 5.96036, 4.82381, 4.96902, 5.23225, 6.14412, 6.88703, 6.78947, 7.04935, 7.22275, 7.1483, 7.57309, 7.50936, 8.64442, 8.55248, 8.16181, 7.23085, 6.32079, 6.33282, 6.21241, 6.89235, 7.21569, 7.05652, 6.53928, 5.67913, 5.92939, 5.561, 5.6573, 5.34998, 5.80245, 5.68589, 5.46005, 5.12245, 4.09384, 4.206, 4.9313, 5.49567, 6.66174, 7.8939, 9.0995, 9.72668
10, 9.8455, 6.93312, 7.01031, 6.00716, 6.10962, 5.98205, 4.88631, 6.49511, 6.85088, 6.88329, 7.1752, 7.13409, 7.27863, 7.16367, 7.46606, 8.43402, 8.31217, 7.91249, 7.78291, 8.38149, 8.36547, 7.73795, 7.5917, 7.27841, 6.99082, 6.40426, 6.34598, 6.86504, 7.26407, 6.89708, 6.40193, 5.64027, 5.87221, 5.62164, 5.37874, 5.69816, 5.4991, 5.89239, 5.76024, 5.91284, 5.78367, 5.4715, 5.05257, 4.57879, 3.90415, 4.09764, 4.982, 6.52658, 8.17002, 8.98953, 9.80911
10, 9.62222, 7.17654, 7.07586, 6.13101, 6.12379, 5.81531, 5.91782, 4.96321, 5.30874, 5.79106, 6.50132, 6.85032, 6.96072, 6.85182, 7.11257, 6.98546, 7.53339, 7.38442, 8.27014, 8.18769, 7.91261, 7.35551, 6.89299, 6.7924, 7.09067, 7.47284, 7.26042, 6.71246, 6.20899, 5.72261, 5.96706, 5.81312, 5.40489, 5.62483, 5.42589, 5.7069, 5.67129, 5.57338, 5.14383, 4.4039, 3.97213, 4.16926, 4.94117, 5.31865, 6.3897, 8.03558, 8.97535, 9.84243
10, 9.55034, 7.8787, 7.75115, 6.6531, 6.74516, 6.24099, 6.23786, 6.01895, 5.05727, 5.31499, 5.95261, 6.56472, 7.06417, 7.02514, 7.31527, 7.24667, 7.81646, 7.72326, 8.46296, 8.26047, 7.49797, 7.26507, 6.72253, 6.62531, 7.0921, 7.52334, 6.94608, 6.56852, 5.78938, 6.00621, 5.87373, 5.39877, 5.7144, 5.43221, 5.77598, 5.44487, 4.89964, 4.89461, 4.38297, 3.80698, 4.1129, 4.58357, 6.11007, 7.89523, 9.41156, 9.84193
10, 9.65089, 8.89222, 8.30966, 6.62014, 5.99358, 6.07067, 5.8384, 5.27813, 6.26751, 6.80998, 6.74391, 6.99666, 7.38013, 7.37693, 7.68625, 7.66114, 8.14474, 7.87005, 7.31585, 6.73593, 6.51442, 6.66076, 6.5951, 7.05969, 7.41835, 6.83539, 6.55067, 5.72151, 5.68525, 5.51332, 5.64613, 5.48543, 5.69887, 5.2604, 5.96288, 5.63128, 5.47272, 4.95612, 3.88785, 3.63067, 3.92996, 4.95956, 6.2744, 7.82825, 8.94916, 9.76596
10, 9.60378, 7.18053, 7.22432, 6.19071, 6.17668, 5.6801, 5.05849, 5.57046, 6.6776, 6.9469, 6.91066, 7.45512, 7.22956, 7.89622, 7.59278, 8.20174, 8.12516, 7.51016, 6.69881, 7.47611, 6.91649, 6.26114, 5.59182, 5.9258, 5.83865, 5.23187, 5.70352, 5.20506, 4.38568, 3.99561, 4.14498, 4.80288, 5.92191, 7.83775, 8.74663, 9.6382
10, 9.47779, 7.09562, 6.45221, 5.89126, 6.18007, 6.11934, 5.72478, 5.15179, 5.41743, 6.72206, 6.9146, 6.53378, 6.7259, 7.25421, 7.18581, 7.58629, 7.49023, 8.43168, 8.40987, 7.94344, 7.3372, 6.89923, 6.71973, 7.08638, 7.39916, 7.40755, 7.18874, 6.67252, 6.41626, 5.59009, 5.91535, 5.56389, 5.28284, 5.61516, 5.21441, 3.93318, 4.28245, 4.97004, 6.21317, 7.77417, 9.12565, 9.77734
10, 7.55874, 6.32462, 6.13626, 4.92455, 5.51185, 6.55198, 6.91244, 6.97157, 6.69559, 7.10856, 7.34956, 8.51896, 8.41843, 8.2267, 8.12495, 7.40069, 7.05938, 7.14736, 7.47789, 7.04848, 6.28064, 5.64454, 5.9651, 5.61166, 5.17337, 5.23898, 5.73228, 5.13156, 4.9342, 4.36797, 3.81386, 4.07979, 4.78469, 6.63762, 7.96902, 9.46165, 9.82972
10, 9.74456, 7.19161, 6.80684, 5.98373, 5.89566, 5.10492, 5.72478, 7.02574, 7.11181, 6.81184, 6.94192, 6.81457, 7.91892, 7.99292, 7.036, 6.90744, 7.29056, 7.59083, 7.23204, 6.2233, 5.55939, 5.92373, 5.77476, 4.94192, 5.21206, 5.46783, 4.9942, 4.56452, 4.57118, 4.08855, 3.76429, 4.0997, 4.63759, 6.32294, 7.88601, 9.31111, 9.76787
10, 9.80846, 7.16786, 6.29039, 5.83588, 5.90036, 5.19805, 5.78118, 6.85992, 7.80033, 7.87392, 8.24294, 8.22421, 8.01805, 7.28419, 6.84784, 7.19705, 7.56882, 7.13988, 6.14948, 5.6531, 5.98124, 5.83792, 5.1404, 5.52401, 5.10959, 4.56595, 4.5828, 3.80484, 4.26247, 4.81463, 5.30611, 6.05244, 8.16341, 9.69138
10, 9.74464, 7.1264, 7.22851, 6.46318, 6.58894, 6.13402, 5.19878, 5.50592, 6.69825, 6.86439, 6.567, 6.91268, 7.08009, 7.05462, 8.14491, 8.08989, 7.32722, 7.29861, 7.3853, 7.61801, 7.26132, 6.36929, 5.8319, 5.88496, 5.14555, 5.44669, 4.9124, 4.49981, 3.89835, 3.70641, 4.07739, 4.84164, 6.48221, 8.462, 9.11592, 9.72863
10, 9.87555, 6.03573, 6.19986, 5.81776, 5.21695, 5.63735, 6.71189, 6.94678, 6.69213, 6.94678, 7.96696, 8.12312, 7.0236, 7.42018, 7.13985, 6.21155, 6.27082, 5.49308, 5.95257, 5.85341, 5.15348, 5.56553, 5.13217, 3.78711, 4.20913, 4.96604, 6.29606, 8.17089, 9.68904
10, 8.09769, 6.76204, 6.57179, 5.86624, 6.09501, 5.47666, 5.24409, 6.27751, 6.65245, 6.70287, 6.47727, 6.85747, 6.79072, 7.3737, 7.35849, 7.96296, 8.0302, 7.64167, 7.18674, 7.35085, 7.35317, 6.98556, 6.44371, 6.34729, 5.50594, 5.83097, 5.06403, 5.37081, 5.06673, 3.77936, 4.1978, 4.90719, 5.47969, 7.70132, 9.51519
10, 9.89676, 9.00953, 7.42957, 6.77708, 6.13616, 5.72925, 5.51921, 5.34049, 4.99067, 6.14749, 6.25681, 6.6989, 6.38152, 7.35831, 7.26669, 7.91093, 8.12027, 6.67021, 6.73893, 6.49612, 7.27996, 7.15759, 6.45195, 5.72932, 5.69178, 5.10969, 5.30326, 5.30685, 5.3914, 5.17971, 4.01112, 3.81789, 4.3296, 7.8031, 9.49068
10, 9.33464, 8.26068, 7.8018, 6.8124, 6.48819, 5.89908, 5.87241, 5.50215, 5.65257, 5.61953, 6.12181, 6.46098, 6.69124, 7.00476, 7.24152, 7.97509, 8.16644, 7.69408, 7.34836, 6.74296, 6.7338, 6.51927, 7.07749, 7.28116, 7.24654, 6.97911, 6.38309, 6.50825, 5.47764, 5.53726, 5.45534, 4.82838, 5.21995, 5.28414, 4.67734, 3.9474, 3.83641, 4.29877, 4.74963, 6.43041, 7.91034, 9.28022
10, 9.95327, 6.8146, 6.41128, 5.78179, 6.02745, 6.07556, 4.72278, 6.85906, 7.15131, 7.00415, 7.35365, 7.31077, 7.83629, 7.85168, 8.05607, 7.97508, 7.56551, 6.76886, 6.55653, 7.21602, 7.40808, 7.1335, 6.51606, 6.11668, 5.72443, 5.40869, 5.70388, 5.676, 5.32817, 5.73231, 5.42026, 5.01797, 4.6364, 3.76135, 3.5972, 3.81656, 5.15262, 6.14535, 7.6076, 8.99048, 9.77354
10, 9.99783, 9.41216, 8.37732, 7.14616, 5.72754, 4.82272, 5.12407, 5.12587, 4.96877, 5.81797, 6.25587, 6.84081, 7.44532, 7.97199, 8.32961, 7.93346, 6.96347, 6.52512, 7.2381, 7.2852, 7.09635, 6.32342, 5.42979, 5.47998, 4.80898, 5.08632, 5.14108, 5.02208, 4.30918, 3.58461, 4.27881, 7.18702, 9.15253
9.96925, 10, 9.46243, 8.85168, 8.49744, 8.2422, 7.48262, 5.92325, 5.23866, 5.39335, 4.81077, 5.73828, 5.60686, 6.12001, 5.90032, 6.38417, 6.81217, 7.83208, 8.21506, 7.78932, 7.2247, 6.6753, 7.12079, 7.32516, 7.35982, 7.07196, 6.59874, 6.34029, 5.45806, 5.54161, 5.11526, 5.26688, 4.30857, 3.62292, 4.35968, 5.34748, 5.9349, 7.51155, 9.04495
10, 9.50649, 7.69626, 6.45288, 5.96014, 5.73555, 5.49546, 5.07633, 5.22242, 4.96898, 5.27585, 5.18429, 5.96097, 6.14092, 6.0274, 6.37698, 6.54174, 7.20962, 8.32132, 7.04439, 7.29143, 7.52299, 6.63331, 6.50351, 5.87084, 5.40514, 5.5898, 5.15752, 4.73682, 3.2014, 3.95859, 4.54964, 5.76938, 6.38742, 7.16448, 8.8635, 9.80585
9.96268, 10, 9.14346, 8.54048, 8.00157, 7.59472, 7.08491, 6.51807, 5.97292, 5.79379, 5.11532, 5.42413, 5.48665, 5.93106, 6.28079, 6.25567, 6.7241, 8.40324, 6.95259, 6.64428, 7.26434, 7.48421, 6.95643, 6.55393, 6.64426, 5.88773, 6.02927, 5.44, 5.58889, 5.49046, 5.08537, 4.82607, 5.06115, 4.87434, 3.70502, 4.51905, 6.61984, 8.65484
10, 9.41759, 7.2706, 6.99469, 6.55803, 6.16843, 5.88243, 5.06682, 5.71394, 5.48661, 5.9199, 6.20038, 6.15824, 6.42969, 6.38449, 7.51226, 8.16526, 7.02191, 7.30951, 7.56571, 6.34563, 5.57904, 5.75172, 5.42807, 4.93064, 3.72116, 3.76817, 4.54438, 6.89848, 8.81407
10, 9.44593, 7.48112, 7.21624, 6.65254, 6.43726, 5.87613, 5.81346, 5.27559, 4.85941, 5.57951, 6.07128, 5.97863, 6.38726, 6.70122, 7.7061, 8.30334, 7.7508, 7.67701, 7.05512, 6.59852, 7.16786, 7.50051, 7.17849, 6.47507, 6.45717, 6.06152, 5.47724, 5.63739, 5.29063, 5.28101, 4.97912, 3.49846, 4.33187, 5.45464, 7.06262, 8.64367
10, 9.17523, 7.17, 6.57048, 6.30293, 5.89281, 5.08267, 5.33236, 5.73976, 5.64588, 6.1774, 6.3229, 6.23669, 6.96913, 8.4436, 7.17298, 6.82491, 6.65348, 7.21467, 7.49587, 7.1936, 5.9885, 6.14959, 5.56753, 5.7362, 5.33376, 5.07456, 5.17876, 5.3139, 4.2936, 3.69502, 3.7545, 4.54425, 7.64399, 9.0937
10, 9.54769, 9.09076, 8.68924, 7.23166, 6.67733, 6.1211, 6.00473, 5.70208, 5.63959, 5.5186, 5.284, 5.88587, 6.19332, 6.6509, 6.86962, 7.28356, 8.43756, 6.9974, 6.94677, 7.61793, 7.3179, 6.82404, 6.64128, 5.50997, 5.74804, 5.20744, 5.18323, 3.63573, 4.49952, 5.82921, 8.3264, 9.8787
10, 9.5247, 8.32898, 7.62202, 6.66058, 5.91295, 5.32593, 5.89676, 5.3847, 6.08366, 6.33563, 8.44037, 8.06217, 7.45865, 7.00305, 6.67256, 7.33596, 7.47281, 6.4502, 5.44527, 5.74044, 5.28611, 4.85325, 5.18074, 4.87885, 3.50752, 3.60914, 4.42493, 6.52941, 7.18025, 7.80647, 9.10261
9.97708, 10, 9.30046, 7.95933, 7.30896, 6.68433, 5.79455, 5.45216, 5.53333, 4.98602, 5.93753, 6.03362, 5.90942, 6.29082, 6.38426, 7.08606, 7.66109, 8.3038, 7.02915, 7.45115, 7.49963, 6.27758, 5.6638, 5.71653, 5.4748, 5.04968, 5.11436, 3.60514, 3.67256, 4.46711, 6.05027, 8.19144, 8.9951
10, 9.7965, 7.13279, 6.30131, 6.13205, 5.96062, 4.81045, 5.11711, 5.33479, 5.95686, 7.05709, 7.03323, 6.68023, 7.10936, 7.02341, 7.559, 7.23857, 7.99273, 8.03094, 7.62195, 6.96151, 6.67363, 6.53482, 7.19589, 7.33587, 6.83667, 6.46882, 5.57302, 5.70887, 5.51707, 5.75526, 5.749, 5.47827, 5.83664, 5.83103, 5.2139, 4.88843, 4.44247, 4.43787, 3.79266, 4.09667, 5.01932, 6.65843, 7.79362, 8.816, 9.7807
10, 8.72782, 7.57941, 6.23682, 6.30682, 6.13921, 5.16275, 5.80511, 5.8387, 6.20916, 5.89423, 6.69929, 6.86656, 7.63405, 8.00576, 7.254, 6.80478, 7.33711, 7.40071, 6.52086, 6.21452, 5.46588, 5.64442, 5.07711, 5.06339, 3.49666, 3.49882, 4.2389, 5.97292, 8.32078, 9.12422
10, 9.96187, 9.24919, 8.57922, 7.07562, 6.47998, 6.62104, 5.85353, 5.25245, 5.66269, 5.44539, 6.60503, 6.24233, 7.05363, 7.00594, 7.76109, 8.01198, 7.13151, 6.91618, 7.48897, 7.42784, 6.42038, 6.40372, 6.10424, 5.38637, 5.83101, 5.7259, 4.99992, 5.38241, 5.3276, 5.06798, 4.43288, 4.20538, 3.76754, 3.71425, 4.25132, 5.59339, 8.5125, 9.32588
10, 7.2732, 6.66019, 5.81737, 5.44896, 5.78864, 5.42828, 6.62317, 6.38535, 7.8139, 8.21724, 7.0994, 7.31874, 7.50943, 7.10021, 6.45129, 6.23735, 5.79139, 5.55003, 5.94507, 4.78292, 5.21876, 5.68608, 5.36035, 4.77885, 4.04871, 4.51996, 4.86409, 7.30958, 8.73638, 9.54264
10, 7.27638, 7.03027, 6.20817, 6.22511, 5.83016, 5.13051, 6.54304, 6.53168, 6.29036, 7.28869, 7.39825, 7.93952, 8.10987, 7.18113, 7.52223, 7.19283, 6.29503, 5.43382, 5.80156, 4.75044, 5.55039, 5.23125, 3.85126, 4.2214, 8.15455, 8.90292, 9.64889
10, 6.49368, 6.49171, 6.45, 6.76895, 6.45985, 8.34002, 8.27276, 7.91696, 7.21186, 7.14579, 7.56661, 7.12317, 6.21104, 5.51463, 5.9523, 5.46235, 4.78441, 5.42811, 5.74505, 5.12054, 4.08976, 4.34836, 6.53077, 8.16079, 9.40844
10, 9.43503, 7.51069, 7.60716, 6.79573, 6.47646, 5.41808, 5.38126, 5.3472, 5.9657, 6.71178, 6.58994, 7.36194, 7.22545, 7.57405, 8.46456, 8.1608, 7.23211, 7.56285, 7.55664, 6.97986, 6.18571, 5.69404, 6.05264, 4.96309, 5.49927, 5.90845, 5.21276, 4.42233, 4.41485, 5.32014, 6.01273, 7.16355, 8.94302, 9.83019
10, 9.94603, 6.65373, 6.58382, 6.14322, 5.21148, 5.5626, 6.10218, 6.46943, 6.97627, 6.66266, 6.9643, 6.96842, 7.32412, 8.26117, 8.0412, 7.10219, 6.91421, 7.52232, 7.6848, 6.73273, 6.21633, 5.64136, 5.89809, 5.34859, 5.13679, 5.73349, 5.83239, 5.38049, 4.56376, 4.06987, 4.16385, 5.07683, 6.04668, 7.09841, 9.19015
10, 9.99452, 9.77395, 8.61032, 8.52756, 8.06431, 6.65417, 6.76947, 6.39505, 5.29674, 5.50939, 5.57896, 5.69195, 6.68776, 7.07128, 7.13497, 6.77974, 7.49011, 8.2875, 8.04088, 7.67433, 6.9656, 7.49881, 7.67854, 6.71866, 6.00994, 5.77673, 5.94357, 5.77083, 5.10816, 5.79838, 5.59367, 5.07046, 4.27054, 4.30251, 5.22997, 5.78714, 7.22655, 9.54978
10, 9.84076, 8.48139, 6.42829, 6.22041, 5.69443, 5.58242, 5.08017, 5.4873, 5.71538, 6.80462, 7.13172, 7.15132, 6.92827, 7.17234, 7.13127, 8.00405, 8.1123, 7.84977, 7.20637, 7.0147, 6.75699, 7.5811, 7.77811, 7.55588, 6.40775, 5.72447, 5.91738, 5.73953, 5.31873, 5.7646, 5.67981, 4.92086, 4.19435, 4.04975, 4.2909, 4.98393, 5.80825, 7.63734, 9.46657
10, 9.97427, 8.81739, 8.31742, 5.99802, 5.89175, 6.25146, 6.19748, 5.10082, 5.43341, 5.44851, 6.55529, 7.23029, 6.68504, 6.96683, 8.16758, 7.76344, 7.04898, 7.64479, 7.6248, 6.61743, 5.75466, 5.93623, 5.54034, 4.92761, 5.76953, 5.67442, 4.76791, 4.17738, 4.16785, 4.86389, 6.159, 7.37362, 9.22159
10, 9.89611, 6.71197, 6.04858, 4.81285, 5.1233, 5.49967, 5.71645, 6.68193, 6.96402, 7.36475, 7.27194, 7.681, 8.15993, 8.07233, 7.9685, 7.71842, 6.92734, 6.76766, 6.54904, 7.14397, 7.34728, 7.05783, 6.69173, 6.5877, 5.58389, 5.70274, 5.47878, 5.71069, 5.12831, 5.50586, 5.41328, 5.64656, 5.43838, 5.15614, 4.70424, 4.29013, 3.63001, 3.93606, 4.97208, 5.96819, 7.67195, 9.05711, 9.73777
9.93517, 10, 9.79826, 6.90546, 6.58837, 5.79296, 5.13381, 5.37806, 5.29803, 5.7952, 5.9495, 6.17459, 6.96745, 6.69357, 7.22855, 7.69331, 7.73015, 8.25741, 8.05755, 7.69294, 6.8717, 7.38125, 7.45178, 6.77806, 6.10092, 5.35346, 5.76518, 4.89995, 5.57185, 5.75807, 5.21726, 4.0928, 4.33074, 5.01451, 5.50873, 7.1308, 9.23439
10, 9.59982, 8.0139, 7.80259, 6.77424, 6.588, 5.83163, 6.01462, 5.35947, 5.4893, 5.29178, 6.29307, 6.99487, 7.97163, 7.92081, 7.22885, 7.44611, 7.56334, 7.16387, 6.72003, 6.10205, 5.55759, 5.84063, 5.6819, 4.92189, 5.48037, 5.71576, 5.02603, 3.96722, 4.27127, 5.17785, 6.90295, 8.3211, 9.79542
10, 9.32533, 7.56494, 6.04275, 5.30906, 5.53015, 6.64519, 7.13007, 7.10053, 6.852, 7.25665, 7.10933, 8.16905, 8.11252, 7.0459, 7.11698, 7.61207, 7.19853, 6.36585, 6.29312, 5.48742, 5.92523, 5.82002, 5.01438, 5.6343, 5.42239, 5.10194, 4.73754, 4.5735, 4.22678, 4.50402, 6.92856, 8.34344, 9.70749
10, 9.79719, 7.1205, 7.17181, 6.3893, 6.32572, 6.07287, 6.27408, 5.86523, 5.27272, 6.77939, 6.9177, 6.43284, 7.24525, 7.20266, 7.90601, 8.08457, 7.08919, 6.65042, 7.51132, 7.57591, 6.9284, 6.25194, 6.21607, 5.64432, 5.71619, 5.47122, 5.02358, 5.4438, 5.6734, 5.43075, 4.99475, 3.95571, 4.24091, 4.86497, 6.10598, 7.47231, 9.02838, 9.72811
10, 8.9213, 7.65254, 7.51367, 6.45447, 6.61978, 6.31993, 6.87876, 7.91987, 8.23517, 8.19922, 7.30882, 6.67774, 7.11144, 7.44487, 7.46484, 7.00845, 6.21065, 5.95328, 5.50698, 5.9155, 5.02609, 5.55192, 5.60106, 5.37819, 4.2849, 4.03506, 4.32179, 4.94696, 5.96383, 7.64653, 9.47286, 9.75035
10, 8.69413, 8.03107, 7.22268, 7.04731, 6.31039, 6.46921, 6.31154, 5.51058, 4.90466, 5.44751, 5.90682, 6.93784, 6.78801, 6.66356, 7.58738, 8.08405, 8.09716, 6.9916, 7.02827, 6.78012, 7.20411, 7.49211, 7.43154, 6.90509, 6.1682, 6.13949, 5.47202, 5.8803, 4.92771, 5.34343, 5.53666, 5.09016, 4.03118, 4.20844, 7.27433, 9.20937, 9.62888
10, 8.82337, 8.5101, 6.52516, 6.2563, 5.74812, 5.07742, 5.18923, 5.0212, 6.18202, 6.5977, 6.70285, 6.48179, 7.07794, 7.03943, 7.49851, 7.55834, 8.00097, 8.08588, 6.95989, 7.52018, 7.30503, 6.74031, 6.12124, 5.54394, 5.77375, 4.60924, 5.2516, 5.13506, 5.42181, 5.19599, 4.18508, 3.64717, 4.14268, 6.83921, 8.34485, 9.43121
10, 7.78993, 7.33382, 6.33545, 6.36056, 6.01667, 6.24853, 5.33525, 4.9246, 6.42898, 6.6172, 6.75617, 7.45859, 7.92301, 8.0404, 6.82533, 6.54031, 7.24241, 7.27541, 6.86619, 5.99947, 5.61217, 5.60119, 4.87311, 5.36375, 5.23139, 4.38218, 3.74228, 4.13615, 7.05142, 8.11126, 9.49048
10, 9.85873, 9.12652, 7.49033, 6.81555, 6.5013, 5.78214, 5.41142, 5.64881, 5.91158, 6.54919, 6.66736, 6.58449, 7.22127, 7.5655, 8.15494, 8.32398, 7.40965, 7.31085, 6.80383, 6.87571, 5.77719, 5.92753, 5.74169, 5.39648, 5.52853, 5.20316, 5.46425, 5.17884, 5.5713, 5.47947, 4.25212, 3.71547, 4.12167, 4.43892, 6.96903, 8.03171, 9.57653
10, 9.93868, 9.22023, 7.59195, 6.94496, 6.26064, 5.90542, 5.32466, 5.10007, 6.27555, 6.7155, 6.80078, 6.58544, 7.07434, 6.85471, 7.36831, 7.2963, 8.04213, 8.21542, 6.9184, 6.63619, 7.40839, 7.32566, 6.93702, 6.30612, 5.91975, 6.31444, 6.23893, 5.40463, 5.59203, 5.47662, 4.89536, 4.48192, 3.81804, 3.67686, 4.1116, 6.65452, 7.90252, 9.34255
10, 9.66902, 7.87432, 7.7867, 6.34818, 6.09946, 5.92663, 4.96205, 5.27768, 5.95706, 6.36068, 6.70104, 6.50561, 6.64191, 6.47598, 6.89723, 7.2011, 7.21618, 8.10152, 8.23401, 8.21275, 8.4578, 8.43123, 7.25175, 6.64791, 6.66578, 6.33726, 6.41252, 7.17219, 7.21285, 6.92385, 6.34047, 5.76688, 5.78346, 5.78491, 5.4068, 4.87952, 4.50193, 4.24146, 3.85121, 4.01814, 5.13198, 6.81218, 8.07923, 9.31819, 9.80625
10, 9.91795, 7.10607, 6.30855, 5.82922, 5.32064, 7.17755, 7.21321, 6.99732, 7.60128, 7.58004, 7.87266, 8.3055, 8.41705, 7.34424, 7.11958, 6.66578, 6.30015, 6.55617, 6.08973, 6.37482, 5.62297, 5.88267, 5.60377, 5.98972, 5.64242, 4.63969, 4.27073, 4.50325, 6.94731, 8.00269, 8.5774, 9.13604
10, 7.44508, 7.08791, 7.23449, 6.3928, 6.3328, 5.8814, 5.38294, 5.04862, 5.95267, 6.00304, 7.17373, 7.20215, 6.66696, 6.91468, 6.79234, 8.06655, 8.47916, 7.35863, 7.15356, 6.73893, 5.97742, 5.50579, 5.81547, 5.71506, 6.42281, 6.46406, 5.53672, 5.65962, 5.18559, 4.58441, 4.68305, 4.01468, 4.40872, 5.39802, 7.79031, 9.51167
10, 9.19573, 8.03971, 6.61583, 6.03375, 4.94757, 6.65873, 6.51492, 6.99665, 7.13468, 8.21806, 8.35892, 7.93225, 6.96401, 7.12327, 6.85077, 5.99175, 5.91508, 5.37436, 5.65676, 5.3824, 5.55417, 5.30229, 5.90382, 6.08842, 5.8734, 5.30365, 5.20526, 4.24345, 4.45622, 6.8519, 7.74679, 9.40897
10, 6.92574, 6.9348, 6.1845, 6.43212, 6.11387, 5.61149, 6.81088, 6.76017, 7.40707, 7.33724, 7.77948, 7.45118, 7.76343, 7.58137, 8.25996, 8.46074, 8.44475, 7.6833, 6.6488, 7.35069, 7.48582, 7.54096, 6.21053, 6.40387, 5.86157, 6.73147, 5.35337, 5.61651, 5.54104, 5.0304, 4.36194, 3.95821, 4.08006, 3.80589, 4.21934, 6.9149, 8.04285, 9.49405
10, 7.48238, 7.41796, 6.42132, 6.12903, 6.70844, 7.23281, 7.09949, 7.53932, 8.4384, 8.66132, 7.15407, 7.11644, 6.80599, 6.07675, 5.9083, 5.19213, 6.73203, 6.73687, 5.81173, 6.16824, 5.65049, 5.07177, 4.28399, 3.82873, 3.77063, 4.16646, 5.93062, 7.22523, 9.54464
10, 9.88918, 8.09393, 7.43691, 5.84724, 5.81569, 5.35321, 5.15319, 6.40233, 6.71262, 6.85822, 6.62235, 7.02156, 6.7941, 7.00644, 8.16237, 8.26643, 7.35181, 7.16492, 6.74096, 5.74877, 5.79466, 5.38935, 5.62938, 5.60201, 5.35402, 5.66504, 5.53459, 5.75609, 5.61241, 4.53972, 4.56057, 4.14609, 4.46569, 7.43686, 9.37796, 9.6661
10, 9.2363, 7.66555, 7.43954, 6.02178, 6.13127, 5.86934, 5.35663, 6.04071, 5.93169, 6.96883, 7.25736, 6.94087, 7.34627, 7.5084, 8.06528, 8.15397, 7.73841, 7.5217, 7.40232, 7.40767, 7.27075, 6.99501, 6.23892, 5.69704, 5.88524, 5.55748, 5.60907, 4.99961, 5.63642, 5.51005, 5.17047, 5.21696, 4.44292, 4.19752, 4.58665, 7.75473, 8.70046, 9.64921
10, 8.06222, 7.80657, 6.78681, 6.97766, 6.54043, 5.52289, 7.18526, 7.54843, 7.38173, 8.00386, 8.15969, 7.35577, 7.77028, 7.90638, 7.55787, 5.79387, 5.73995, 5.39234, 5.44043, 4.9405, 5.31605, 5.15084, 4.34243, 4.46991, 4.17625, 4.55188, 5.47818, 6.24298, 7.74951, 9.64774
10, 8.89074, 7.30376, 7.10651, 6.64534, 6.45649, 6.10459, 5.51785, 5.34082, 5.12909, 6.54187, 7.12729, 6.76704, 7.04846, 7.04422, 8.57604, 8.69137, 8.22564, 7.01761, 7.23181, 7.46026, 7.27334, 6.61681, 6.41173, 5.78054, 6.1482, 6.08252, 5.62334, 5.94945, 5.84083, 6.06545, 5.8086, 5.05649, 5.0799, 4.28251, 4.70931, 8.55722, 9.59793
10, 8.02234, 6.39367, 6.04489, 5.46994, 5.28126, 4.94663, 7.13701, 6.74466, 6.96502, 7.27603, 7.81413, 7.94984, 7.01966, 6.76625, 7.39285, 7.21763, 6.61116, 6.51279, 5.81191, 5.9886, 5.79976, 5.11335, 5.47567, 5.00603, 4.44768, 4.51599, 3.94643, 4.30955, 5.04782, 6.24306, 8.72117, 9.66662
10, 9.6671, 7.60848, 6.28624, 5.82892, 4.93149, 6.01117, 6.74141, 6.65713, 6.94118, 6.97106, 7.3451, 7.27618, 8.14511, 7.94513, 7.34559, 6.69692, 6.48854, 7.05241, 7.37094, 6.87797, 6.16015, 5.57362, 5.79803, 5.41255, 5.11025, 5.44492, 5.2225, 5.61248, 5.18768, 4.79691, 4.77484, 3.63026, 3.83393, 4.06194, 5.03841, 5.51023, 6.57946, 7.962, 9.14204, 9.74618
10, 9.40496, 7.53017, 7.65648, 6.79215, 6.47842, 6.05556, 5.62462, 5.48184, 5.10553, 6.77949, 7.05862, 6.98263, 7.87548, 8.34045, 7.49122, 7.57863, 7.40398, 7.01682, 6.74786, 6.3105, 5.78655, 5.99333, 5.54311, 5.19632, 4.19934, 4.55039, 8.62936, 9.66807
10, 9.88683, 9.06371, 8.75227, 6.6293, 5.91842, 6.00286, 5.55769, 5.12956, 5.50043, 5.35808, 6.82042, 6.86403, 6.52884, 6.8976, 7.24354, 8.26099, 8.37248, 7.09735, 7.13001, 6.90835, 6.33801, 6.36769, 5.99445, 5.479, 5.87329, 5.58948, 4.8616, 5.36834, 5.11923, 4.65889, 4.70455, 4.05057, 4.31777, 5.5087, 8.00959, 9.59275
10, 8.59181, 7.97349, 6.65351, 6.56165, 5.59115, 5.68457, 5.35738, 4.74819, 6.75946, 6.73445, 7.13942, 7.77725, 8.07559, 6.66289, 6.80512, 6.61972, 6.19412, 6.18371, 5.39009, 5.7567, 5.64268, 4.95939, 4.85642, 5.34603, 5.06101, 4.04031, 4.21269, 6.99654, 8.21133, 9.56808
10, 9.0146, 7.89784, 7.1293, 6.18537, 5.87474, 4.77162, 6.50665, 6.6511, 6.47713, 7.1339, 7.14551, 7.86593, 7.98702, 6.97409, 6.6956, 6.27093, 6.21366, 5.44475, 5.90018, 5.6079, 4.82402, 5.45745, 5.17551, 4.28504, 4.32824, 3.9826, 4.31615, 6.47068, 7.96845, 9.39272
10, 8.84372, 7.92344, 6.21516, 5.90871, 5.27561, 4.61098, 6.24703, 6.59855, 6.51547, 7.65031, 7.8364, 6.99802, 6.96307, 6.61765, 6.22495, 6.17296, 5.69468, 5.88637, 5.73132, 4.99808, 5.377, 5.09338, 4.49944, 3.74288, 4.12899, 7.02016, 8.35066, 9.59432
10, 8.57984, 7.73387, 5.97705, 5.76449, 6.52414, 6.54068, 6.41525, 7.16295, 7.05957, 7.6286, 7.89145, 6.72279, 6.76497, 6.16793, 5.61344, 5.73809, 5.10496, 5.36794, 4.57458, 3.92626, 4.16133, 4.46152, 6.77276, 7.98161, 9.6333
10, 6.97137, 6.88189, 5.84083, 5.68293, 5.04114, 6.70109, 6.47242, 7.06315, 7.3104, 8.02976, 8.19198, 7.77012, 7.2977, 6.79732, 6.2327, 5.60505, 5.93062, 5.56207, 5.09661, 5.4985, 5.09568, 4.42566, 4.46125, 6.64489, 8.08306, 9.5784
10, 8.93225, 8.62055, 6.90968, 6.17379, 5.83836, 4.73975, 5.81407, 5.73782, 6.34761, 6.79184, 7.4108, 7.16197, 7.4362, 7.37762, 8.14516, 8.20603, 7.17806, 6.91639, 6.30743, 6.80682, 6.4245, 6.04412, 6.12864, 5.48049, 5.86772, 5.65219, 5.16869, 5.72695, 5.37848, 4.31129, 4.57745, 6.97387, 8.05871, 9.56705
10, 9.90742, 9.12589, 7.4925, 6.73589, 6.67338, 5.86269, 5.64681, 5.18018, 4.72025, 4.8574, 6.42086, 6.69096, 6.44446, 6.57523, 7.15643, 6.9525, 7.59629, 8.0019, 8.05929, 7.39419, 6.65861, 6.53515, 6.92534, 6.95964, 6.60497, 6.34679, 6.26567, 5.48226, 5.84906, 5.64671, 4.96388, 5.58895, 5.19633, 4.01507, 4.23027, 4.88539, 7.37524, 9.533
10, 8.79517, 8.67619, 7.48874, 6.23119, 5.76658, 5.28816, 5.07794, 4.88039, 4.61353, 6.6886, 6.7256, 6.39815, 6.84003, 7.84479, 7.9143, 7.10235, 6.84908, 6.59715, 6.20693, 5.70602, 5.88943, 5.53002, 5.07274, 5.45138, 4.82567, 4.1031, 4.2344, 7.60727, 9.38688
