r,act_angle,eccentricity,cx,cy,norm_r,angle_90,label,act_r,scale,norm_act_r
267.852,4,0.904,44,104,0.318261405,4,1,112.9247537,0.421593842,0.485640164
265.416,15,0.913,48,100,0.307066604,15,1,110.923397,0.417922797,0.468126653
264.289,15,0.914,48,98,0.301887399,15,1,109.1237829,0.412895667,0.452378556
266.33,16,0.915,48,99,0.311266952,16,1,110.0227249,0.413106766,0.460245035
267.061,17,0.912,49,99,0.314626311,17,1,110.4626634,0.413623342,0.464094857
264.533,16,0.914,48,98,0.303008718,16,1,109.1237829,0.41251482,0.452378556
263.679,15,0.914,49,98,0.299084103,15,1,109.5673309,0.415533019,0.456259964
265.764,16,0.915,49,98,0.308665861,16,1,109.5673309,0.412273035,0.456259964
266.594,16,0.915,49,99,0.312480182,16,1,110.4626634,0.414347897,0.464094857
267.317,15,0.911,49,99,0.315802777,15,1,110.4626634,0.41322723,0.464094857
266.174,15,0.911,49,100,0.310550043,15,1,111.3597773,0.418372107,0.471945338
258.153,11,0.916,47,97,0.273689,11,1,107.7868267,0.417530792,0.440679094
261.436,10,0.911,46,99,0.288776246,10,1,109.1650127,0.417559222,0.45273935
262.178,8,0.909,45,100,0.292186157,8,1,109.658561,0.418259965,0.457058302
264.097,6,0.911,44,102,0.301005051,6,1,111.0855526,0.420624061,0.469545648
264.024,6,0.905,44,101,0.300669574,6,1,110.1680534,0.4172653,0.461516779
266.497,5,0.906,43,103,0.312034412,5,1,111.6154111,0.418824269,0.474182344
266.199,6,0.906,43,103,0.310664933,6,1,111.6154111,0.419293127,0.474182344
265.878,5,0.905,43,102,0.309189756,5,1,110.6932699,0.416331061,0.466112853
266.646,5,0.901,43,103,0.312719151,5,1,111.6154111,0.418590232,0.474182344
265.324,4,0.902,43,102,0.306643811,4,1,110.6932699,0.417200366,0.466112853
266.469,4,0.902,44,102,0.311905736,4,1,111.0855526,0.416879834,0.469545648
267.629,4,0.904,43,103,0.317236594,4,1,111.6154111,0.417052753,0.474182344
267.234,4,0.903,43,103,0.315421345,4,1,111.6154111,0.4176692,0.474182344
263.801,5,0.903,43,102,0.299644763,5,1,110.6932699,0.419608985,0.466112853
268.163,3,0.907,43,104,0.319690626,3,1,112.5388822,0.419665958,0.482263472
266.908,5,0.904,43,103,0.31392319,5,1,111.6154111,0.418179339,0.474182344
267.773,5,0.907,43,103,0.317898355,5,1,111.6154111,0.416828475,0.474182344
264.769,5,0.901,44,102,0.304093272,5,1,111.0855526,0.419556491,0.469545648
265.907,5,0.906,43,103,0.309323027,5,1,111.6154111,0.419753565,0.474182344
262.382,8,0.907,46,101,0.293123653,8,1,110.9819805,0.422978636,0.468639307
260.708,10,0.91,46,100,0.285430674,10,1,110.0727032,0.422206849,0.460682386
259.993,11,0.913,47,99,0.282144843,11,1,109.5901455,0.421511908,0.456459611
256.97,10,0.918,46,98,0.268252444,10,1,108.2589488,0.421290224,0.444810549
254.161,10,0.921,46,96,0.255343496,10,1,106.4518671,0.418836356,0.428997104
257.415,11,0.914,47,97,0.270297471,11,1,107.7868267,0.418727839,0.440679094
255.261,11,0.917,46,96,0.260398619,11,1,106.4518671,0.417031458,0.428997104
256.193,10,0.917,46,97,0.264681688,10,1,107.3545528,0.419037807,0.436896343
255.352,11,0.916,46,96,0.260816816,11,1,106.4518671,0.41688284,0.428997104
258.625,11,0.913,47,97,0.275858107,11,1,107.7868267,0.416768784,0.440679094
258.62,10,0.913,46,98,0.275835129,10,1,108.2589488,0.418602385,0.444810549
260.373,9,0.912,46,99,0.283891159,9,1,109.1650127,0.419263951,0.45273935
261.866,9,0.908,46,101,0.29075234,9,1,110.9819805,0.423812104,0.468639307
264.266,7,0.909,45,102,0.301781701,7,1,111.4854251,0.421868213,0.473044859
264.157,5,0.905,43,102,0.301280785,5,1,110.6932699,0.419043485,0.466112853
267.094,5,0.904,44,103,0.314777965,5,1,112.0044642,0.419344741,0.477586877
265.039,5,0.903,43,102,0.305334075,5,1,110.6932699,0.417648987,0.466112853
265.96,4,0.904,43,103,0.309566592,4,1,111.6154111,0.419669917,0.474182344
265.934,3,0.905,42,103,0.309447107,3,1,111.2339876,0.418276669,0.470844576
264.578,5,0.903,43,102,0.303215518,5,1,110.6932699,0.418376698,0.466112853
266.227,4,0.901,43,103,0.310793608,4,1,111.6154111,0.419249029,0.474182344
268.77,4,0.903,44,104,0.322480136,4,1,112.9247537,0.420153863,0.485640164
264.203,6,0.901,45,102,0.301492181,6,1,111.4854251,0.421968808,0.473044859
265.48,8,0.906,46,103,0.30736072,8,1,112.8051417,0.424910132,0.484593461
264.058,10,0.909,46,101,0.300825823,10,1,110.9819805,0.420293953,0.468639307
263.707,10,0.909,47,101,0.299212779,10,1,111.4001795,0.422439221,0.472298891
260.312,11,0.911,46,100,0.283610829,11,1,110.0727032,0.422849132,0.460682386
259.119,11,0.913,47,99,0.278128317,11,1,109.5901455,0.422933654,0.456459611
257.273,10,0.914,47,97,0.269644901,10,1,107.7868267,0.418958953,0.440679094
259.44,12,0.914,47,98,0.279603494,12,1,108.6876258,0.418931644,0.448561824
258.418,10,0.912,47,98,0.274906825,10,1,108.6876258,0.420588449,0.448561824
259.614,11,0.914,47,99,0.280403123,11,1,109.5901455,0.422127256,0.456459611
257.8,10,0.912,46,98,0.272066764,10,1,108.2589488,0.419933859,0.444810549
259.456,9,0.912,46,100,0.279677024,9,1,110.0727032,0.4242442,0.460682386
263.078,9,0.908,46,101,0.296322168,9,1,110.9819805,0.421859603,0.468639307
263.99,8,0.907,44,102,0.300513325,8,1,111.0855526,0.420794548,0.469545648
266.008,6,0.903,44,103,0.309787179,6,1,112.0044642,0.421056751,0.477586877
267.107,6,0.905,44,103,0.314837708,6,1,112.0044642,0.419324331,0.477586877
265.758,6,0.904,44,102,0.308638288,6,1,111.0855526,0.417995141,0.469545648
266.121,6,0.899,44,102,0.310306478,6,1,111.0855526,0.417424978,0.469545648
264.702,6,0.902,43,101,0.303785369,6,1,109.772492,0.414702163,0.458055292
267.625,5,0.903,44,103,0.317218211,5,1,112.0044642,0.418512711,0.477586877
264.407,7,0.905,44,102,0.302429676,7,1,111.0855526,0.420130907,0.469545648
264.594,8,0.909,45,102,0.303289047,8,1,111.4854251,0.42134525,0.473044859
262.953,9,0.908,46,101,0.295747722,9,1,110.9819805,0.422060142,0.468639307
261.279,11,0.912,46,100,0.288054742,11,1,110.0727032,0.421284157,0.460682386
260.717,11,0.911,47,99,0.285472034,11,1,109.5901455,0.420341388,0.456459611
260.258,12,0.913,47,98,0.283362668,12,1,108.6876258,0.417614927,0.448561824
258.525,12,0.91,48,97,0.275398551,12,1,108.2266141,0.418631135,0.444527594
259.841,13,0.913,47,98,0.281446317,13,1,108.6876258,0.418285127,0.448561824
255.605,11,0.914,46,96,0.261979495,11,1,106.4518671,0.416470206,0.428997104
257.765,11,0.915,46,98,0.27190592,11,1,108.2589488,0.419990879,0.444810549
260.28,11,0.913,46,100,0.283463771,11,1,110.0727032,0.422901119,0.460682386
262.407,10,0.909,45,101,0.293238542,10,1,110.571244,0.421373073,0.465045026
265.323,7,0.907,45,103,0.306639216,7,1,112.4010676,0.423638613,0.481057482
265.712,7,0.906,44,103,0.308426891,7,1,112.0044642,0.421525803,0.477586877
265.297,8,0.907,45,103,0.306519731,8,1,112.4010676,0.423680131,0.481057482
253.95,12,0.918,48,96,0.254373831,12,1,107.3312629,0.422647226,0.436692538
262.597,11,0.911,46,101,0.2941117,11,1,110.9819805,0.422632325,0.468639307
266.801,7,0.907,44,103,0.313431464,7,1,112.0044642,0.419805264,0.477586877
264.958,7,0.904,43,103,0.304961834,7,1,111.6154111,0.421256996,0.474182344
266.591,6,0.904,44,103,0.312466395,6,1,112.0044642,0.420135954,0.477586877
265.91,6,0.906,43,103,0.309336814,6,1,111.6154111,0.419748829,0.474182344
266.123,6,0.905,44,102,0.31031567,6,1,111.0855526,0.417421841,0.469545648
265.933,6,0.906,43,103,0.309442512,6,1,111.6154111,0.419712526,0.474182344
265.055,5,0.904,43,102,0.305407604,5,1,110.6932699,0.417623776,0.466112853
265.744,6,0.904,44,102,0.30857395,6,1,111.0855526,0.418017162,0.469545648
265.277,6,0.905,43,103,0.30642782,6,1,111.6154111,0.420750427,0.474182344
263.197,9,0.911,45,102,0.29686904,9,1,111.4854251,0.423581671,0.473044859
264.531,12,0.909,47,101,0.302999527,12,1,111.4001795,0.421123345,0.472298891
263.289,14,0.912,48,101,0.297291832,14,1,111.8257573,0.424726279,0.476023045
265.604,8,0.906,44,103,0.30793057,8,1,112.0044642,0.421697204,0.477586877
255.791,12,0.915,48,97,0.26283427,12,1,108.2266141,0.423105637,0.444527594
260.769,14,0.914,49,98,0.285711003,14,1,109.5673309,0.420170077,0.456259964
257.265,13,0.915,48,98,0.269608136,13,1,109.1237829,0.424168787,0.452378556
263.747,14,0.908,49,101,0.299396602,14,1,112.25863,0.425629979,0.479811035
262.794,10,0.911,46,102,0.295017027,10,1,111.8928058,0.425781433,0.476609775
264.264,9,0.907,45,103,0.30177251,9,1,112.4010676,0.425336283,0.481057482
265.674,8,0.903,45,104,0.30825226,8,1,113.3181362,0.426530772,0.489082583
265.746,8,0.903,45,104,0.308583141,8,1,113.3181362,0.426415209,0.489082583
268.253,6,0.902,45,104,0.320104227,6,1,113.3181362,0.42243008,0.489082583
266.06,7,0.904,44,104,0.310026149,7,1,112.9247537,0.424433412,0.485640164
266.619,8,0.903,44,103,0.312595071,8,1,112.0044642,0.420091832,0.477586877
264.412,9,0.907,46,103,0.302452654,9,1,112.8051417,0.426626408,0.484593461
264.381,11,0.908,47,102,0.302310192,11,1,112.3076133,0.42479457,0.48023968
262.399,13,0.909,48,100,0.293201778,13,1,110.923397,0.422727971,0.468126653
259.871,12,0.914,48,99,0.281584184,12,1,110.0227249,0.423374385,0.460245035
258.042,13,0.913,48,98,0.273178892,13,1,109.1237829,0.422891556,0.452378556
258.659,13,0.915,48,97,0.276014357,13,1,108.2266141,0.41841426,0.444527594
259.942,13,0.914,49,98,0.281910469,13,1,109.5673309,0.42150684,0.456259964
262.246,14,0.914,48,100,0.292498656,14,1,110.923397,0.4229746,0.468126653
262.523,11,0.91,46,102,0.293771628,11,1,111.8928058,0.426220963,0.476609775
265.242,9,0.911,46,104,0.306266975,9,1,113.7189518,0.428736595,0.492590048
267.293,9,0.907,46,104,0.315692483,9,1,113.7189518,0.425446801,0.492590048
265.402,8,0.907,45,103,0.307002266,8,1,112.4010676,0.423512512,0.481057482
268.13,7,0.903,46,104,0.319538973,7,1,113.7189518,0.424118718,0.492590048
260.747,13,0.913,48,100,0.285609901,13,1,110.923397,0.425406225,0.468126653
263.239,13,0.908,48,99,0.297062054,13,1,110.0227249,0.41795754,0.460245035
259.287,13,0.914,49,97,0.278900373,13,1,108.6738239,0.419125617,0.448441046
267.247,10,0.901,47,103,0.315481087,10,1,113.2166066,0.423640327,0.488194115
265.669,13,0.906,47,101,0.308229282,13,1,111.4001795,0.419319452,0.472298891
266.461,9,0.901,45,103,0.311868971,9,1,112.4010676,0.421829339,0.481057482
265.415,10,0.91,45,102,0.307062008,10,1,111.4854251,0.420041916,0.473044859
259.632,11,0.914,46,100,0.280485843,11,1,110.0727032,0.423956613,0.460682386
270.581,6,0.884,48,106,0.330802708,6,1,116.3615057,0.43004315,0.515714559
267.287,6,0.884,47,105,0.31566491,6,1,115.0391238,0.430395507,0.504142634
268.66,6,0.889,47,105,0.321974623,6,1,115.0391238,0.428195949,0.504142634
265.201,15,0.899,51,95,0.306078557,15,1,107.8239306,0.406574374,0.441003783
269.897,10,0.896,49,106,0.32765934,10,1,116.7775663,0.432674562,0.51935543
270.704,2,0.888,45,108,0.331367962,2,1,117,0.432206395,0.521301907
270.55,8,0.895,48,107,0.330660245,8,1,117.2731853,0.433462152,0.523692503
267.798,11,0.903,50,106,0.318013244,11,1,117.2006826,0.437645847,0.523058044
270.947,6,0.897,47,108,0.332484685,6,1,117.7837001,0.434711217,0.528159925
272.139,7,0.898,48,108,0.337962601,7,1,118.1862936,0.434286499,0.531682948
271.203,9,0.895,49,107,0.33366115,9,1,117.686023,0.433940712,0.52730517
269.976,9,0.898,49,107,0.32802239,9,1,117.686023,0.435912907,0.52730517
269.88,7,0.895,48,107,0.327581215,7,1,117.2731853,0.434538259,0.523692503
259.507,15,0.915,52,100,0.279911397,15,1,112.7120224,0.434331338,0.483778591
264.85,179,0.902,43,108,0.304465513,1,1,116.24543,0.43891044,0.514698802
256.349,8,0.916,49,104,0.265398597,8,1,114.9652121,0.448471467,0.503495847
236.784,4,0.944,35,79,0.175486326,4,2,86.40601831,0.364914936,0.253579507
233.508,178,0.934,27,78,0.160431248,2,2,82.54089895,0.353482103,0.219756546
239.667,175,0.946,30,79,0.188735346,5,2,84.50443775,0.352591044,0.236939119
233.259,174,0.937,32,75,0.159286952,6,2,81.54140053,0.34957451,0.211010116
236.212,175,0.935,32,76,0.172857661,5,2,82.46211251,0.349102131,0.2190671
233.822,174,0.932,32,75,0.161874256,6,2,81.54140053,0.348732799,0.211010116
239.425,175,0.937,32,77,0.187623219,5,2,83.38465087,0.348270443,0.227140067
229.931,175,0.938,31,74,0.143992904,5,2,80.23091673,0.348934753,0.19954231
230.19,177,0.929,29,76,0.145183156,3,2,81.34494453,0.353381748,0.209290965
224.945,178,0.948,30,74,0.121079407,2,2,79.84985911,0.354975034,0.196207743
220.444,0,0.949,31,73,0.100394759,0,2,79.30952024,0.359771734,0.191479335
223.3,2,0.943,32,74,0.113519699,2,2,80.62257748,0.361050504,0.202969662
226.821,4,0.948,35,75,0.129700691,4,2,82.76472679,0.364890053,0.221715223
229.763,5,0.945,35,76,0.143220849,5,2,83.67197858,0.364166461,0.229654419
223.374,7,0.951,36,73,0.113859771,7,2,81.39410298,0.364384857,0.209721142
229.929,7,0.947,36,76,0.143983713,7,2,84.09518417,0.365744139,0.233357815
232.488,7,0.941,37,77,0.15574377,7,2,85.42833254,0.367452654,0.245023955
230.34,8,0.942,37,77,0.145872491,8,2,85.42833254,0.370879276,0.245023955
230.694,9,0.944,38,76,0.147499322,9,2,84.97058314,0.368325935,0.241018273
234.979,9,0.937,39,78,0.167191327,9,2,87.20665112,0.371125297,0.2605857
236.671,9,0.942,39,78,0.174967027,9,2,87.20665112,0.368472061,0.2605857
238.378,10,0.941,39,79,0.18281166,10,2,88.10221337,0.369590371,0.268422603
238.523,11,0.941,40,79,0.183478017,11,2,88.54942123,0.371240598,0.272336038
239.983,11,0.943,40,80,0.190187545,11,2,89.4427191,0.372704396,0.280153126
240.693,11,0.939,41,80,0.193450398,11,2,89.89438247,0.373481499,0.28410555
238.476,11,0.943,40,79,0.183262025,11,2,88.54942123,0.371313764,0.272336038
240.2,11,0.937,41,79,0.191184783,11,2,89.0056178,0.370547951,0.276328132
240.556,11,0.94,40,81,0.192820805,11,2,90.33825325,0.375539389,0.287989783
237.074,11,0.94,40,79,0.17681904,11,2,88.54942123,0.373509627,0.272336038
239.567,12,0.94,41,80,0.188275789,12,2,89.89438247,0.375236917,0.28410555
239.827,11,0.934,41,80,0.189470637,11,2,89.89438247,0.374830117,0.28410555
240.062,10,0.942,40,80,0.190550595,10,2,89.4427191,0.372581746,0.280153126
235.468,0,0.939,31,82,0.16943856,0,2,87.66413178,0.372297432,0.26458903
227.643,9,0.942,40,76,0.133478247,9,2,85.88364221,0.377273372,0.249008288
229.641,9,0.942,40,77,0.14266019,9,2,86.76981042,0.37784982,0.256762986
226.789,9,0.94,40,75,0.129553633,9,2,85,0.374797719,0.241275695
227.882,9,0.944,40,76,0.134576587,9,2,85.88364221,0.376877692,0.249008288
225.887,9,0.944,40,76,0.125408431,9,2,85.88364221,0.380206219,0.249008288
228.12,9,0.941,40,77,0.135670332,9,2,86.76981042,0.38036915,0.256762986
227.255,9,0.941,39,77,0.131695167,9,2,86.31338251,0.379808508,0.252768867
227.859,8,0.939,39,77,0.134470889,8,2,86.31338251,0.378801726,0.252768867
226.739,8,0.945,39,77,0.129323854,8,2,86.31338251,0.380672855,0.252768867
234.294,1,0.942,32,84,0.164043364,1,2,89.88882022,0.383658225,0.284056876
201.799,5,0.944,38,67,0.01471041,5,2,77.02596965,0.381696488,0.171496397
249.923,2,0.942,34,93,0.235867482,2,2,99.02019996,0.39620283,0.363963929
215.72,5,0.94,39,74,0.0786853,5,2,83.6480723,0.387762249,0.22944522
256.171,179,0.942,32,98,0.264580586,1,2,103.0921918,0.40243506,0.399597193
240.399,1,0.944,34,90,0.192099301,1,2,96.20810777,0.40020178,0.339355819
235.099,2,0.943,35,87,0.167742795,2,2,93.77632964,0.398880172,0.318075768
232.69,4,0.946,37,88,0.156672074,4,2,95.46203434,0.410254134,0.332827065
226.544,179,0.945,34,85,0.128427719,1,2,91.54780172,0.404106053,0.298574323
226.016,177,0.943,33,85,0.126001259,3,2,91.1811384,0.403427803,0.295365719
225.233,175,0.935,34,83,0.12240293,5,2,89.69392399,0.398227276,0.282351375
230.588,174,0.942,36,84,0.147012192,6,2,91.38927727,0.396331454,0.297187105
231.289,174,0.936,37,84,0.150233685,6,2,91.78779875,0.396853282,0.300674494
230.41,173,0.94,38,83,0.146194181,7,2,91.28526716,0.396186221,0.296276931
231.762,173,0.94,38,84,0.152407388,7,2,92.19544457,0.397802248,0.304241729
233.023,173,0.941,39,84,0.158202398,7,2,92.61209424,0.397437567,0.307887755
233.997,172,0.939,39,84,0.16267848,8,2,92.61209424,0.395783255,0.307887755
229.852,172,0.939,39,82,0.143629855,8,2,90.80198236,0.395045431,0.292047793
226.433,172,0.942,39,81,0.127917611,8,2,89.89994438,0.397026689,0.284154222
231.103,172,0.945,40,82,0.149378909,8,2,91.23595782,0.394784827,0.295845434
233.267,172,0.937,40,83,0.159323716,8,2,92.13576938,0.39497987,0.303719522
228.988,173,0.935,38,82,0.139659285,7,2,90.37698822,0.394680019,0.288328746
231.098,173,0.934,39,83,0.149355931,7,2,91.70605214,0.396827546,0.299959144
229.929,173,0.934,39,82,0.143983713,7,2,90.80198236,0.394913136,0.292047793
226.95,172,0.937,39,81,0.130293519,8,2,89.89994438,0.396122249,0.284154222
198.598,2,0.952,38,71,0,2,2,80.5294977,0.405489973,0.202155138
210.451,6,0.949,41,77,0.054471257,6,2,87.23531395,0.414516034,0.260836523
219.272,7,0.94,41,81,0.095008755,7,2,90.78546139,0.414031255,0.291903221
218.978,8,0.94,41,81,0.093657658,8,2,90.78546139,0.414587134,0.291903221
221.413,8,0.941,42,82,0.104847864,8,2,92.13034245,0.416101776,0.303672032
222.79,8,0.938,42,84,0.11117596,8,2,93.91485505,0.421539814,0.319287979
223.433,8,0.943,42,84,0.114130909,8,2,93.91485505,0.420326698,0.319287979
223.414,8,0.94,42,84,0.114043594,8,2,93.91485505,0.420362444,0.319287979
223.145,8,0.94,43,83,0.112807386,8,2,93.47726996,0.418908199,0.315458751
223.852,8,0.942,42,84,0.116056452,8,2,93.91485505,0.419539942,0.319287979
220.926,8,0.942,41,83,0.102609823,8,2,92.57429449,0.419028519,0.307556976
221.182,8,0.944,42,83,0.103786288,8,2,93.02150289,0.42056543,0.311470416
223.284,8,0.942,42,84,0.11344617,8,2,93.91485505,0.420607187,0.319287979
221.23,8,0.945,42,83,0.104006875,8,2,93.02150289,0.42047418,0.311470416
220.31,8,0.945,42,83,0.099778953,8,2,93.02150289,0.422230053,0.311470416
220.566,8,0.943,42,83,0.100955418,8,2,93.02150289,0.421739991,0.311470416
222.268,8,0.944,42,84,0.108777074,8,2,93.91485505,0.422529807,0.319287979
220.96,8,0.941,42,83,0.102766072,8,2,93.02150289,0.420987975,0.311470416
220.947,8,0.946,42,83,0.102706329,8,2,93.02150289,0.421012745,0.311470416
246.981,3,0.945,36,102,0.222347324,3,2,108.1665383,0.437954896,0.444001881
248.904,3,0.944,36,102,0.231184599,3,2,108.1665383,0.434571314,0.444001881
249.41,3,0.944,37,102,0.233509956,3,2,108.5034562,0.43504052,0.446950189
251.93,3,0.946,37,104,0.245090785,3,2,110.3856875,0.438160154,0.463421255
251.644,3,0.947,37,104,0.243776453,3,2,110.3856875,0.438658134,0.463421255
248.184,4,0.948,37,102,0.227875791,4,2,108.5034562,0.43718957,0.446950189
251.463,3,0.943,37,103,0.242944656,3,2,109.4440496,0.435229237,0.455181152
248.839,4,0.944,37,103,0.230885887,4,2,109.4440496,0.439818717,0.455181152
249.858,4,0.946,38,102,0.23556877,4,2,108.8485186,0.435641519,0.449969768
249.174,5,0.942,38,103,0.232425402,5,2,109.7861558,0.440600367,0.458174861
251.395,5,0.944,38,104,0.242632157,5,2,110.7248843,0.440441871,0.466389504
248.867,6,0.946,37,103,0.231014563,6,2,109.4440496,0.439769233,0.455181152
250.118,6,0.943,38,103,0.236763618,6,2,109.7861558,0.438937445,0.458174861
249.063,6,0.944,38,103,0.231915295,6,2,109.7861558,0.440796729,0.458174861
250.672,7,0.946,38,103,0.239309562,7,2,109.7861558,0.437967367,0.458174861
249.244,7,0.943,39,102,0.232747092,7,2,109.2016483,0.438131503,0.453059942
249.938,7,0.945,39,102,0.235936416,7,2,109.2016483,0.436914948,0.453059942
249.389,7,0.944,38,102,0.233413449,7,2,108.8485186,0.436460785,0.449969768
249.486,7,0.944,39,102,0.233859219,7,2,109.2016483,0.437706518,0.453059942
247.816,7,0.945,38,101,0.226184622,7,2,107.9120012,0.435452114,0.441774473
249.595,6,0.946,38,102,0.234360136,6,2,108.8485186,0.436100557,0.449969768
246.575,5,0.944,38,101,0.220481524,5,2,107.9120012,0.437643724,0.441774473
248.384,5,0.946,38,102,0.228794904,5,2,108.8485186,0.438226772,0.449969768
247.245,4,0.944,38,101,0.223560553,4,2,107.9120012,0.436457769,0.441774473
248.143,4,0.947,37,102,0.227687373,4,2,108.5034562,0.437261805,0.446950189
244.064,2,0.945,37,100,0.208942054,2,2,106.6255129,0.436875217,0.430516647
249.16,2,0.945,32,88,0.232361065,2,2,93.63759929,0.375813129,0.316861764
244.959,2,0.946,32,87,0.213055087,2,2,92.6984358,0.378424291,0.308643314
247.778,3,0.946,33,88,0.226009991,3,2,93.9840412,0.379307449,0.319893414
248.146,3,0.944,32,89,0.227701159,3,2,94.57801013,0.381138564,0.325091129
246.855,3,0.947,33,89,0.221768282,3,2,94.9210198,0.384521358,0.328092745
248.642,3,0.947,33,90,0.229980561,3,2,95.85927185,0.385531293,0.336303219
253.084,3,0.949,33,92,0.25039407,3,2,97.73944956,0.386193713,0.352756314
244.265,3,0.941,33,88,0.209865763,3,2,93.9840412,0.384762619,0.319893414
246.687,3,0.944,33,89,0.220996227,3,2,94.9210198,0.384783227,0.328092745
247.978,3,0.942,33,90,0.226929104,3,2,95.85927185,0.386563614,0.336303219
250.494,3,0.943,34,91,0.238491551,3,2,97.14422268,0.387810577,0.347547591
245.319,3,0.943,33,90,0.214709491,3,2,95.85927185,0.390753557,0.336303219
248.222,3,0.941,33,91,0.228050423,3,2,96.79876032,0.389968497,0.344524512
246.919,2,0.944,33,90,0.222062399,2,2,95.85927185,0.38822153,0.336303219
246.402,2,0.943,33,90,0.21968649,2,2,95.85927185,0.389036095,0.336303219
246.643,2,0.942,33,91,0.220794022,2,2,96.79876032,0.392465062,0.344524512
247.348,3,0.945,34,91,0.224033897,3,2,97.14422268,0.39274311,0.347547591
246.024,3,0.951,33,91,0.217949366,3,2,96.79876032,0.39345251,0.344524512
247.678,3,0.945,32,92,0.225550434,3,2,97.4063653,0.393278229,0.349841554
244.897,3,0.943,35,93,0.212770162,3,2,99.3680029,0.405754268,0.367007489
243.841,179,0.947,32,92,0.207917243,1,2,97.4063653,0.399466723,0.349841554
239.129,177,0.942,31,89,0.186262931,3,2,94.24436323,0.394115156,0.322171445
242.113,177,0.945,31,90,0.199976103,3,2,95.18928511,0.39316057,0.330440286
237.153,176,0.931,28,89,0.17718209,4,2,93.30058949,0.393419394,0.313912652
240.072,176,0.934,29,90,0.190596551,4,2,94.5568612,0.393868761,0.324906059
240.375,175,0.933,29,90,0.191989007,5,2,94.5568612,0.393372277,0.324906059
241.141,175,0.946,31,90,0.195509212,5,2,95.18928511,0.394745336,0.330440286
242.014,175,0.933,29,91,0.199521142,5,2,95.50916186,0.394643128,0.333239469
241.357,175,0.934,30,90,0.196501854,5,2,94.86832981,0.393062268,0.327631664
240.126,175,0.927,29,90,0.190844711,5,2,94.5568612,0.393780187,0.324906059
240.774,176,0.937,30,90,0.193822639,4,2,94.86832981,0.394014012,0.327631664
242.816,2,0.941,32,92,0.203206787,2,2,97.4063653,0.401152994,0.349841554
242.482,2,0.943,35,94,0.201671867,2,2,100.3045363,0.413657658,0.375202924
241.434,0,0.947,34,94,0.196855713,0,2,99.959992,0.41402616,0.372187879
243.131,3,0.945,33,94,0.20465439,3,2,99.62429423,0.409755622,0.369250249
243.447,3,0.948,35,95,0.20610659,3,2,101.2422837,0.415869917,0.383408981
244.111,2,0.945,34,96,0.209158046,2,2,101.8430165,0.41719962,0.388665885
209.717,4,0.954,38,78,0.051098111,4,2,86.76404785,0.413719669,0.256712558
230.606,5,0.89,44,100,0.147094912,5,3,109.2520023,0.47376045,0.45350058
235.457,5,0.849,49,100,0.169388008,5,3,111.3597773,0.472951653,0.471945338
233.839,7,0.817,49,99,0.161952381,7,3,110.4626634,0.472387683,0.464094857
228.979,5,0.861,51,96,0.139617925,5,3,108.7060256,0.474742337,0.448722837
229.358,6,0.849,48,98,0.141359644,6,3,109.1237829,0.475779275,0.452378556
224.638,5,0.876,48,95,0.119668568,5,3,106.4377752,0.473819101,0.428873789
224.773,6,0.879,47,96,0.120288969,6,3,106.8877916,0.475536615,0.432811801
227.697,5,0.877,47,97,0.133726408,5,3,107.7868267,0.473378335,0.440679094
235.22,8,0.841,44,103,0.168298859,8,3,112.0044642,0.476168966,0.477586877
234.946,7,0.859,43,104,0.167039674,7,3,112.5388822,0.478998928,0.482263472
232.109,6,0.917,45,101,0.15400205,6,3,110.571244,0.476376375,0.465045026
236.49,5,0.924,44,104,0.174135229,5,3,112.9247537,0.477503293,0.485640164
234.291,5,0.925,44,103,0.164029577,5,3,112.0044642,0.47805705,0.477586877
233.849,5,0.925,43,103,0.161998336,5,3,111.6154111,0.477296936,0.474182344
240.248,6,0.925,45,106,0.19140537,6,3,115.1564154,0.479323097,0.505169032
238.875,5,0.924,43,106,0.185095657,5,3,114.3896848,0.478868382,0.498459511
239.171,6,0.918,45,106,0.186455945,6,3,115.1564154,0.481481515,0.505169032
232.776,5,0.919,45,102,0.157067293,5,3,111.4854251,0.478938658,0.473044859
233.384,5,0.918,44,102,0.159861398,5,3,111.0855526,0.475977585,0.469545648
231.359,5,0.923,45,101,0.150555374,5,3,110.571244,0.477920651,0.465045026
233.921,5,0.915,45,102,0.162329217,5,3,111.4854251,0.476594342,0.473044859
234.027,6,0.908,46,102,0.162816347,6,3,111.8928058,0.478119216,0.476609775
230.573,5,0.897,44,101,0.146943259,5,3,110.1680534,0.477801189,0.461516779
223.594,5,0.909,45,97,0.114870796,5,3,106.9298836,0.478232348,0.43318014
222.25,5,0.892,45,96,0.108694353,5,3,106.0235823,0.477046489,0.425249261
229.282,6,0.872,45,100,0.141010381,6,3,109.658561,0.478269384,0.457058302
234.428,5,0.853,46,103,0.16465917,5,3,112.8051417,0.481193124,0.484593461
227,5,0.875,48,98,0.130523297,5,3,109.1237829,0.480721511,0.452378556
229.846,6,0.866,48,100,0.143602281,6,3,110.923397,0.48259877,0.468126653
226.245,6,0.878,49,97,0.127053644,6,3,108.6738239,0.480336909,0.448441046
227.432,5,0.874,50,97,0.132508582,5,3,109.1283648,0.479828541,0.452418651
227.686,4,0.877,52,96,0.133675856,4,3,109.1787525,0.479514562,0.452859585
227.045,5,0.851,50,96,0.130730098,5,3,108.240473,0.476735771,0.444648871
229.67,7,0.856,48,99,0.142793461,7,3,110.0227249,0.479047002,0.460245035
232.973,6,0.856,50,100,0.15797262,6,3,111.8033989,0.479898524,0.475827391
236.452,6,0.845,49,103,0.173960598,6,3,114.061387,0.482387068,0.495586636
234.755,5,0.856,49,102,0.16616192,5,3,113.1591799,0.482030968,0.487691585
225.574,5,0.876,49,97,0.123970019,5,3,108.6738239,0.481765735,0.448441046
225.7,3,0.891,48,97,0.12454906,3,3,108.2266141,0.479515348,0.444527594
242.951,174,0.898,53,103,0.203827188,6,3,115.8360911,0.476787875,0.511116751
235.016,10,0.889,48,103,0.167361363,10,3,113.6353818,0.483521896,0.491858742
242.204,178,0.881,52,106,0.2003943,2,3,118.0677771,0.487472449,0.530645832
232.515,10,0.912,47,105,0.15586785,10,3,115.0391238,0.49476001,0.504142634
238.867,12,0.903,49,106,0.185058892,12,3,116.7775663,0.488881119,0.51935543
234.126,12,0.913,49,103,0.163271308,12,3,114.061387,0.487179497,0.495586636
239.019,12,0.903,49,106,0.185757418,12,3,116.7775663,0.488570224,0.51935543
236.207,12,0.917,51,104,0.172834684,12,3,115.8317746,0.49038248,0.511078978
238.965,12,0.899,51,104,0.185509258,12,3,115.8317746,0.484722761,0.511078978
240.194,12,0.899,50,105,0.19115721,12,3,116.2970335,0.484179594,0.515150374
239.942,13,0.909,49,106,0.189999127,13,3,116.7775663,0.48669081,0.51935543
236.591,11,0.906,50,104,0.174599381,11,3,115.3949739,0.487740336,0.507256614
242.659,177,0.869,53,108,0.202485283,3,3,120.3037822,0.495773007,0.550212707
256.599,178,0.791,53,113,0.266547488,2,3,124.8118584,0.486408203,0.589662067
245.927,176,0.86,54,107,0.217503596,4,3,119.8540779,0.487356321,0.546277427
240.294,177,0.89,54,105,0.191616766,3,3,118.0720119,0.491364794,0.53068289
242.72,2,0.855,47,110,0.202765612,2,3,119.6202324,0.492832203,0.544231087
230.838,4,0.887,44,105,0.148161084,4,3,113.8463877,0.493187377,0.493705217
235.675,6,0.877,40,110,0.170389842,6,3,117.0469991,0.496645801,0.521713188
231.462,6,0.903,42,108,0.151028718,6,3,115.8792475,0.500640483,0.511494405
221.291,5,0.921,44,102,0.104287205,5,3,111.0855526,0.50198857,0.469545648
228.586,7,0.909,44,106,0.137811867,7,3,114.7693339,0.502083828,0.501781751
226.778,6,0.914,45,104,0.129503081,6,3,113.3181362,0.499687519,0.489082583
223.328,8,0.921,46,102,0.113648375,8,3,111.8928058,0.501024528,0.476609775
227.492,9,0.914,45,104,0.132784316,9,3,113.3181362,0.498119214,0.489082583
228.512,9,0.913,45,105,0.137471795,9,3,114.2365966,0.499915088,0.497119864
229.037,8,0.91,48,104,0.139884467,8,3,114.5425685,0.500105086,0.499797369
234.348,10,0.903,44,109,0.164291524,10,3,117.5457358,0.501586255,0.526077542
233.978,10,0.908,48,107,0.162591165,10,3,117.2731853,0.501214581,0.523692503
227.95,10,0.917,49,102,0.134889086,10,3,113.1591799,0.496421057,0.487691585
234.427,10,0.913,50,106,0.164654574,10,3,117.2006826,0.499945325,0.523058044
232.943,11,0.92,52,104,0.157834753,11,3,116.2755348,0.499158742,0.514962244
232.083,6,0.905,37,94,0.153882565,6,3,101.0198,0.435274449,0.381462068
228.551,5,0.91,36,91,0.137651022,5,3,97.86214794,0.428185166,0.353830025
233.497,6,0.891,34,94,0.160380697,6,3,99.959992,0.428099684,0.372187879
232.787,6,0.891,34,95,0.157117844,6,3,100.9009415,0.433447493,0.380421958
231.499,5,0.891,35,94,0.151198754,5,3,100.3045363,0.433282806,0.375202924
233.337,6,0.888,36,95,0.159645406,6,3,101.5923225,0.435388826,0.386472108
232.483,5,0.883,36,94,0.155720792,5,3,100.6578363,0.432968588,0.378294588
233.513,3,0.893,41,94,0.160454226,3,3,102.5524256,0.439172233,0.394873797
240.584,4,0.848,38,99,0.192949481,4,3,106.0424443,0.440770975,0.425414319
232.046,1,0.898,42,94,0.153712529,1,3,102.9563014,0.443689188,0.398408041
236.032,1,0.891,44,96,0.172030459,1,3,105.6030303,0.447409801,0.421569086
229.687,1,0.905,43,93,0.142871586,1,3,102.4597482,0.446084229,0.394062793
231.06,6,0.906,38,100,0.1491813,6,3,106.976633,0.462982052,0.433589235
226.356,5,0.916,39,97,0.127563752,5,3,104.5466403,0.461868209,0.412324809
227.007,6,0.912,38,99,0.130555466,6,3,106.0424443,0.467132927,0.425414319
222.598,0,0.913,46,94,0.110293611,0,3,104.6518036,0.470138113,0.413245074
221.819,177,0.915,51,91,0.106713664,3,3,104.3168251,0.470279034,0.410313738
230.303,179,0.9,48,98,0.145702455,1,3,109.1237829,0.473827015,0.452378556
229.435,179,0.901,48,98,0.141713503,1,3,109.1237829,0.4756196,0.452378556
228.199,179,0.908,48,97,0.136033382,1,3,108.2266141,0.474264191,0.444527594
230.223,1,0.894,47,99,0.14533481,1,3,109.5901455,0.476017364,0.456459611
228.303,1,0.902,45,99,0.136511321,1,3,108.7474138,0.476329324,0.449085018
233.071,4,0.884,42,103,0.158422985,4,3,111.2339876,0.477253659,0.470844576
227.164,2,0.908,44,98,0.13127697,2,3,107.424392,0.472893557,0.437507494
226.543,3,0.906,43,98,0.128423123,3,3,107.01869,0.472399015,0.433957268
227.922,4,0.901,42,100,0.13476041,4,3,108.4619749,0.475873215,0.446587194
229.565,5,0.895,39,101,0.142310927,5,3,108.2681855,0.471623225,0.444891378
236.964,6,0.868,37,105,0.176313528,6,3,111.3283432,0.469811208,0.471670264
231.285,6,0.886,38,102,0.150215302,6,3,108.8485186,0.470625067,0.449969768
232.065,5,0.886,37,102,0.153799845,5,3,108.5034562,0.467556315,0.446950189
227.243,5,0.925,41,99,0.13164002,5,3,107.1540946,0.471539694,0.43514217
231.996,6,0.912,40,101,0.153482751,6,3,108.6324077,0.46825121,0.44807862
231.101,4,0.889,40,103,0.149369718,4,3,110.4943437,0.478121444,0.464372086
227.65,3,0.91,41,100,0.133510416,3,3,108.078675,0.474758072,0.443233006
232.888,5,0.892,39,103,0.157581996,5,3,110.1362792,0.472915218,0.461238728
227.714,3,0.903,42,99,0.133804532,3,3,107.54069,0.472262092,0.438525196
234.938,2,0.879,44,102,0.167002909,2,3,111.0855526,0.472829226,0.469545648
232.404,5,0.907,36,89,0.155357742,5,3,96.00520819,0.413096195,0.337580281
231.575,3,0.903,37,92,0.151548017,3,3,99.16148446,0.428204618,0.365200284
230.993,2,0.903,40,92,0.148873397,2,3,100.3194896,0.434296665,0.375333778
229.462,2,0.905,41,92,0.141837583,2,3,100.7223908,0.4389502,0.378859493
234.829,2,0.887,39,95,0.166501992,2,3,102.6937194,0.437312765,0.396110233
239.893,1,0.88,42,97,0.189773944,1,3,105.7024125,0.440623163,0.422438762
238.852,0,0.892,43,96,0.184989959,0,3,105.1903037,0.44039951,0.417957391
231.768,0,0.906,44,92,0.152434961,0,3,101.9803903,0.440010658,0.389868019
238.833,0,0.888,44,96,0.184902643,0,3,105.6030303,0.442162642,0.421569086
232.898,179,0.906,45,93,0.157627952,1,3,103.3150521,0.443606438,0.401547404
233.501,179,0.896,44,93,0.160399079,1,3,102.8834292,0.440612371,0.397770349
229.673,3,0.903,39,95,0.142807248,3,3,102.6937194,0.447130134,0.396110233
237.783,8,0.827,43,100,0.180077297,8,3,108.853112,0.457783408,0.450009964
231.055,4,0.933,42,98,0.149158322,4,3,106.6208235,0.461452137,0.430475611
233.77,8,0.851,37,94,0.161635287,8,3,101.0198,0.432133294,0.381462068
232.758,3,0.888,47,96,0.156984573,3,3,106.8877916,0.459222848,0.432811801
241.579,8,0.804,48,99,0.19752207,8,3,110.0227249,0.45543166,0.460245035
251.422,23,0.716,36,109,0.242756237,23,3,114.7911146,0.456567503,0.501972351
249.248,21,0.734,37,108,0.232765474,21,3,114.1621654,0.458026405,0.49646853
242.748,11,0.782,45,101,0.202894288,11,3,110.571244,0.455498064,0.465045026
250.881,25,0.729,34,110,0.240270036,25,3,115.1347037,0.458921575,0.504979037
249.781,23,0.736,35,109,0.235214912,23,3,114.4814395,0.458327253,0.49926244
248.832,21,0.763,34,109,0.230853719,21,3,114.179683,0.458862538,0.496621823
229.326,4,0.882,47,94,0.141212586,4,3,105.0951949,0.458278586,0.417125111
230.336,3,0.881,47,94,0.145854109,3,3,105.0951949,0.456269081,0.417125111
225.344,3,0.897,48,91,0.122913038,3,3,102.8834292,0.456561653,0.397770349
221.007,2,0.909,48,89,0.102982064,2,3,101.1187421,0.457536377,0.382327891
232.988,7,0.862,43,97,0.158041553,7,3,106.1037228,0.455404239,0.425950556
238.058,8,0.836,42,101,0.181341078,8,3,109.3846424,0.459487362,0.45466129
227.706,5,0.923,42,95,0.133767768,5,3,103.8701112,0.456158868,0.406404625
223.499,4,0.924,42,93,0.114434217,4,3,102.0441081,0.456575233,0.390425602
226.564,4,0.926,42,95,0.12851963,4,3,103.8701112,0.458458145,0.406404625
223.8,2,0.899,44,93,0.115817482,2,3,102.8834292,0.45971148,0.397770349
224.81,2,0.92,46,101,0.120459005,2,3,110.9819805,0.493670124,0.468639307
232.385,4,0.905,36,88,0.155270426,4,3,95.07891459,0.40914394,0.329474453
231.49,3,0.907,37,88,0.151157394,3,3,95.46203434,0.412380813,0.332827065
229.477,5,0.907,36,87,0.141906517,5,3,94.15412896,0.410298762,0.321381822
231.286,5,0.906,35,88,0.150219898,5,3,94.70480452,0.409470545,0.326200684
231.057,1,0.909,43,92,0.149167513,1,3,101.5529419,0.439514673,0.386127495
227.746,2,0.91,41,94,0.13395159,2,3,102.5524256,0.450292983,0.394873797
234.441,11,0.828,43,96,0.164718912,11,3,105.1903037,0.448685613,0.417957391
233.485,0,0.866,53,90,0.16032555,0,3,104.4461584,0.447335625,0.41144551
265.891,24,0.777,33,58,0.309249498,24,4,66.73080248,0.25097052,0.081405251
272.011,16,0.752,39,57,0.337374369,16,4,69.0651866,0.253905859,0.101833025
269.956,21,0.779,37,59,0.327930478,21,4,69.64194139,0.257975157,0.106880101
269.438,17,0.779,38,59,0.325549974,17,4,70.17834424,0.26046194,0.111574066
270.969,11,0.759,40,59,0.332585788,11,4,71.28113355,0.263060105,0.121224376
271.931,17,0.768,38,60,0.337006723,17,4,71.02112362,0.261173326,0.118949076
272.12,18,0.768,38,60,0.337875285,18,4,71.02112362,0.260991929,0.118949076
273.088,18,0.767,39,60,0.342323794,18,4,71.56116265,0.262044332,0.12367486
271.662,15,0.746,40,59,0.335770516,15,4,71.28113355,0.262389048,0.121224376
270.764,22,0.774,37,60,0.331643696,22,4,70.49113419,0.260341604,0.114311234
269.149,19,0.767,38,59,0.324221856,19,4,70.17834424,0.260741612,0.111574066
270.468,24,0.764,36,60,0.330283409,24,4,69.97142274,0.258704996,0.109763333
270.919,21,0.762,37,59,0.332356009,21,4,69.64194139,0.257058166,0.106880101
269.819,21,0.765,37,58,0.327300886,21,4,68.79680225,0.254973898,0.099484442
269.604,23,0.76,36,58,0.326312839,23,4,68.26419266,0.253201706,0.094823671
268.499,26,0.77,35,58,0.321234737,26,4,67.74215822,0.252299481,0.090255442
267.437,26,0.765,34,58,0.316354245,26,4,67.23094526,0.251389842,0.08578191
268.273,30,0.767,33,59,0.320196139,30,4,67.60177512,0.25198874,0.089026975
268.384,29,0.765,34,58,0.320706247,29,4,67.23094526,0.250502807,0.08578191
264.616,30,0.762,33,58,0.30339015,30,4,66.73080248,0.252179772,0.081405251
264.08,28,0.775,32,58,0.300926926,28,4,66.24198065,0.250840581,0.07712766
265.27,28,0.768,33,58,0.306395651,28,4,66.73080248,0.251558045,0.081405251
265.004,28,0.769,32,58,0.30517323,28,4,66.24198065,0.249965965,0.07712766
264.259,28,0.779,33,58,0.301749532,28,4,66.73080248,0.252520453,0.081405251
268.038,29,0.761,34,57,0.319116181,29,4,66.37017402,0.247614794,0.078249457
268.842,27,0.771,35,58,0.322811016,27,4,67.74215822,0.251977586,0.090255442
270.694,29,0.757,35,59,0.331322007,29,4,68.60029154,0.253423761,0.097764812
270.077,23,0.774,37,59,0.328486542,23,4,69.64194139,0.257859579,0.106880101
271.183,21,0.764,39,59,0.333569239,21,4,70.72481884,0.260801078,0.116356166
271.095,19,0.77,39,60,0.333164829,19,4,71.56116265,0.263970795,0.12367486
273.616,18,0.768,39,61,0.344750254,18,4,72.40165744,0.264610467,0.131029877
272.485,18,0.769,40,61,0.339552667,18,4,72.9451849,0.267703488,0.135786188
272.941,17,0.764,40,61,0.341648246,17,4,72.9451849,0.267256238,0.135786188
275.062,16,0.756,41,61,0.351395444,16,4,73.4982993,0.2672063,0.140626392
272.904,12,0.757,41,60,0.34147821,12,4,72.6704892,0.266285907,0.133382376
275.832,12,0.731,42,61,0.354934031,12,4,74.06078585,0.268499615,0.14554861
276.088,17,0.749,41,62,0.356110496,17,4,74.33034374,0.269226999,0.147907462
270.907,22,0.766,38,62,0.332300863,22,4,72.71863585,0.268426566,0.133803698
276.34,17,0.73,40,61,0.357268579,17,4,72.9451849,0.263968969,0.135786188
267.758,20,0.77,37,61,0.317829422,20,4,71.34423593,0.266450436,0.121776573
268.029,26,0.773,36,62,0.31907482,26,4,71.69379332,0.26748521,0.124835487
267.149,23,0.778,36,61,0.315030721,23,4,70.83078427,0.265135876,0.11728345
267.421,24,0.764,36,61,0.316280716,24,4,70.83078427,0.264866201,0.11728345
268.809,24,0.766,36,61,0.322659363,24,4,70.83078427,0.263498559,0.11728345
266.513,24,0.759,35,60,0.312107941,24,4,69.46221995,0.260633515,0.105307392
266.528,25,0.776,35,60,0.312176874,25,4,69.46221995,0.260618847,0.105307392
266.647,24,0.776,35,60,0.312723747,24,4,69.46221995,0.260502537,0.105307392
265.055,25,0.782,34,59,0.305407604,25,4,68.09552114,0.25691091,0.093347658
263.747,24,0.782,35,59,0.299396602,24,4,68.60029154,0.260098851,0.097764812
266.622,26,0.778,35,60,0.312608857,26,4,69.46221995,0.260526963,0.105307392
268.454,26,0.78,37,60,0.321027936,26,4,70.49113419,0.262581799,0.114311234
271.017,22,0.753,38,60,0.332806375,22,4,71.02112362,0.262054128,0.118949076
270.992,20,0.757,39,60,0.332691486,20,4,71.56116265,0.264071126,0.12367486
273.719,20,0.772,40,60,0.345223597,20,4,72.11102551,0.263449105,0.12848661
273.038,18,0.755,40,61,0.342094016,18,4,72.9451849,0.267161292,0.135786188
277.688,12,0.741,42,61,0.363463403,12,4,74.06078585,0.266705028,0.14554861
272.143,14,0.747,42,60,0.337980984,14,4,73.23933369,0.26912077,0.138360231
272.877,13,0.758,41,61,0.34135413,13,4,73.4982993,0.269345893,0.140626392
276.833,16,0.765,40,63,0.359534193,16,4,74.62573283,0.269569498,0.150492359
277.207,12,0.75,43,62,0.361252935,12,4,75.45197148,0.272186386,0.157722624
273.865,12,0.758,42,61,0.34589455,12,4,74.06078585,0.270428079,0.14554861
271.043,15,0.76,40,61,0.33292586,15,4,72.9451849,0.269127721,0.135786188
273.355,17,0.765,39,63,0.343550811,17,4,74.09453421,0.271056078,0.145843936
269.556,12,0.772,40,60,0.326092251,12,4,72.11102551,0.26751779,0.12848661
272.65,28,0.757,35,55,0.340310936,28,4,65.19202405,0.239105168,0.06793968
282.16,25,0.74,33,47,0.384014779,25,4,57.42821606,0.203530678,0
280.128,22,0.747,32,49,0.374676587,22,4,58.52349955,0.208916993,0.009584628
277.745,18,0.746,32,49,0.363725351,18,4,58.52349955,0.210709462,0.009584628
276.498,21,0.743,31,50,0.357994678,21,4,58.83026432,0.212769222,0.012269071
275.396,17,0.761,32,50,0.352930363,17,4,59.36328832,0.215556102,0.016933467
277.687,18,0.755,33,50,0.363458808,18,4,59.9082632,0.215740251,0.021702444
276.204,19,0.755,33,51,0.356643582,19,4,60.74537019,0.219929365,0.029027816
279.129,20,0.749,34,52,0.370085615,20,4,62.12889827,0.222581309,0.04113482
279.889,20,0.739,35,51,0.373578246,20,4,61.85466838,0.220997139,0.038735084
280.365,16,0.733,35,52,0.375765736,16,4,62.68173578,0.2235719,0.045972601
279.775,16,0.747,35,53,0.373054352,16,4,63.51377803,0.227017346,0.053253652
279.643,15,0.748,36,52,0.372447737,15,4,63.2455532,0.226165337,0.050906465
282.424,13,0.748,36,53,0.385228009,13,4,64.07027392,0.226858461,0.058123447
283.433,15,0.728,36,52,0.389864936,15,4,63.2455532,0.223141106,0.050906465
282.545,16,0.735,36,52,0.385784073,16,4,63.2455532,0.223842408,0.050906465
279.739,19,0.751,34,53,0.372888911,19,4,62.96824597,0.225096415,0.0484798
283.11,17,0.735,36,52,0.388380568,17,4,63.2455532,0.223395688,0.050906465
278.317,20,0.732,35,52,0.366354015,20,4,62.68173578,0.225217057,0.045972601
274.411,19,0.755,34,53,0.34840373,19,4,62.96824597,0.229466916,0.0484798
272.633,20,0.758,34,52,0.340232811,20,4,62.12889827,0.227884732,0.04113482
270.64,26,0.771,31,55,0.331073846,26,4,63.13477647,0.233279547,0.049937078
268.279,27,0.784,31,54,0.320223712,27,4,62.2655603,0.232092561,0.042330725
268.971,26,0.786,31,55,0.323403845,26,4,63.13477647,0.234727076,0.049937078
266.27,25,0.789,30,55,0.310991218,25,4,62.64982043,0.235286816,0.045693315
264.788,29,0.791,29,55,0.304180587,29,4,62.17716623,0.234818671,0.041557204
265.14,27,0.777,30,55,0.305798227,27,4,62.64982043,0.236289584,0.045693315
269.149,26,0.777,32,55,0.324221856,26,4,63.63175308,0.236418315,0.05428603
270.962,24,0.763,33,55,0.332553619,24,4,64.14047084,0.236713897,0.058737728
272.465,25,0.779,33,55,0.339460756,25,4,64.14047084,0.235408111,0.058737728
270.025,21,0.796,34,55,0.328247572,21,4,64.66065264,0.239461726,0.063289744
274.357,21,0.77,35,55,0.348155569,21,4,65.19202405,0.237617499,0.06793968
275.404,17,0.77,35,54,0.352967128,17,4,64.35060217,0.233658924,0.060576549
277.335,15,0.762,35,54,0.361841168,15,4,64.35060217,0.232032027,0.060576549
280.095,12,0.746,36,55,0.374524933,12,4,65.73431372,0.234685781,0.072685158
280.995,9,0.746,37,54,0.378660944,9,4,65.4599114,0.232957566,0.070283913
282.161,6,0.752,38,55,0.384019375,6,4,66.85057965,0.236923528,0.0824534
278.094,10,0.752,37,56,0.365329203,10,4,67.11929678,0.24135471,0.084804895
281.566,10,0.748,37,55,0.381285012,10,4,66.28725368,0.235423502,0.077523836
281.139,9,0.757,36,55,0.379322705,9,4,65.73431372,0.233814283,0.072685158
278.376,11,0.746,36,55,0.366625153,11,4,65.73431372,0.236134989,0.072685158
276.863,11,0.751,37,56,0.35967206,11,4,67.11929678,0.242427832,0.084804895
272.796,15,0.757,36,57,0.340981889,15,4,67.41661516,0.247131978,0.087406674
270.806,20,0.775,34,58,0.33183671,20,4,67.23094526,0.248262392,0.08578191
266.773,23,0.791,33,57,0.313302788,23,4,65.8634952,0.24688966,0.073815602
267.691,26,0.788,32,58,0.317521519,26,4,66.24198065,0.247456884,0.07712766
267.952,24,0.776,32,56,0.318720962,24,4,64.49806199,0.240707522,0.061866943
266.379,27,0.79,30,57,0.311492135,27,4,64.41273166,0.241808595,0.061120233
266.839,26,0.787,30,56,0.313606096,26,4,63.5295207,0.238081842,0.053391413
271.45,32,0.771,31,54,0.334796256,32,4,62.2655603,0.229381324,0.042330725
275.727,15,0.781,34,54,0.354451496,15,4,63.81222453,0.231432629,0.055865304
261.685,15,0.814,37,65,0.289920543,15,4,74.79304781,0.285813279,0.151956502
263.024,14,0.808,37,64,0.296074007,14,4,73.92563831,0.281060429,0.144365958
266.15,15,0.799,37,65,0.31043975,15,4,74.79304781,0.281018402,0.151956502
261.602,16,0.81,37,64,0.289539111,16,4,73.92563831,0.2825882,0.144365958
264.178,15,0.798,38,64,0.301377291,15,4,74.43117626,0.281746308,0.14878983
263.786,14,0.803,38,64,0.299575829,14,4,74.43117626,0.282164998,0.14878983
264.074,17,0.807,36,65,0.300899352,17,4,74.30343195,0.281373524,0.147671962
264.406,14,0.799,38,65,0.302425081,14,4,75.29276194,0.284761926,0.15632941
263.508,13,0.797,38,64,0.298298261,13,4,74.43117626,0.282462681,0.14878983
260.84,16,0.806,36,64,0.286037288,16,4,73.430239,0.281514488,0.140030809
263.301,14,0.815,37,63,0.297346979,14,4,73.06161783,0.277483252,0.136805071
264.377,22,0.804,33,58,0.302291809,22,4,66.73080248,0.252407745,0.081405251
265.414,17,0.793,34,55,0.307057412,17,4,64.66065264,0.243621861,0.063289744
259.785,25,0.81,30,55,0.281188965,25,4,62.64982043,0.241160269,0.045693315
276.715,2,0.777,37,57,0.358991916,2,4,67.95586803,0.245580717,0.092125578
277.953,178,0.753,37,55,0.364681228,2,4,66.28725368,0.238483678,0.077523836
266.35,4,0.801,35,57,0.311358863,4,4,66.88796603,0.251128087,0.082780561
271.619,1,0.794,35,56,0.335572906,1,4,66.03786792,0.243126835,0.075341506
270.3,4,0.794,36,58,0.329511353,4,4,68.26419266,0.252549732,0.094823671
271.823,3,0.782,36,58,0.336510402,3,4,68.26419266,0.251134719,0.094823671
268.785,5,0.808,36,57,0.322549069,5,4,67.41661516,0.250819857,0.087406674
269.219,5,0.799,36,58,0.324543545,5,4,68.26419266,0.2535638,0.094823671
271.732,5,0.772,35,58,0.336092205,5,4,67.74215822,0.249297684,0.090255442
271.639,5,0.799,36,58,0.335664818,5,4,68.26419266,0.25130483,0.094823671
261.976,24,0.819,29,55,0.291257853,24,4,62.17716623,0.237339169,0.041557204
260.136,23,0.816,28,53,0.282802009,23,4,59.94163828,0.230424233,0.021994503
262.484,22,0.808,29,53,0.293592401,22,4,60.41522987,0.230167286,0.026138818
262.235,23,0.805,29,53,0.292448105,23,4,60.41522987,0.230385837,0.026138818
262.276,24,0.814,29,53,0.292636523,24,4,60.41522987,0.230349822,0.026138818
264.313,22,0.808,29,54,0.301997693,22,4,61.29437168,0.231900707,0.033832029
266.009,23,0.819,29,54,0.309791775,23,4,61.29437168,0.230422172,0.033832029
264.908,24,0.808,29,53,0.304732055,24,4,60.41522987,0.228061175,0.026138818
264.998,24,0.814,30,53,0.305145656,24,4,60.90155991,0.229818942,0.030394604
263.451,25,0.815,29,54,0.298036314,25,4,61.29437168,0.232659476,0.033832029
264.408,25,0.812,29,53,0.302434272,25,4,60.41522987,0.228492443,0.026138818
373.12,46,0.679,121,103,0.802027564,46,5,158.9024858,0.425875016,0.887982982
402.944,58,0.738,120,98,0.939085758,58,5,154.9322433,0.384500683,0.853240108
404.88,58,0.743,122,99,0.947982776,58,5,157.1146079,0.388052282,0.872337585
393.428,54,0.742,123,107,0.895354341,54,5,163.027605,0.41437723,0.924081154
393.666,53,0.716,121,100,0.896448086,53,5,156.9745202,0.398750515,0.871111704
406.465,59,0.745,122,98,0.95526675,59,5,156.4864211,0.384993594,0.866840437
399.46,57,0.727,118,100,0.923074802,57,5,154.6738504,0.387207356,0.850978959
402.212,58,0.723,119,100,0.935721803,58,5,155.4380906,0.386458113,0.857666686
400.471,58,0.719,120,99,0.92772092,58,5,155.5667059,0.388459354,0.858792176
399.105,55,0.735,122,103,0.921443376,55,5,159.6652749,0.400058318,0.894658011
398.723,56,0.729,121,101,0.919687869,56,5,157.6134512,0.395295609,0.876702873
406.346,58,0.741,122,98,0.954719877,58,5,156.4864211,0.385106341,0.866840437
398.692,56,0.717,119,101,0.919545407,56,5,156.0833111,0.391488445,0.863312894
401.189,57,0.733,121,100,0.931020538,57,5,156.9745202,0.391273241,0.871111704
399.504,54,0.734,120,103,0.923277007,54,5,158.1423409,0.395846702,0.881331092
391.293,54,0.716,121,103,0.885542805,54,5,158.9024858,0.406095907,0.887982982
402.013,57,0.758,122,103,0.934807285,57,5,159.6652749,0.397164457,0.894658011
401.26,57,0.725,120,100,0.931346823,57,5,156.2049935,0.389286232,0.864377715
401.737,59,0.737,122,99,0.933538908,59,5,157.1146079,0.391088219,0.872337585
399.126,56,0.724,120,99,0.921539883,56,5,155.5667059,0.389768409,0.858792176
395.233,53,0.727,121,105,0.90364934,53,5,160.2061172,0.405346004,0.899390825
396.782,55,0.753,123,107,0.910767873,55,5,163.027605,0.410874498,0.924081154
405.983,57,0.74,123,103,0.953051686,57,5,160.4306704,0.395165981,0.901355849
403.137,57,0.731,120,99,0.939972702,57,5,155.5667059,0.385890419,0.858792176
401.392,56,0.718,119,100,0.931953438,56,5,155.4380906,0.387247605,0.857666686
403.853,57,0.741,123,102,0.943263128,57,5,159.7904878,0.395664977,0.895753727
401.248,56,0.761,123,109,0.931291676,56,5,164.3471935,0.409590063,0.935628634
397.657,55,0.762,124,108,0.914788995,55,5,164.4384383,0.413518279,0.936427101
386.129,49,0.717,120,112,0.861811297,49,5,164.1462762,0.425107351,0.933870444
374.118,43,0.67,118,112,0.80661394,43,5,162.6898891,0.434862501,0.921125863
375.963,45,0.69,120,114,0.815092762,45,5,165.5173707,0.440249095,0.945868643
373.84,46,0.69,119,116,0.805336373,46,5,166.1836334,0.44453144,0.951698988
373.181,44,0.686,119,116,0.802307894,44,5,166.1836334,0.445316437,0.951698988
374.873,46,0.697,120,116,0.810083593,46,5,166.9011684,0.445220564,0.957978007
374.598,45,0.697,119,117,0.808819812,45,5,166.8831927,0.445499423,0.957820705
374.186,43,0.677,119,116,0.806926439,43,5,166.1836334,0.444120393,0.951698988
374.112,43,0.678,118,116,0.806586367,43,5,165.4690303,0.442298109,0.945445626
373.575,45,0.696,119,113,0.804118547,45,5,164.1036258,0.439278929,0.933497217
377.962,45,0.698,120,112,0.8242793,45,5,164.1462762,0.434293067,0.933870444
376.781,48,0.692,120,108,0.818851935,48,5,161.4434886,0.428480971,0.910218838
375.242,47,0.686,119,108,0.811779358,47,5,160.7015868,0.428261194,0.90372659
378.355,45,0.686,118,108,0.826085358,45,5,159.9624956,0.422784146,0.897258936
380.729,50,0.695,119,107,0.836995234,50,5,160.0312469,0.420328493,0.897860567
383.73,49,0.7,119,108,0.850786531,49,5,160.7015868,0.418788176,0.90372659
377.21,43,0.656,116,106,0.820823434,43,5,157.136883,0.416576663,0.872532511
379.808,48,0.698,117,107,0.832762717,48,5,158.5496768,0.417446912,0.884895614
374.906,46,0.67,115,107,0.810235247,46,5,157.0795977,0.418983952,0.872031218
374.021,46,0.664,114,104,0.80616817,46,5,154.3113735,0.412574089,0.847806989
370.997,46,0.68,113,105,0.792271175,46,5,154.2530389,0.415779747,0.847296513
366.002,43,0.634,109,102,0.769316317,43,5,149.2816131,0.407871031,0.803792465
366.312,41,0.638,106,101,0.770740943,41,5,146.4137972,0.399696972,0.778696726
362.884,41,0.639,104,99,0.754987339,41,5,143.586211,0.395680744,0.753953032
361.773,38,0.625,101,97,0.749881664,38,5,140.0357097,0.387081705,0.722883237
360.626,37,0.602,100,94,0.744610549,37,5,137.2443077,0.380572415,0.698456183
360.072,35,0.572,99,92,0.742064604,35,5,135.1480669,0.37533623,0.680112359
363.648,37,0.609,102,94,0.758498352,37,5,138.7083271,0.381435694,0.711267551
369.089,41,0.65,104,97,0.783502833,41,5,142.2146265,0.385312557,0.741950544
368.008,40,0.622,106,98,0.778535025,40,5,144.3606595,0.392275873,0.76073009
371.854,43,0.646,110,102,0.796209576,43,5,150.0133327,0.403419979,0.810195611
369.929,42,0.655,113,104,0.78736311,42,5,153.5740864,0.415144761,0.841355122
374.192,43,0.676,116,108,0.806954012,43,5,158.492902,0.42356037,0.884398789
370.473,45,0.677,117,109,0.789863098,45,5,159.9062225,0.431627197,0.896766501
369.187,43,0.693,118,112,0.783953199,43,5,162.6898891,0.440670687,0.921125863
377.572,48,0.698,120,110,0.822487029,48,5,162.788206,0.431144804,0.921986216
372.643,46,0.706,119,110,0.799835479,46,5,162.0524606,0.434873218,0.915547842
370.271,43,0.667,116,108,0.788934793,43,5,158.492902,0.42804568,0.884398789
373.878,46,0.632,113,101,0.805511004,46,5,151.5585695,0.40536905,0.823717699
371.204,44,0.655,110,101,0.793222458,44,5,149.3351934,0.402299527,0.804261337
366.734,40,0.629,107,97,0.772680273,40,5,144.4229899,0.393808564,0.761275532
370.967,42,0.658,105,97,0.792133308,42,5,142.9475428,0.385337625,0.748364162
368.622,40,0.637,103,93,0.781356703,40,5,138.7731963,0.376464769,0.71183521
367.949,37,0.646,102,94,0.778263887,37,5,138.7083271,0.376977046,0.711267551
361.429,32,0.621,99,92,0.748300789,32,5,135.1480669,0.373927015,0.680112359
363.74,35,0.612,101,92,0.758921145,35,5,136.6199107,0.375597709,0.692992197
366.003,38,0.622,103,93,0.769320913,38,5,138.7731963,0.379158631,0.71183521
373.429,41,0.648,105,97,0.803447594,41,5,142.9475428,0.382797112,0.748364162
372.589,42,0.653,107,98,0.799587318,42,5,145.0965196,0.389427813,0.767169469
366.073,40,0.646,108,99,0.769642603,40,5,146.5093854,0.400219042,0.779533202
375.39,44,0.66,112,102,0.812459502,44,5,151.4859729,0.40354291,0.823082419
377.083,43,0.679,114,105,0.820239797,43,5,154.9870962,0.411015867,0.853720116
379.522,43,0.687,117,106,0.831448385,43,5,157.876534,0.415987832,0.879005064
374.237,44,0.68,116,106,0.807160813,44,5,157.136883,0.419886016,0.872532511
375.209,42,0.671,116,105,0.811627704,42,5,156.4640534,0.417005065,0.866644701
375.501,44,0.677,117,106,0.81296961,44,5,157.876534,0.42044238,0.879005064
374.497,44,0.682,115,105,0.80835566,44,5,155.724115,0.415822063,0.860169634
372.929,43,0.68,114,104,0.801149811,43,5,154.3113735,0.413782177,0.847806989
373.064,45,0.656,113,101,0.801770212,45,5,151.5585695,0.406253537,0.823717699
373.268,39,0.644,111,100,0.802707708,39,5,149.4021419,0.400254353,0.804847191
373.244,40,0.643,110,99,0.802597415,40,5,147.9898645,0.396496299,0.792488607
377.517,41,0.671,110,100,0.822234273,41,5,148.6606875,0.393785412,0.798358857
375.233,45,0.643,111,98,0.811737998,45,5,148.0709289,0.394610626,0.793197987
374.752,46,0.638,111,96,0.80952753,46,5,146.7548977,0.391605376,0.781681636
401.269,57,0.743,115,97,0.931388183,57,5,150.4460036,0.374925558,0.813981836
408.817,58,0.731,112,90,0.966075524,58,5,143.6802004,0.351453585,0.754775516
416.199,59,0.746,111,93,1,59,5,144.8102206,0.347935052,0.764664118
406.765,57,0.712,111,90,0.95664542,57,5,142.9020644,0.35131357,0.747966188
396.771,53,0.698,111,93,0.910717322,53,5,144.8102206,0.364971786,0.764664118
395.095,52,0.695,111,99,0.903015152,52,5,148.7346631,0.376452912,0.799006204
398.493,55,0.728,111,94,0.918630889,55,5,145.4544602,0.365011331,0.770301742
397.767,54,0.688,108,92,0.915294507,54,5,141.8731828,0.35667409,0.738962631
401.734,57,0.731,109,94,0.933525122,57,5,143.9340127,0.35828188,0.756996581
393.51,54,0.727,110,96,0.895731178,54,5,146,0.371019796,0.775075662
396.354,53,0.721,113,100,0.908800971,53,5,150.8940025,0.380705134,0.817902193
394.726,53,0.722,112,99,0.901319387,53,5,149.4824404,0.378699251,0.805549869
394.59,54,0.727,110,98,0.90069439,54,5,147.3227749,0.373356585,0.786651026
397.502,54,0.701,111,95,0.914076682,54,5,146.1027036,0.367552122,0.775974403
401.028,55,0.741,111,95,0.930280651,55,5,146.1027036,0.364320455,0.775974403
397.506,54,0.727,110,95,0.914095064,54,5,145.3444185,0.365640817,0.769338788
396.224,53,0.72,107,94,0.908203547,53,5,142.4254191,0.35945682,0.743795151
406.509,58,0.694,106,88,0.955468955,58,5,137.7679208,0.338904971,0.703038226
394.699,57,0.665,99,87,0.901195307,57,5,131.7952958,0.333913427,0.650772865
391.745,57,0.609,97,84,0.887620002,57,5,128.3160161,0.32754985,0.620326318
396.148,57,0.653,97,85,0.907854284,57,5,128.9728654,0.325567377,0.626074287
393.954,54,0.639,96,83,0.89777161,54,5,126.9054766,0.322132728,0.607982942
397.845,56,0.65,97,82,0.915652961,56,5,127.0157471,0.319259378,0.608947898
393.935,54,0.629,95,81,0.897684294,54,5,124.8439025,0.31691498,0.58994248
395.573,57,0.632,94,82,0.905211833,57,5,124.739729,0.315339341,0.589030876
399.1,60,0.634,95,81,0.921420398,60,5,124.8439025,0.312813587,0.58994248
397.927,57,0.657,95,80,0.916029798,57,5,124.1974235,0.312111074,0.584285258
400.417,57,0.667,96,82,0.92747276,57,5,126.2537128,0.315305576,0.602279474
400.347,56,0.66,96,81,0.92715107,56,5,125.6065285,0.313744148,0.596616081
388.889,54,0.606,93,81,0.874495062,54,5,123.3288287,0.317131183,0.576684343
399.811,58,0.655,96,81,0.924687846,58,5,125.6065285,0.314164764,0.596616081
398.09,56,0.66,98,82,0.916778875,56,5,127.7810628,0.320985362,0.615645038
403.216,58,0.691,98,81,0.940335752,58,5,127.1416533,0.315318969,0.610049681
397.783,58,0.646,96,82,0.915368036,58,5,126.2537128,0.317393435,0.602279474
395.493,57,0.63,95,82,0.904844187,57,5,125.4950198,0.317312872,0.595640289
398.994,58,0.656,97,82,0.920933268,58,5,127.0157471,0.318339993,0.608947898
398.58,56,0.713,102,88,0.919030703,56,5,134.714513,0.337986133,0.676318406
389.99,48,0.698,101,94,0.879554781,48,5,137.9746354,0.353790188,0.704847148
364.734,33,0.569,96,90,0.763489138,33,5,131.5902732,0.360784224,0.648978749
368.204,39,0.609,97,91,0.779435756,39,5,133.0037593,0.361223016,0.661347911
372.587,38,0.607,98,92,0.799578127,38,5,134.4172608,0.360767447,0.673717206
367.343,31,0.572,97,89,0.775478973,31,5,131.6434579,0.358366589,0.649444159
374.262,42,0.615,99,91,0.807275702,42,5,134.4693274,0.35929196,0.674172831
372.689,43,0.619,99,91,0.800046875,43,5,134.4693274,0.360808415,0.674172831
372.255,42,0.601,100,90,0.798052399,42,5,134.5362405,0.36140882,0.674758376
372.964,39,0.6,100,90,0.801310656,39,5,134.5362405,0.360721787,0.674758376
368.3,38,0.578,100,89,0.779876931,38,5,133.8693393,0.363479064,0.668922444
371.852,40,0.61,100,89,0.796200385,40,5,133.8693393,0.360007044,0.668922444
370.058,36,0.604,99,90,0.787955938,36,5,133.7946187,0.361550402,0.668268578
367.543,38,0.59,100,89,0.776398086,38,5,133.8693393,0.364227694,0.668922444
376.117,42,0.636,102,90,0.815800479,42,5,136.0294086,0.361667802,0.68782482
377.723,49,0.64,103,91,0.82318096,49,5,137.4408964,0.363866898,0.700176495
371.496,43,0.619,101,91,0.794564363,43,5,135.9485197,0.365948811,0.687116976
372.075,50,0.679,131,110,0.797225197,50,5,171.0584695,0.459741906,0.994357797
380.632,52,0.713,129,110,0.836549464,52,5,169.5317079,0.445395311,0.980997383
404.676,56,0.773,112,94,0.94704528,56,5,146.2190138,0.361323661,0.776992213
387.966,55,0.728,121,100,0.870253354,55,5,156.9745202,0.404608961,0.871111704
410.019,56,0.806,131,111,0.971599395,56,5,171.7032324,0.418768965,1
