8.14828, 8.36348, 9.95989, 10, 7.90393, 7.25604, 7.17035, 7.45074, 7.17035, 7.20815, 6.74584, 6.56171, 6.332, 6.23526, 5.40294, 3.35743, 3.32646, 3.35334, 5.18225, 5.81452, 5.63104, 5.12908, 2.70651, 2.60501, 2.76272, 6.62566, 6.97839, 6.87923, 6.52544, 2.38628, 2.47012, 6.91515, 7.32027, 7.09795, 6.29623, 2.45783, 2.55081, 4.094, 6.53154, 7.01353, 6.88445, 4.83743, 3.06611, 2.14383, 2.18946, 2.60315, 4.28712, 5.20719, 5.65521, 5.66799, 4.74936, 4.05967, 4.57849, 4.58126, 4.5046, 4.0808, 5.56183, 5.65521, 4.30406, 2.79823, 2.60315, 2.14728, 2.14383, 6.05963, 6.85259, 7.01353, 6.58069, 4.094, 2.70955, 2.39915, 2.45783, 2.38167, 2.35114, 4.50705, 6.29623, 7.14814, 7.32027, 6.91515, 2.47012, 3.83752, 6.86642, 6.99388, 6.62566, 2.76272, 2.60501, 5.12908, 5.63104, 5.18225, 3.35334, 3.35743, 5.40294, 6.23526, 6.67275, 7.05635, 6.78368, 6.46983, 6.56171, 10, 8.15908, 9.77342
7.00753, 6.48199, 4.63042, 3.51903, 3.02052, 3.37427, 4.998, 5.59698, 2.68417, 2.67849, 5.80949, 6.73913, 6.78469, 6.48197, 3.14046, 2.79231, 6.96275, 7.22463, 6.5946, 4.51492, 2.72696, 4.77308, 6.34794, 6.90784, 6.79339, 5.03122, 2.04814, 2.19963, 3.45397, 4.25531, 4.45933, 5.14694, 5.21056, 5.17002, 4.45933, 4.26261, 3.94076, 3.98748, 3.46101, 3.45397, 2.04814, 2.74176, 4.41543, 6.14662, 6.85344, 6.90784, 6.34794, 4.77308, 2.75992, 2.72696, 2.63651, 2.59598, 4.51492, 6.96636, 7.23269, 7.02407, 2.79231, 2.56967, 3.14046, 6.54195, 6.85562, 6.60837, 2.67849, 5.45685, 5.59698, 4.998, 3.37427, 3.51903, 4.63042, 6.48199, 10, 6.27665, 6.48199, 8.98779
6.98052, 6.3712, 5.83539, 5.32691, 4.3071, 3.61636, 3.71936, 4.09913, 6.07925, 6.67432, 5.88908, 3.4947, 7.72346, 8.08812, 7.56003, 4.20304, 3.65319, 3.51684, 8.13644, 8.39474, 7.31265, 5.53127, 3.61471, 7.60953, 7.97504, 7.78958, 5.95214, 2.47608, 2.08377, 5.41104, 5.63604, 4.97649, 4.3963, 3.20976, 2.88151, 3.50256, 3.4213, 4.4551, 5.19834, 5.84964, 6.9865, 8.30831, 6.9865, 5.78529, 5.19834, 4.4551, 3.42556, 3.50256, 2.93967, 3.2217, 4.37821, 4.71289, 5.60328, 5.69779, 5.41104, 2.35266, 2.08377, 2.47608, 5.20422, 7.85438, 7.97504, 7.34039, 5.70554, 3.56115, 3.61471, 3.5525, 3.48096, 5.53127, 8.24941, 8.42746, 8.20169, 3.70286, 3.51684, 7.76848, 7.98547, 6.93256, 3.55034, 3.4947, 5.88908, 6.54733, 6.67432, 6.07925, 4.09913, 3.31529, 4.3071, 6.3712, 10, 6.0638, 6.3712, 8.73324
7.0067, 6.46294, 6.11241, 5.96892, 10, 5.85138, 5.96892, 5.95066, 5.2458, 4.53248, 3.61883, 3.4857, 4.06823, 6.13617, 6.41121, 5.83385, 3.3425, 3.34899, 6.94886, 7.78486, 7.32399, 3.61962, 3.45497, 7.82661, 8.15092, 7.73504, 5.38449, 3.56061, 3.29999, 3.2298, 5.0412, 6.84668, 7.66939, 7.553, 5.15419, 3.03916, 2.2387, 2.19831, 5.08517, 5.47195, 4.55515, 4.37499, 3.64029, 5.29768, 7.09991, 7.75487, 7.09991, 5.85159, 5.29768, 4.09681, 3.64029, 3.64532, 3.06235, 3.28342, 4.35939, 4.55515, 5.44154, 5.55605, 5.08517, 2.32257, 2.19831, 2.2387, 3.03916, 5.15419, 7.61692, 7.68825, 7.66939, 7.30729, 5.0412, 3.31059, 3.2298, 5.38449, 7.73504, 8.1569, 7.891, 3.45497, 3.32742, 3.61962, 7.32399, 7.8053, 6.94886, 3.34899, 6.03413, 6.4479, 6.13617, 4.06823, 3.72132, 4.53248, 5.2458, 5.95066, 6.46294, 8.67307
8.3248, 7.69578, 5.71334, 4.22645, 3.2644, 3.36556, 5.07917, 5.3741, 4.77541, 2.51178, 2.42817, 5.70377, 6.44868, 6.6329, 6.15527, 2.14228, 2.22229, 2.23145, 6.65385, 6.98436, 6.56923, 4.21026, 2.04062, 2.14462, 3.84068, 6.17352, 6.63182, 6.46614, 4.57119, 1.82122, 2.36349, 3.94231, 4.31055, 4.98946, 4.95476, 4.94773, 4.98946, 4.37165, 3.97742, 4.42254, 4.65818, 5.22925, 5.23736, 5.22925, 3.94231, 1.82122, 2.30553, 4.16636, 6.5298, 6.63182, 6.17352, 3.84068, 2.14462, 4.21026, 6.8371, 6.98977, 6.71898, 2.23145, 6.15527, 6.65561, 5.70377, 2.42817, 4.97173, 5.41659, 5.07917, 3.36556, 4.22645, 5.71334, 7.69578, 10
8.02887, 7.33946, 5.364, 3.93948, 3.12582, 3.34487, 5.04984, 5.18974, 3.23527, 2.44079, 5.6487, 6.37905, 6.56314, 6.10277, 2.5884, 2.21113, 2.26694, 2.28079, 6.59479, 6.92004, 5.94032, 3.97799, 2.11676, 2.1551, 2.19105, 2.23456, 6.07358, 6.58322, 6.42206, 4.6323, 1.85578, 2.08411, 2.49194, 4.80962, 5.22873, 4.57153, 4.38359, 4.70439, 4.69345, 4.20473, 3.84073, 4.38542, 4.57153, 5.22873, 5.1677, 4.80962, 2.42868, 2.07829, 2.44429, 4.06851, 6.484, 6.58322, 6.13702, 3.80585, 2.23456, 3.65955, 6.77817, 6.88662, 5.9614, 2.28079, 6.16458, 6.58457, 5.6487, 2.3714, 2.44079, 5.15135, 5.33991, 5.04984, 3.34487, 3.93948, 5.364, 7.33946, 10
7.08816, 4.92122, 4.89959, 4.95997, 4.23176, 3.78682, 4.49189, 4.89762, 5.72475, 5.74058, 5.72475, 4.89762, 4.49498, 3.75112, 2.11808, 1.84461, 2.71875, 4.97342, 7.77464, 7.90725, 7.13587, 4.85331, 2.8955, 5.26587, 8.26782, 8.49064, 8.25275, 3.23265, 3.27005, 3.30146, 7.81957, 8.19279, 6.98874, 3.44222, 6.30989, 6.85854, 6.27555, 4.30047, 4.74434, 6.04147, 8.23947, 6.04147, 4.74434, 4.1118, 4.30047, 6.27555, 6.81032, 6.08954, 3.56599, 3.44222, 7.84184, 8.1646, 7.51483, 3.30146, 3.23265, 8.18014, 8.43885, 7.27882, 5.26587, 3.33823, 2.93246, 2.82491, 2.8955, 4.85331, 7.51092, 7.90725, 7.70181, 5.3874, 3.03881, 1.84461, 2.11808, 4.16172, 4.95997, 4.92122, 9.31253, 10, 9.31253
8.09374, 7.79197, 10, 7.79197, 7.37246, 7.25398, 7.81291, 9.97308, 7.93187, 7.81291, 7.20236, 7.25398, 6.55063, 6.65752, 6.42486, 5.88114, 4.9268, 2.45204, 2.23428, 4.89952, 5.3577, 5.3356, 2.18946, 1.74985, 2.18535, 6.07293, 6.518, 6.78525, 6.37918, 2.29187, 2.29479, 2.90342, 6.71955, 7.48286, 7.31462, 4.75974, 2.8539, 3.03012, 4.66332, 7.21762, 7.58863, 7.57725, 5.71194, 3.32473, 4.05593, 3.32473, 6.69145, 7.6329, 7.57105, 6.91441, 4.66332, 3.03012, 4.75974, 7.37418, 7.48408, 6.71955, 2.90342, 2.29479, 6.43745, 6.77936, 6.07293, 2.13274, 1.74985, 5.20892, 5.3356, 5.3577, 4.7488, 2.30249, 2.6303, 4.9268, 5.88114, 6.55063, 7.25398, 7.79197, 9.63339
8.07413, 8.01053, 9.96942, 7.71222, 7.17704, 8.01053, 9.98457, 10, 7.18749, 7.23894, 6.7624, 6.88783, 6.59867, 5.98833, 4.802, 2.39046, 2.28823, 4.85842, 5.42082, 5.16556, 2.36429, 1.76572, 2.15593, 5.61904, 6.52482, 6.78624, 6.33184, 2.26549, 2.26902, 2.87548, 7.20554, 7.49108, 7.2102, 4.66918, 2.96533, 3.0093, 4.68603, 6.98465, 7.61653, 7.58706, 5.67925, 3.31541, 4.04932, 3.31541, 5.67925, 7.46587, 7.61653, 6.98465, 4.68603, 3.0093, 2.77387, 2.83283, 4.66918, 7.26944, 7.49108, 7.20554, 2.87548, 2.26902, 6.38985, 6.71969, 6.78624, 6.5806, 5.61904, 2.10353, 1.76572, 5.16556, 4.82444, 2.27796, 2.49394, 4.97913, 5.98833, 6.59867, 7.23894, 10
4.84237, 4.93422, 4.97427, 4.5124, 2.30793, 2.83549, 5.79701, 6.63767, 7.19115, 7.84075, 8.41098, 10, 8.6846, 9.87417, 9.77556, 8.28156, 7.90077, 7.19115, 6.93906, 7.11785, 5.79701, 2.97164, 2.25465, 4.5124, 4.97427, 4.93422, 1.83144, 1.45267, 1.70051, 5.67599, 6.2588, 5.83995, 1.6483, 1.65582, 2.44473, 6.28586, 6.9315, 6.70697, 3.95444, 2.40154, 2.261, 2.48587, 2.51686, 3.94761, 6.62855, 7.08333, 7.03432, 5.11496, 3.58305, 3.19683, 4.14664, 3.19683, 3.58305, 5.11496, 6.91942, 7.08333, 6.62855, 3.94761, 2.51686, 3.95444, 6.76687, 6.93242, 6.28586, 2.44473, 1.65582, 5.89826, 6.25844, 5.26866, 1.65334, 1.45267
8.04452, 9.96274, 10, 7.50175, 7.15683, 7.11964, 7.67428, 9.81403, 7.67428, 7.11964, 6.51032, 6.478, 6.81231, 6.478, 5.80114, 5.12184, 2.92602, 2.98194, 5.536, 5.94201, 5.71406, 2.66628, 2.40871, 2.44292, 6.33408, 6.93263, 6.44547, 2.31151, 2.32779, 4.31882, 6.6992, 7.38913, 7.17039, 4.50485, 2.57048, 4.05074, 6.71142, 7.24069, 7.14905, 5.2501, 2.43426, 3.07335, 5.93459, 6.25927, 6.27732, 5.5177, 5.3943, 4.99976, 5.33227, 5.5177, 6.26136, 6.25927, 4.82133, 3.24371, 3.07335, 2.43426, 5.2501, 7.06702, 7.24069, 6.76883, 4.05074, 2.55882, 2.57048, 2.4718, 2.45729, 4.50485, 7.22836, 7.38913, 6.6992, 4.31882, 2.32779, 6.50003, 6.95631, 6.00272, 2.44292, 2.40871, 5.71406, 5.50687, 3.11309, 2.97099, 5.12184, 5.80114, 6.51032, 7.09938, 7.69516, 10
8.25945, 10, 9.67006, 8.0811, 7.9526, 7.32297, 7.37006, 7.18152, 6.74169, 6.6351, 5.55144, 3.47827, 3.21709, 3.22615, 5.14322, 5.43435, 5.31063, 4.75386, 2.52251, 2.45667, 2.72246, 6.30286, 6.54846, 6.16114, 3.25921, 2.1243, 2.1612, 2.12183, 6.52329, 6.8591, 6.5503, 4.03091, 2.03173, 2.02311, 2.2348, 3.53247, 6.10073, 6.50018, 6.48127, 4.11847, 2.57065, 1.94869, 2.12413, 2.56203, 4.02153, 4.89837, 5.36017, 5.34667, 4.05182, 4.68112, 4.74407, 4.45308, 4.07376, 5.26591, 5.36017, 4.09561, 2.65766, 2.56203, 1.94869, 5.90585, 6.5277, 6.50018, 5.94725, 3.53247, 2.3892, 2.02311, 4.03091, 6.59913, 6.8591, 6.57159, 2.12183, 5.9598, 6.46117, 6.56416, 6.30286, 2.72246, 2.45667, 4.75386, 5.31063, 5.14322, 3.22615, 3.47827, 5.55144, 6.20938, 6.75429, 7.11399, 6.80087, 6.54374, 6.6351, 6.8523, 6.93129, 7.9526, 9.67006
8.18869, 8.02068, 7.90817, 7.23585, 7.29261, 7.82364, 10, 7.82364, 7.29261, 6.66329, 6.59134, 6.76418, 6.59134, 6.11601, 5.1758, 2.57671, 2.19696, 4.76231, 5.20396, 5.21592, 5.04516, 2.25151, 1.69783, 1.83722, 5.53596, 6.31799, 6.60696, 6.16523, 2.05722, 2.0594, 4.17406, 6.5443, 7.29155, 7.1216, 6.27608, 3.51945, 2.73155, 2.82543, 4.22377, 6.89917, 7.39421, 7.36262, 5.40837, 3.71176, 3.21579, 3.93484, 3.21579, 3.71176, 5.40837, 7.29627, 7.39421, 6.95581, 4.22377, 2.82543, 2.56701, 2.6811, 4.58916, 7.18033, 7.23597, 6.5443, 4.17406, 2.0594, 6.22243, 6.62518, 6.37274, 5.53596, 1.83722, 1.69783, 5.04516, 5.20396, 4.50479, 2.39856, 2.68667, 5.1758, 6.11601, 6.66329, 7.23585, 7.90817, 9.60119, 8.02068, 9.69774
8.24593, 8.29998, 7.41623, 7.94829, 10, 8.29998, 9.80964, 9.64703, 8.0846, 7.85072, 7.312, 7.42309, 7.07447, 7.12299, 6.65893, 6.94998, 6.96473, 6.12603, 5.07241, 2.68976, 2.32387, 4.56591, 5.23853, 5.02074, 2.17233, 1.68381, 1.94471, 5.52488, 6.54865, 5.95454, 2.02759, 2.026, 2.56196, 6.50655, 6.96969, 7.24572, 6.79043, 4.53439, 2.56782, 2.74416, 4.50256, 6.78211, 7.34805, 7.26192, 5.38209, 3.14021, 3.92019, 3.14021, 5.38209, 7.22869, 7.34805, 6.78211, 4.50256, 2.74416, 4.32544, 6.4538, 7.1881, 7.19371, 6.50655, 2.56196, 2.026, 6.13944, 6.45883, 6.54865, 6.30167, 5.52488, 1.89629, 1.68381, 5.02074, 4.56591, 2.31936, 2.68976, 5.24699, 6.12603, 6.6138, 7.42309, 7.85072, 9.64703
8.28384, 9.88716, 9.79568, 7.34547, 7.43143, 7.44922, 8.01384, 10, 7.88875, 7.44922, 6.7791, 6.83103, 6.63998, 6.11423, 5.09179, 3.13422, 3.31484, 5.51446, 6.04505, 5.80962, 2.90653, 2.53625, 2.56984, 6.21518, 6.87683, 7.00986, 6.44539, 2.36741, 2.32035, 2.71159, 6.97205, 7.47569, 7.18539, 4.51522, 2.34443, 3.97216, 6.67839, 7.26406, 7.0733, 4.92873, 3.39624, 2.31476, 3.02376, 5.72799, 6.27811, 6.26235, 5.58227, 5.37269, 5.11871, 5.18462, 5.01613, 4.74024, 4.57986, 5.37078, 5.4942, 6.24627, 6.27811, 3.19548, 3.02376, 2.31476, 3.39624, 4.92873, 7.03079, 7.26406, 6.67839, 3.97216, 2.47224, 2.34443, 4.51522, 7.24408, 7.47569, 6.97205, 2.71159, 2.32035, 6.7627, 7.03064, 5.98454, 2.56984, 2.53625, 5.80962, 5.51446, 3.3086, 3.3108, 5.25338, 6.11423, 6.7791, 7.43143, 9.79568
8.55025, 8.72406, 8.5595, 8.3244, 8.49489, 8.41496, 8.89766, 9.00263, 8.98237, 10, 9.02934, 8.95562, 8.77777, 8.41496, 7.97425, 7.58833, 7.51328, 7.47421, 7.16437, 6.51291, 2.84297, 4.82811, 5.31702, 5.58294, 5.3258, 4.91355, 2.54793, 1.78404, 1.5677, 1.40027, 1.75576, 3.36117, 6.06469, 6.51254, 6.45717, 5.97345, 1.30307, 1.10198, 1.14887, 4.1073, 6.23629, 6.75677, 6.87508, 6.73214, 5.84332, 3.58405, 1.90035, 2.25155, 4.79527, 6.32697, 6.97324, 7.07234, 6.23785, 3.46333, 3.42411, 3.95912, 4.70484, 3.94302, 2.46784, 3.75367, 3.94302, 3.42411, 3.46333, 6.23785, 7.07234, 7.21173, 6.97324, 6.32697, 4.79527, 2.25155, 3.58405, 5.84332, 6.63238, 6.87508, 6.23629, 4.1073, 1.14887, 1.30307, 6.01196, 6.45717, 6.06469, 3.36117, 1.75576, 1.40027, 1.5677, 2.56321, 4.94109, 5.3258, 5.52719, 4.82811, 2.84297, 6.51291, 7.12652, 7.51328, 7.93645, 8.41496, 8.31424, 8.39782, 8.71826, 8.47323, 8.66194, 8.5595, 8.58852, 8.80011
8.61899, 8.58535, 8.7232, 8.5631, 8.70904, 8.89991, 8.8593, 8.86267, 8.4517, 7.97315, 7.89753, 7.53963, 7.00255, 6.37012, 2.88992, 4.891, 5.56815, 5.59352, 5.30876, 1.86749, 1.40771, 5.23283, 6.18627, 6.49412, 6.43669, 5.86788, 1.11331, 1.205, 6.47874, 6.80807, 6.87925, 6.56486, 5.73858, 1.91433, 2.25175, 4.71452, 6.40052, 6.96018, 7.21818, 7.01622, 6.32836, 3.48169, 3.45256, 3.97059, 4.71808, 3.95419, 2.46228, 3.7644, 3.95419, 3.45256, 3.48169, 6.32836, 7.01622, 7.21818, 6.40052, 4.71452, 2.25175, 5.73858, 6.67177, 6.87925, 6.47874, 2.21143, 1.1101, 1.43094, 6.06577, 6.43669, 6.18627, 5.23283, 1.40771, 1.6751, 1.95621, 5.30876, 5.56815, 4.891, 2.87778, 6.37012, 7.00255, 7.54966, 7.89753, 8.29155, 8.7985, 9.10433, 10, 8.8593, 8.52966, 8.61431, 8.56686, 8.61431, 8.33125, 8.75532, 8.8593
8.88081, 8.95455, 8.79914, 8.37807, 8.37281, 8.3706, 8.4459, 8.62511, 8.4459, 8.71904, 8.53156, 8.64935, 8.59713, 8.90775, 8.55891, 8.64935, 8.37281, 7.93785, 7.55204, 7.12851, 6.41156, 2.85355, 4.86304, 5.33013, 5.59334, 5.2798, 2.51682, 1.76959, 1.62195, 1.34859, 5.46084, 6.19629, 6.47673, 6.3967, 6.04114, 1.09183, 1.17898, 6.45652, 6.83195, 6.8918, 6.72114, 5.75893, 1.91645, 4.82327, 6.35478, 7.00064, 7.03705, 6.26399, 3.48026, 3.45992, 3.98815, 4.7171, 3.9717, 2.4304, 3.78205, 3.9717, 3.45992, 3.48026, 6.26399, 7.03705, 7.22764, 7.00064, 6.35478, 4.82327, 2.25632, 1.91645, 5.75893, 6.75931, 6.8918, 6.45652, 1.17898, 6.04114, 6.3967, 6.19629, 3.21047, 1.38463, 1.62195, 2.58241, 5.2798, 5.53896, 4.86304, 2.85355, 6.41156, 7.09066, 7.51452, 7.90007, 8.34084, 8.79914, 8.95455, 10
8.87243, 8.90848, 8.4558, 7.97719, 7.58257, 7.50761, 7.08407, 6.48088, 2.87243, 4.95381, 5.53604, 5.59026, 5.30443, 5.00258, 2.45311, 1.77094, 1.69995, 1.40897, 1.59318, 3.46398, 6.19129, 6.49125, 6.44344, 5.87678, 1.091, 1.13184, 1.2279, 6.4502, 6.82508, 6.88966, 6.57664, 5.67775, 1.90456, 2.25147, 4.84781, 6.38058, 6.99229, 7.02835, 6.28428, 3.40082, 3.34937, 3.98126, 4.70953, 3.89743, 2.4401, 3.72411, 3.89743, 3.34937, 3.40082, 6.28428, 7.02835, 7.19757, 6.99229, 6.38058, 4.84781, 2.25147, 5.67775, 6.68325, 6.88966, 6.4502, 2.46286, 1.13184, 6.07422, 6.44344, 6.22828, 3.46398, 1.40094, 1.69995, 2.46695, 5.03007, 5.30443, 5.53604, 4.95381, 2.86129, 6.48088, 7.08407, 7.50761, 7.93948, 8.296, 8.88989, 9.03205, 8.90848, 8.83895, 8.66526, 8.51955, 8.61137, 8.52354, 8.36506, 8.65473, 8.67322, 8.47563, 8.67322, 8.52354, 8.58888, 8.83895, 10
8.47594, 8.68904, 8.8655, 8.97642, 8.78333, 8.28909, 8.45367, 8.30089, 8.61039, 8.62879, 8.43157, 8.62879, 8.28371, 8.28909, 7.8589, 7.77454, 7.55016, 7.00515, 6.26312, 2.85481, 4.92471, 5.52937, 5.5249, 5.32887, 4.97285, 2.49397, 1.79518, 1.7186, 1.41545, 1.7715, 3.37049, 6.09967, 6.50817, 6.45979, 6.00822, 1.31575, 1.11361, 1.15527, 1.25248, 6.5016, 6.78887, 6.90258, 6.75898, 5.8713, 1.93459, 2.23791, 4.75059, 6.43015, 7.00718, 7.11266, 6.16012, 3.42174, 3.38038, 3.97586, 4.70165, 3.90851, 2.42414, 3.71993, 3.90851, 3.38038, 3.42174, 6.16012, 7.14384, 7.19085, 7.00718, 6.43015, 4.75059, 2.23791, 5.8713, 6.6592, 6.90258, 6.54029, 1.67262, 1.15527, 1.31575, 6.00822, 6.45979, 6.09967, 3.37049, 1.7715, 1.41545, 1.7186, 2.50851, 5.00029, 5.32887, 5.55352, 4.92471, 2.8446, 6.26312, 7.00515, 7.47543, 7.77454, 8.25198, 8.82059, 9.01404, 10, 8.8655, 8.54519, 8.8168
8.78602, 8.6404, 8.65781, 8.5049, 8.68658, 8.48512, 8.32703, 8.40703, 7.85405, 7.76953, 7.50663, 7.12064, 6.62072, 2.83296, 4.81335, 5.27929, 5.56745, 5.31072, 4.89898, 2.53598, 1.77931, 1.52797, 1.35372, 3.31562, 6.16154, 6.4986, 5.96078, 1.09599, 1.18247, 6.41851, 6.78347, 6.90186, 6.58349, 5.75898, 1.93781, 2.21959, 4.5895, 6.38642, 6.99836, 7.00315, 6.37544, 3.48492, 3.341, 3.96333, 4.70818, 3.94723, 2.45897, 3.70705, 3.94723, 3.341, 3.48492, 6.37544, 7.13516, 7.20356, 6.99836, 6.38642, 4.5895, 2.21959, 5.75898, 6.69016, 6.90186, 6.41851, 1.18247, 5.96078, 6.45077, 6.4986, 6.16154, 3.31562, 1.71901, 1.38971, 1.52797, 2.55122, 4.9265, 5.31072, 5.53588, 4.81335, 2.83296, 6.62072, 7.08283, 7.50663, 7.76953, 8.24715, 8.85474, 9.09649, 10, 8.87036, 8.81736, 8.40703, 8.42794, 8.71033, 8.52216, 8.48512, 8.51177, 8.65781, 8.8086
8.54475, 8.54992, 8.6796, 8.58971, 8.80149, 8.87273, 8.98394, 8.81757, 8.38108, 8.46043, 8.40048, 8.68277, 8.4381, 8.6172, 8.29739, 8.46043, 7.9397, 7.55514, 7.13102, 6.51868, 2.85698, 4.77778, 5.47799, 5.54803, 5.29452, 4.93785, 2.50634, 1.84242, 1.65084, 1.51409, 1.39008, 5.63254, 6.24738, 6.49416, 6.43087, 5.91037, 1.08771, 1.12926, 1.22662, 6.44707, 6.77679, 6.87781, 6.7436, 5.67711, 1.9107, 2.22495, 4.61908, 6.38268, 6.99443, 6.93957, 6.14881, 3.42687, 3.38121, 3.99177, 4.68552, 3.97535, 2.45074, 3.73466, 3.97535, 3.38121, 3.42687, 6.14881, 7.10136, 7.20019, 6.99443, 6.38268, 4.61908, 2.22495, 5.67711, 6.78177, 6.87781, 6.44707, 1.53242, 1.12926, 5.91037, 6.43087, 6.14778, 3.23432, 1.39008, 1.51409, 2.52103, 4.96536, 5.29452, 5.47799, 4.77778, 2.84398, 6.51868, 7.09325, 7.5177, 7.902, 8.38108, 8.86539, 8.98394, 10, 9.03088, 8.87273, 8.80149, 8.80149
8.08642, 7.92013, 7.36957, 7.25859, 7.42854, 7.16113, 7.11456, 7.01829, 6.89392, 7.06625, 6.93538, 6.77209, 6.93538, 7.09382, 6.72497, 6.01956, 5.36115, 3.35243, 3.33282, 3.31741, 5.35655, 5.81406, 5.6003, 2.67291, 2.61403, 2.91072, 5.72594, 6.73962, 6.93731, 6.86926, 6.5641, 2.45674, 2.45035, 6.99505, 7.30614, 7.08208, 6.18253, 4.3981, 2.34603, 2.70945, 6.57244, 6.99378, 6.87939, 4.51182, 2.89187, 2.10745, 2.58198, 5.22704, 5.6581, 5.59713, 4.9397, 4.7766, 4.06178, 4.55853, 4.08355, 5.58331, 5.6581, 4.13439, 2.72665, 2.58198, 2.13076, 2.63901, 4.51182, 6.36429, 6.927, 6.99378, 6.6215, 2.70945, 2.39729, 2.34603, 4.3981, 6.18253, 7.13221, 7.31038, 6.99505, 2.45035, 2.38379, 3.97603, 6.85632, 6.96928, 6.73962, 2.91072, 2.61403, 5.6003, 5.35655, 3.31741, 3.35243, 5.36115, 6.01956, 6.67723, 7.09382, 7.92013, 10, 9.9597, 8.16033, 9.77202, 8.11142, 7.52954, 9.9597
8.55751, 8.72464, 8.59571, 8.90678, 8.9562, 8.86425, 8.37944, 7.93792, 7.55288, 7.16636, 6.70407, 2.86317, 4.83288, 5.52982, 5.52431, 5.32728, 4.83309, 2.55574, 1.75601, 1.67913, 1.40913, 5.20461, 6.15832, 6.47677, 6.39763, 6.00425, 1.09835, 1.14178, 1.69579, 6.46056, 6.88762, 6.68892, 5.86853, 1.89886, 2.21772, 4.51762, 6.27812, 7.01053, 7.08656, 6.16436, 3.4473, 3.42571, 3.96315, 4.67601, 3.94666, 2.45621, 3.74117, 3.94666, 3.42571, 3.4473, 6.16436, 7.08656, 7.21655, 7.01053, 6.27812, 4.78015, 2.21772, 5.86853, 6.72707, 6.86336, 6.88762, 6.46056, 1.69579, 1.09715, 1.2601, 6.04273, 6.39763, 6.19536, 5.20461, 1.40913, 1.67913, 2.57087, 4.86038, 5.32728, 5.52982, 4.83288, 2.85409, 6.70407, 7.12854, 7.51541, 7.90017, 8.37944, 8.47439, 8.75691, 8.56871, 8.5028, 8.70062, 8.53147, 8.3737, 8.37944, 8.90164, 9.10545, 10, 9.23719, 8.9562
8.94094, 8.97652, 8.61849, 8.75485, 8.65697, 8.97652, 8.89153, 8.93243, 8.48175, 8.08606, 7.65076, 7.55533, 7.02555, 2.87681, 4.82322, 5.45568, 5.59818, 5.28356, 4.97949, 2.53776, 1.78961, 1.67913, 1.36234, 5.81763, 6.25116, 6.49766, 6.47831, 5.9458, 1.08619, 1.12679, 1.84634, 6.40503, 6.86408, 6.88636, 6.74799, 5.77927, 3.3935, 1.83506, 1.9042, 2.25455, 4.71932, 6.22295, 7.04714, 7.03251, 6.3144, 3.41479, 3.47322, 4.00799, 4.74197, 3.9913, 2.47601, 3.78433, 3.9913, 3.47322, 3.41479, 6.3144, 7.03251, 7.23391, 7.04714, 6.49829, 4.71932, 2.25455, 5.77927, 6.71687, 6.88636, 6.40503, 1.84634, 1.12679, 5.9458, 6.47831, 6.15122, 3.29228, 1.69885, 1.39876, 1.67913, 2.55234, 5.00709, 5.28356, 5.45568, 4.82322, 2.87681, 7.02555, 7.55533, 8.00097, 8.22385, 8.97007, 9.02395, 8.89153, 8.73969, 8.54065, 8.73969, 8.63633, 8.37064, 8.78701, 8.89153, 10
5.80224, 5.79946, 6.43211, 10, 6.43211, 5.79946, 5.47594, 5.35683, 5.22296, 4.91602, 4.37143, 1.70277, 4.34213, 4.67021, 4.79354, 4.53149, 1.82795, 1.21004, 1.21719, 5.57039, 6.06686, 6.03595, 5.59209, 1.68578, 1.91308, 6.1037, 6.42507, 6.62961, 6.4213, 5.57639, 2.57107, 2.71132, 2.94532, 6.62902, 7.01413, 7.11838, 6.13356, 3.6736, 3.63997, 4.32566, 3.81127, 3.53378, 3.86949, 6.13356, 7.11838, 6.62902, 2.94532, 2.71132, 5.8674, 6.55173, 6.63494, 6.46625, 6.1037, 2.35885, 1.73307, 1.94277, 5.68507, 6.03595, 5.57039, 1.43289, 1.18305, 1.21004, 4.53149, 4.67021, 4.32607, 1.71626, 4.37143, 4.91602, 5.18122, 5.35683, 5.79946, 6.02397, 5.97084, 6.14381, 5.98542
6.80444, 6.98799, 6.85793, 6.94163, 7.1291, 7.03069, 6.58148, 6.40559, 5.21816, 2.02357, 4.81093, 4.98375, 4.72959, 1.82385, 1.34108, 1.05431, 1.17766, 5.68644, 5.97732, 6.20041, 6.10568, 1.44834, 1.68976, 6.24468, 6.57934, 6.78035, 5.61938, 2.37222, 2.53642, 2.81855, 6.70579, 7.18728, 7.22206, 6.45884, 3.86094, 3.59979, 4.01027, 4.59489, 4.01167, 3.59586, 3.86094, 6.45884, 7.22206, 6.70579, 2.81855, 2.53642, 4.15929, 6.67, 6.73336, 6.24468, 2.12345, 1.49682, 1.63543, 5.77614, 6.10568, 5.97732, 5.31178, 1.15038, 1.34108, 4.72959, 5.01104, 4.79553, 2.04355, 5.21816, 6.3608, 6.62375, 7.25383, 10, 7.25383, 6.62375, 6.40559, 6.85793
6.34126, 7.8709, 7.88788, 6.76335, 5.88501, 5.94027, 5.888, 5.84473, 5.62836, 5.84473, 5.6744, 5.54032, 5.58723, 6.1896, 10, 6.1896, 5.58723, 5.28348, 4.08775, 1.80999, 4.46479, 5.21206, 5.36259, 5.17977, 1.9762, 1.75147, 1.74892, 6.15622, 6.57929, 6.8184, 6.4882, 2.39052, 2.29491, 2.9875, 6.9181, 7.35173, 7.34056, 6.32081, 3.0639, 3.1623, 3.49477, 7.38844, 7.74086, 7.81624, 6.89324, 4.20081, 3.77934, 3.87338, 4.42854, 3.88522, 3.77934, 4.20081, 6.89324, 7.61424, 7.81624, 7.4308, 3.49477, 3.1623, 6.45047, 7.38733, 7.35818, 6.9181, 2.68616, 2.29516, 6.52894, 6.8236, 6.57929, 5.36555, 1.97835, 1.70143, 1.75147, 5.17977, 5.10972, 4.15904, 1.81152, 4.08775, 4.52278, 4.8917, 5.24022, 5.58723, 5.888, 5.74172, 5.88501, 5.73758, 5.98348, 5.84203, 5.88501, 6.35368, 6.87812, 7.9304
6.07781, 6.25065, 6.15619, 6.07334, 5.90765, 6.07334, 5.99689, 5.78046, 5.73686, 5.49548, 5.41504, 5.2432, 4.97368, 4.56604, 3.62604, 1.7157, 4.4839, 4.72379, 4.73153, 4.55843, 1.70141, 1.25611, 1.29102, 5.53645, 5.90195, 6.05674, 5.94535, 5.57203, 1.72751, 1.73773, 1.91988, 6.17395, 6.61865, 6.33089, 5.58493, 2.57376, 2.73879, 3.00417, 6.61045, 6.99464, 7.07747, 6.96215, 6.30879, 3.81518, 3.53557, 3.8323, 4.35301, 3.80069, 3.52538, 3.81518, 6.30879, 7.00107, 7.07747, 6.61045, 3.00417, 2.73879, 5.70788, 6.58937, 6.62347, 6.17395, 2.51628, 1.73773, 5.75611, 6.05305, 5.66532, 1.25849, 1.25611, 4.55843, 4.59423, 2.81493, 1.69878, 4.56604, 4.93244, 5.20178, 5.41504, 5.69541, 6.19288, 6.44354, 10, 6.44354, 5.73686, 6.15619
6.1177, 6.04932, 5.99539, 5.81843, 5.77695, 5.57655, 5.41326, 5.24127, 4.93055, 4.22068, 1.69553, 4.0548, 4.68781, 4.74666, 4.59519, 1.55371, 1.33071, 1.17034, 4.84194, 5.81647, 6.04601, 5.77632, 1.90097, 1.73895, 1.91903, 6.18086, 6.58961, 6.59959, 5.67376, 2.54526, 2.71249, 3.01092, 6.61868, 7.01426, 6.3171, 3.79576, 3.52501, 3.76474, 4.35806, 3.77033, 3.53137, 3.79576, 6.3171, 6.94628, 7.08601, 7.01426, 6.61868, 3.01092, 2.71249, 4.32605, 6.55297, 6.5947, 6.18086, 2.19707, 1.73548, 5.61712, 5.96654, 6.05887, 5.81647, 5.37673, 1.35169, 1.16522, 1.33071, 4.59519, 4.76459, 4.39622, 1.70843, 4.34869, 4.93055, 5.19834, 5.41326, 5.73548, 6.48267, 10, 6.48267, 5.77695, 5.90605, 5.94749, 6.07025, 5.94749, 5.94285, 6.15316, 5.99539, 6.15366, 6.24641
8.85826, 8.73372, 6.51989, 5.81263, 5.85494, 6.18965, 6.07058, 5.85494, 5.65129, 5.48345, 5.48724, 5.27577, 4.96428, 4.29424, 1.76233, 4.04035, 4.65122, 4.78007, 4.55774, 1.88122, 1.26893, 1.12753, 1.33641, 5.55395, 5.82848, 6.07163, 5.67483, 1.71219, 1.71976, 1.85933, 6.3763, 6.64995, 6.3721, 5.74508, 2.55419, 2.64983, 2.94092, 6.43935, 7.05874, 7.10657, 6.36777, 3.738, 3.50095, 3.80214, 4.36689, 3.80654, 3.51919, 3.738, 6.36777, 6.96424, 7.10657, 6.87294, 6.43935, 2.94092, 2.64983, 5.78664, 6.41364, 6.64995, 6.41727, 6.08974, 2.54439, 1.71976, 5.9278, 6.06859, 5.82848, 5.42505, 1.30411, 1.26893, 4.55774, 4.65122, 4.02592, 1.7734, 4.42248, 5.48724, 5.77107, 6.51989, 8.73372, 10
8.90275, 8.77798, 7.88984, 8.35087, 8.22891, 6.51624, 5.88984, 5.73, 5.89158, 6.26913, 6.10901, 5.89158, 5.60009, 5.56359, 5.35171, 5.15619, 5.45024, 4.54203, 1.80283, 4.4527, 4.74446, 4.77949, 4.5329, 1.85983, 1.30225, 1.19981, 5.54681, 5.91219, 6.06458, 5.66622, 1.65149, 1.70076, 1.84075, 6.08084, 6.40214, 6.64196, 6.36335, 5.65265, 2.56566, 2.72045, 3.18826, 6.6433, 7.0294, 6.22773, 3.75705, 3.49989, 3.70289, 4.37489, 3.70904, 3.75705, 6.22773, 6.99689, 7.11269, 7.0294, 6.6837, 3.18826, 2.72045, 5.69429, 6.57995, 6.61943, 6.08084, 2.40405, 1.70076, 5.70533, 5.96588, 6.06458, 5.9491, 5.54681, 1.13856, 1.30225, 4.5329, 4.78209, 4.43625, 1.81326, 4.41332, 5.03921, 5.31008, 5.56359, 5.88984, 6.51624, 8.77798, 10
6.27221, 6.16479, 6.2781, 6.18602, 6.13511, 6.30655, 5.92788, 5.72305, 5.38757, 5.30882, 5.03557, 4.36282, 1.7535, 4.03856, 4.73965, 4.80872, 4.58299, 1.77469, 1.30899, 1.10147, 1.4276, 4.95987, 5.88193, 6.07217, 5.59804, 1.84154, 1.725, 2.42486, 6.19674, 6.6655, 5.71953, 2.53659, 2.68089, 3.03968, 6.53953, 7.01759, 7.10138, 6.25406, 3.82742, 3.5358, 3.78492, 4.38358, 3.79022, 3.5358, 3.82742, 6.25406, 6.92233, 7.10138, 6.53953, 3.03968, 2.68089, 5.76124, 6.6103, 6.61087, 6.19674, 2.42486, 1.72042, 1.88318, 5.69075, 5.99065, 6.08617, 5.88193, 5.40416, 1.30385, 1.1273, 1.30899, 4.58299, 4.63053, 4.0245, 1.76682, 4.4918, 5.03557, 5.30882, 5.68137, 5.9243, 6.63568, 10, 6.63568, 5.9243, 5.72305, 6.13411, 6.13511, 6.18602, 6.26678, 6.39975
8.39399, 8.16049, 10, 8.16049, 7.43756, 8.16049, 9.83042, 9.92063, 7.45381, 7.30791, 7.04549, 7.30791, 7.23817, 6.79955, 6.69973, 6.91581, 6.7984, 6.69973, 6.59347, 6.40434, 5.42821, 3.55874, 3.37933, 3.40571, 5.49932, 5.89289, 5.73632, 5.26723, 2.74186, 2.68091, 3.01169, 6.80771, 7.07416, 6.56035, 2.40514, 2.48008, 2.44308, 7.10613, 7.42058, 7.19026, 6.32467, 2.47602, 2.36706, 2.68354, 6.72489, 7.03017, 6.97334, 4.76149, 2.8321, 2.12512, 2.21838, 2.65016, 4.54122, 5.25961, 5.71754, 5.71897, 4.15542, 4.65436, 4.75548, 4.65436, 4.17635, 5.62803, 5.71754, 4.55921, 2.84139, 2.65016, 2.12512, 2.8321, 4.76149, 7.02183, 7.01832, 6.40447, 2.68354, 2.36706, 2.75248, 2.31715, 4.50711, 6.32467, 7.24124, 7.42058, 7.10613, 2.44308, 6.56035, 6.96953, 7.0709, 6.85509, 5.78079, 3.01169, 2.68091, 5.30828, 5.73632, 5.49932, 3.40571, 3.55874, 5.42821, 6.40434, 6.86371, 7.23817, 7.45381, 8.17643, 8.49335, 9.92063
9.10487, 9.06725, 6.59314, 5.96468, 5.76371, 5.96707, 6.34404, 6.30393, 6.09534, 6.30393, 6.18293, 5.96707, 5.6365, 4.65679, 1.79257, 4.53409, 4.80747, 4.80279, 4.55461, 1.60132, 1.24465, 1.12082, 1.32688, 5.61281, 5.95773, 6.0717, 6.00397, 5.72395, 1.76398, 1.68288, 2.26595, 6.21129, 6.64514, 6.35971, 5.72818, 2.52782, 2.69541, 2.96273, 6.50184, 7.03115, 6.94667, 6.28874, 3.81182, 3.50606, 3.83006, 4.40037, 3.834, 3.51457, 3.81182, 6.28874, 6.98588, 7.09025, 7.03115, 6.50184, 2.96273, 2.69541, 5.76993, 6.57746, 6.61879, 6.21129, 1.77471, 1.63625, 5.76301, 6.00397, 5.99469, 5.61281, 1.29541, 1.24465, 4.55461, 4.82654, 4.51765, 1.80646, 4.65679, 5.6365, 5.96468, 6.59314, 9.06725, 10
6.0011, 5.95939, 6.71311, 10, 6.71311, 5.95939, 5.75617, 5.63087, 4.69158, 3.70257, 1.83493, 4.48909, 4.7811, 4.81476, 4.58955, 1.66172, 1.32762, 1.21589, 5.53763, 5.8859, 6.10864, 5.6895, 1.77937, 1.65668, 1.83739, 6.10121, 6.42328, 6.64704, 5.70803, 2.53056, 2.67717, 2.94487, 6.61479, 7.06487, 7.13782, 6.34738, 3.72961, 3.51273, 3.80018, 4.40706, 3.80477, 3.53209, 3.72961, 6.1771, 7.13782, 6.61479, 2.94487, 2.67717, 5.74983, 6.64385, 6.64042, 6.10121, 2.44705, 1.69834, 1.8211, 5.72869, 6.10864, 5.92261, 4.77722, 1.15551, 1.32762, 4.58955, 4.8186, 4.47271, 1.8454, 4.69158, 5.63087, 5.95939, 6.33932, 6.04291, 6.17804
5.93396, 5.97754, 6.55731, 10, 8.69369, 8.05304, 8.39239, 8.23014, 6.55731, 5.97754, 5.64612, 5.56471, 5.39447, 4.95651, 4.36963, 1.8756, 1.89817, 4.13127, 4.71297, 4.83062, 4.51915, 1.88846, 1.31453, 1.18881, 5.63091, 6.09663, 6.03149, 5.66424, 1.843, 1.67961, 1.81902, 6.12583, 6.40602, 6.64767, 6.32916, 5.66538, 2.49401, 2.66433, 2.93044, 6.53977, 6.95504, 7.10388, 6.36317, 3.71572, 3.49234, 3.82531, 4.35683, 3.82835, 3.5172, 3.71572, 6.36317, 7.10388, 6.53977, 5.24054, 2.93044, 2.66433, 5.78869, 6.58718, 6.62422, 6.12583, 2.4645, 1.67618, 5.70335, 6.03149, 5.92328, 5.63091, 1.2786, 1.31453, 4.51915, 4.71297, 4.11588, 1.90477, 1.90961, 4.41104, 4.95651, 5.39447, 5.56471, 5.97754, 6.30952, 6.26797, 6.06024, 6.26797, 6.10452
8.09292, 8.27435, 6.60355, 5.86696, 5.65423, 4.46595, 1.73875, 3.02133, 4.63405, 4.77406, 4.53985, 1.65979, 1.32756, 1.23124, 5.79777, 6.08827, 5.91581, 1.69938, 1.84877, 6.17848, 6.59477, 6.57048, 5.70647, 2.53376, 2.70488, 3.32452, 6.61466, 6.96242, 7.09254, 6.29883, 3.89928, 3.46357, 3.72978, 4.29712, 3.59389, 3.48403, 3.89928, 6.29883, 7.09254, 6.65436, 3.32452, 2.70488, 5.7477, 6.61339, 6.59876, 6.17848, 1.84177, 1.69938, 5.74501, 6.10433, 5.79777, 1.35395, 1.32756, 4.53985, 4.81275, 4.61469, 3.01142, 1.74897, 4.46595, 5.04281, 5.28204, 5.53119, 5.86696, 6.23168, 6.19025, 5.98383, 6.19025, 5.90181, 5.86696, 6.60355, 8.27435, 8.65414, 10, 8.65414
8.86725, 8.74427, 7.92179, 8.10616, 6.51727, 5.86876, 6.22693, 6.1965, 6.34975, 6.15806, 6.10616, 6.22662, 6.22693, 6.18573, 5.97973, 6.18573, 6.01996, 5.90278, 5.86876, 5.6079, 5.52541, 4.45751, 1.78479, 1.31733, 1.21934, 5.61226, 6.00437, 6.08399, 6.0271, 5.61005, 1.85194, 1.78145, 1.88169, 6.10264, 6.46138, 6.64028, 6.42451, 5.77526, 2.52885, 2.70055, 2.93249, 3.86133, 6.37394, 6.95899, 7.0804, 6.23157, 3.79051, 3.43825, 3.72526, 4.29854, 3.72772, 3.43825, 3.79051, 6.23157, 7.0804, 6.37394, 3.86133, 2.93249, 2.70055, 5.8164, 6.50698, 6.64028, 6.50235, 6.10264, 1.87467, 1.7322, 1.93625, 5.64939, 6.0271, 6.04198, 5.61226, 1.24583, 1.31733, 4.08085, 4.71648, 4.827, 4.84626, 4.46779, 1.792, 3.63315, 4.74745, 5.27936, 5.52541, 5.82766, 6.51727, 8.10616, 8.74427, 10
7.19314, 7.10226, 7.37738, 7.28272, 7.33221, 7.2504, 6.89576, 6.87163, 6.47404, 5.38488, 2.15618, 3.28639, 4.95227, 5.1207, 5.02002, 1.72408, 1.33913, 1.29507, 5.76676, 6.29034, 5.7638, 1.44046, 2.17738, 6.13106, 6.57623, 6.82068, 5.93737, 2.38099, 2.56647, 2.88605, 6.51935, 6.96329, 7.29617, 6.52448, 3.69423, 3.54782, 3.96886, 4.60493, 3.72582, 3.69423, 6.52448, 7.29617, 6.51935, 2.88605, 2.56647, 5.80651, 5.93737, 6.77361, 6.53563, 2.17738, 1.49899, 1.44046, 5.90668, 6.20852, 6.29034, 5.76676, 1.29507, 1.33913, 4.90884, 5.02002, 5.15015, 4.95227, 4.15378, 2.17, 5.38488, 6.61358, 6.82671, 7.57194, 9.37221, 10, 9.3674, 7.57194, 6.87163, 7.2504, 7.10195
7.68965, 7.67526, 5.96424, 5.71899, 5.69232, 5.8158, 5.75594, 5.93778, 5.96424, 5.90649, 5.58856, 5.56209, 5.74783, 5.53263, 5.79779, 5.74783, 5.56209, 5.34635, 5.08395, 4.96671, 4.94895, 4.1579, 1.9534, 4.18963, 4.76435, 4.82558, 4.50683, 2.32423, 1.55296, 1.4869, 1.76266, 5.57916, 5.98515, 5.65376, 1.83571, 1.91156, 5.94817, 6.33117, 6.5087, 5.51402, 2.43579, 6.51929, 6.85817, 6.03869, 3.38539, 3.13727, 3.75085, 3.13727, 3.10333, 3.52384, 6.03869, 6.85817, 2.71529, 2.43579, 5.51402, 6.5087, 5.94817, 1.91156, 5.65376, 5.98592, 5.98515, 5.57916, 1.76266, 1.4869, 2.52667, 4.54093, 4.82558, 4.79599, 4.01826, 1.9534, 4.1218, 4.79063, 4.94508, 5.08395, 5.53556, 5.34635, 5.58856, 6.02759, 6.00556, 6.00556, 7.67526, 8.15606, 10, 8.19164
5.91891, 5.98181, 5.91411, 5.60223, 5.36028, 5.11329, 5.0003, 4.81035, 4.25855, 1.96467, 4.19022, 4.73155, 4.84767, 4.29568, 2.29463, 1.55611, 1.49476, 5.54852, 5.99379, 5.67484, 1.7255, 1.90782, 6.02321, 6.29223, 6.48728, 6.27995, 5.42308, 3.98732, 2.48098, 2.76464, 6.54373, 6.79821, 6.06276, 3.38522, 3.11522, 2.15759, 3.07147, 3.11522, 3.70089, 3.11522, 3.44548, 6.06276, 6.79821, 2.76464, 2.90738, 2.3458, 3.98732, 5.42308, 6.31534, 6.48728, 6.02321, 1.90782, 5.67484, 5.99605, 5.99379, 5.54852, 1.49476, 3.18334, 4.41464, 4.79195, 4.84767, 4.73155, 4.19022, 1.96467, 4.25855, 4.72577, 5.0003, 5.11329, 5.55841, 5.36028, 5.5678, 5.94897, 5.99579, 10, 5.98181, 5.83429, 5.74158, 5.53951, 5.53951, 5.75564, 5.53951, 5.74158, 5.68531, 5.80591, 5.67311, 5.83429, 5.9017
8.38658, 8.30251, 7.63903, 7.58027, 5.94001, 5.98369, 5.62053, 5.36115, 5.12949, 4.89208, 4.82881, 4.16556, 1.97901, 4.23055, 4.71054, 4.86187, 4.52076, 2.38325, 1.54898, 1.51828, 5.53403, 5.98171, 5.71119, 1.73645, 1.87241, 2.25784, 5.88632, 6.30989, 6.47403, 6.27497, 5.5367, 2.40316, 2.71752, 6.51329, 6.82133, 6.10602, 3.45647, 3.12994, 3.71861, 3.12994, 3.38657, 6.10602, 6.82133, 2.71752, 5.5367, 6.27497, 6.47403, 5.88632, 2.25784, 1.87241, 5.7486, 5.98757, 5.98171, 5.8677, 5.53403, 1.51828, 2.38325, 4.55459, 4.86187, 4.71054, 3.10844, 1.97901, 4.13089, 4.82881, 5.12949, 5.60445, 5.36115, 5.50264, 5.98369, 5.84199, 5.76633, 5.54021, 5.8157, 5.52478, 5.54021, 5.76633, 5.76017, 5.84199, 7.58027, 8.30251, 10
7.91027, 7.10788, 5.97597, 5.85242, 5.68616, 5.7214, 5.7386, 5.79519, 5.82901, 5.74005, 5.5635, 5.74005, 5.79519, 5.7214, 5.91249, 5.97597, 5.86455, 5.5797, 5.34845, 5.55837, 5.33706, 5.12083, 4.12826, 1.94331, 4.09271, 4.75627, 4.86484, 4.34617, 2.28484, 1.57055, 1.52384, 2.12789, 5.43323, 5.99441, 5.73355, 1.77219, 1.92189, 5.99214, 6.2961, 6.47513, 6.36987, 5.65199, 3.79474, 2.50656, 2.71718, 6.45615, 6.82576, 6.06591, 3.4408, 3.09526, 3.2274, 2.12438, 3.04243, 3.2274, 3.72342, 3.2274, 3.09526, 3.4408, 6.06591, 6.82576, 2.71718, 2.39879, 2.86138, 2.66997, 2.40402, 5.65199, 6.36987, 6.47513, 5.99214, 1.92189, 5.73355, 5.97188, 5.99441, 5.80441, 5.43323, 2.12789, 1.52384, 2.39946, 4.63106, 4.86484, 4.75627, 3.11152, 1.94331, 4.12826, 5.12083, 5.54635, 5.86455, 5.99072, 7.10788, 10
8.38442, 8.38391, 8.27673, 7.69196, 7.31155, 7.25952, 7.51891, 7.09897, 7.4119, 8.11337, 10, 8.16302, 7.33136, 7.4119, 6.85209, 6.69146, 5.48274, 4.25596, 3.38204, 3.50034, 5.27575, 5.90699, 5.71814, 5.24965, 2.73253, 2.6712, 2.96179, 6.83313, 7.05135, 6.64908, 2.43774, 2.42715, 7.08258, 7.39641, 7.16624, 6.3018, 4.48673, 2.35026, 2.55334, 3.90888, 6.59128, 6.9945, 6.94976, 4.45296, 2.81668, 2.09653, 2.64667, 3.33868, 4.25268, 5.29262, 5.67276, 5.69115, 4.15036, 4.75788, 4.17267, 5.69115, 5.67276, 4.26862, 2.74112, 2.64667, 2.09653, 6.47279, 6.99818, 6.9945, 6.43134, 2.92388, 2.33767, 2.35026, 4.48673, 6.3018, 7.21716, 7.39641, 7.08258, 2.42715, 2.59683, 2.3672, 6.69851, 7.07999, 6.83313, 2.96179, 2.6712, 5.09694, 5.71814, 5.27575, 3.50034, 3.38204, 4.25596, 5.48274, 6.29755, 6.86788, 7.19307, 6.91634, 6.6614, 6.69146, 6.96882, 7.04955, 8.27673, 9.90672, 8.38391, 9.90364
5.6528, 5.68745, 5.86935, 5.68745, 5.88432, 5.94867, 5.59779, 5.52908, 5.71495, 5.73057, 5.56272, 5.73057, 5.52908, 5.3297, 5.51829, 5.15225, 5.08439, 4.06702, 1.93932, 3.98907, 4.7162, 4.86582, 4.52138, 2.3642, 1.56112, 1.53019, 1.82611, 5.39951, 5.92462, 5.97537, 5.7168, 1.74697, 1.90099, 6.22451, 6.44564, 6.25924, 5.46004, 2.50448, 2.8242, 6.46518, 6.7843, 6.57493, 5.99684, 3.34014, 3.04045, 3.19864, 2.08505, 3.04835, 3.19864, 3.66501, 3.19864, 3.04045, 3.39585, 5.79936, 6.57493, 6.7843, 2.8242, 2.47233, 3.6029, 3.63321, 3.6029, 2.47233, 2.40396, 5.46004, 6.25924, 6.44564, 1.90099, 5.75359, 5.97537, 5.39951, 1.82611, 1.53019, 2.3642, 4.60439, 4.86582, 4.7162, 3.98907, 1.93932, 4.06702, 5.08439, 5.56507, 5.96413, 10, 5.94867, 5.85293
6.73063, 6.90731, 6.86613, 7.255, 10, 7.19985, 7.08916, 6.69064, 6.44726, 6.59286, 6.90497, 6.59286, 6.4451, 6.31595, 5.22896, 2.33573, 3.27508, 4.9558, 5.05731, 4.57406, 2.24907, 1.51929, 1.4221, 1.82801, 5.48729, 6.10151, 6.11911, 5.89864, 1.54029, 6.37163, 6.63346, 6.45145, 5.53442, 3.84114, 2.29812, 6.59184, 7.04916, 6.15309, 3.47908, 3.14849, 3.34965, 4.05125, 3.34965, 3.14849, 3.41699, 5.94148, 6.83087, 7.04916, 2.6145, 2.29812, 2.17459, 2.73884, 2.14203, 2.19297, 3.84114, 5.53442, 6.45145, 6.63346, 1.62483, 1.54029, 5.89864, 6.11911, 5.69135, 1.82801, 1.4221, 2.36836, 4.79464, 5.1189, 5.06609, 4.26043, 2.33573, 5.22896, 6.31595, 6.56271, 7.08916, 7.01191
8.95773, 9.10945, 9.38, 9.38408, 9.06316, 9.17486, 9.17688, 8.93795, 8.97139, 8.65453, 8.53701, 7.99027, 7.89715, 7.19129, 3.24794, 5.30022, 6.05963, 6.17511, 6.00768, 5.38434, 2.74884, 1.97919, 1.70109, 6.72324, 7.06148, 6.37424, 1.24684, 7.27883, 7.58642, 6.31639, 3.99269, 2.10139, 7.48262, 8.02693, 7.80214, 6.88341, 3.72067, 3.54017, 4.01022, 4.82572, 4.97647, 4.01022, 3.54017, 3.66803, 6.75622, 7.80214, 8.02693, 2.53099, 2.10139, 2.2073, 1.94313, 3.99269, 6.31639, 7.58642, 1.34997, 1.24684, 6.37424, 7.06685, 7.06148, 6.77416, 1.70109, 2.87674, 5.80937, 6.20615, 6.05963, 5.30022, 3.24794, 7.19129, 7.89715, 8.53701, 8.94648, 8.65453, 8.9276, 9.43841, 9.56455, 10, 9.56455, 8.97139, 9.17688, 9.40324, 9.38, 9.10945, 9.02582
8.89043, 8.78773, 8.12833, 8.13041, 6.46861, 6.01653, 5.78144, 5.96685, 5.76048, 5.46556, 4.73953, 2.04112, 4.03164, 4.8297, 4.86908, 4.51123, 2.37919, 1.56464, 1.48021, 1.82636, 5.57291, 5.97299, 6.01223, 5.59092, 1.70169, 6.27695, 6.50493, 6.31089, 5.51517, 3.8678, 2.34492, 6.50657, 6.86202, 6.68814, 6.00349, 3.28302, 3.01722, 3.17722, 2.06132, 3.05532, 3.17722, 3.7157, 3.17722, 3.01722, 3.27682, 5.90454, 6.68814, 6.86202, 2.65602, 2.34492, 2.48348, 3.49308, 2.48348, 2.26815, 3.8678, 5.51517, 6.31089, 6.50493, 1.77996, 1.70169, 5.59092, 6.01223, 5.68973, 1.82636, 1.48021, 2.37919, 4.63306, 4.9365, 4.8297, 4.03164, 2.12342, 4.73953, 5.46556, 5.9303, 6.46861, 6.33707, 6.09366, 6.12899, 6.02755, 6.09427, 6.02755, 6.29543, 6.12899, 6.17434, 6.21072, 5.93567, 6.21072, 6.34726, 6.46861, 8.13041, 8.78773, 10
9.13475, 9.28966, 9.0884, 9.28806, 9.37728, 9.53414, 10, 9.53414, 9.00447, 8.73308, 8.87952, 9.22997, 9.04805, 8.87952, 8.62585, 8.53856, 7.2351, 3.20978, 4.0839, 5.62987, 5.69617, 5.07488, 2.76548, 1.94579, 1.6337, 1.67236, 5.81757, 6.48672, 6.50236, 5.93444, 0.844982, 0.908243, 6.75251, 7.05318, 6.78146, 5.84888, 3.65341, 1.87912, 7.01098, 7.52751, 7.32718, 6.49755, 3.45671, 3.78082, 4.80747, 4.94266, 3.90559, 3.44337, 3.58205, 6.37907, 7.32718, 7.52751, 2.33344, 1.87912, 1.69681, 1.8939, 2.70628, 1.8939, 1.70495, 3.65341, 5.84888, 6.78146, 7.05318, 0.992938, 0.908243, 5.93444, 6.50236, 5.81757, 1.67236, 1.6337, 2.76548, 5.33476, 5.69617, 5.74316, 4.92253, 3.22752, 7.2351, 8.53856, 8.96209, 9.53414, 9.33264
5.54767, 5.71126, 5.85948, 10, 5.85948, 5.38741, 5.17617, 5.38408, 5.17301, 5.09125, 4.15987, 1.92731, 4.66681, 4.85162, 4.57945, 1.80627, 1.6547, 1.59284, 2.11632, 4.81398, 5.82525, 5.94885, 5.45058, 1.75271, 2.43734, 6.19225, 6.41466, 6.17044, 3.96695, 2.3523, 2.67765, 2.31976, 2.3523, 2.6488, 6.35431, 6.6872, 6.52204, 5.79726, 3.33925, 2.88768, 2.89656, 1.9141, 2.86033, 2.89656, 3.4576, 2.89656, 2.88768, 3.32961, 5.79726, 6.52204, 6.6872, 2.6488, 3.96695, 6.17044, 6.41466, 2.2411, 1.91473, 1.75271, 5.77263, 5.94885, 4.81398, 2.11632, 1.59284, 2.22862, 4.4169, 4.768, 4.86638, 4.66681, 1.92731, 4.15987, 5.09125, 5.35627, 5.85948, 5.67883, 5.6168, 5.3257, 5.6168, 5.51584, 5.67883, 5.6794, 5.48275
5.37474, 5.51977, 5.50185, 5.66411, 5.50185, 5.59932, 5.53474, 5.36539, 5.39082, 5.16108, 5.33698, 4.19469, 2.06876, 3.25319, 4.66099, 4.82548, 4.76469, 4.41411, 2.38657, 1.66615, 1.63713, 2.01378, 5.3739, 5.87947, 5.95051, 5.45922, 1.76375, 1.92773, 6.15622, 6.37845, 6.26349, 5.48175, 2.54469, 2.33498, 2.87928, 2.64544, 2.34837, 6.26776, 6.65431, 6.51237, 5.78656, 3.2257, 2.87088, 2.901, 3.39133, 2.901, 2.83682, 3.21691, 5.76498, 6.51237, 6.65431, 2.68772, 2.34837, 5.48175, 6.26349, 6.37845, 1.92773, 5.74519, 5.95051, 5.3739, 2.01378, 1.63713, 2.38657, 4.52976, 4.76469, 4.77434, 3.93676, 2.06876, 4.19469, 4.97747, 5.35975, 5.84465, 10, 5.84465, 5.39082, 5.53474, 5.68095, 5.51977, 5.43883
5.4689, 5.51913, 5.32986, 5.58875, 5.44329, 5.51913, 5.69819, 5.81377, 10, 5.81377, 5.3917, 5.16658, 5.33868, 4.42423, 2.21227, 3.21224, 4.64812, 4.81279, 4.51752, 1.83804, 1.68719, 1.62613, 2.04013, 4.80922, 5.55129, 5.86998, 5.91735, 5.60159, 2.22036, 1.73534, 1.92298, 6.1627, 6.38782, 6.2576, 5.50806, 3.929, 2.34293, 6.29171, 6.65064, 6.41155, 5.80774, 3.39513, 2.84187, 2.84313, 3.36867, 2.84313, 2.84187, 3.38451, 5.78607, 6.41155, 6.65064, 2.63903, 2.34293, 3.929, 5.50806, 6.2576, 6.38782, 1.92298, 2.22036, 5.60159, 5.91735, 5.66336, 4.80922, 2.04013, 1.62613, 2.37452, 4.552, 4.85412, 4.7615, 3.9544, 2.21227, 4.24623, 5.0781, 5.36059, 5.81377, 5.6657, 5.48641, 5.6657, 5.68295
7.57708, 7.774, 7.9322, 10, 7.9322, 7.42746, 7.15491, 7.31349, 7.62447, 7.31349, 7.35922, 7.10603, 7.02905, 6.0452, 2.61443, 4.95768, 5.31134, 5.25898, 4.80308, 2.58282, 1.72508, 1.52371, 1.74906, 5.67675, 6.22415, 5.73065, 3.01795, 1.23928, 1.6707, 1.41655, 6.44896, 6.71355, 6.498, 5.71395, 3.64178, 2.02752, 6.7227, 7.08102, 6.81441, 6.11726, 3.35588, 3.05114, 3.55328, 4.15535, 3.55328, 3.05114, 3.35278, 4.94724, 6.81441, 7.08102, 2.352, 2.02752, 2.14911, 1.9463, 3.51513, 5.71395, 6.498, 6.71355, 1.41655, 5.73065, 6.2556, 6.22415, 5.67675, 1.74906, 1.52371, 2.58282, 5.03928, 5.32342, 5.21498, 4.45438, 2.61443, 6.0452, 7.02905, 7.39009, 7.9322, 7.75311, 7.5334, 7.75311, 7.79014, 7.49397
7.25309, 7.19111, 6.02253, 5.38053, 5.14219, 5.07312, 4.24019, 3.13753, 2.13708, 4.63003, 4.88047, 4.89196, 4.52944, 2.50718, 1.75057, 1.73715, 1.96683, 4.97399, 5.85906, 5.95376, 5.60552, 2.06248, 6.14002, 6.35669, 6.24569, 5.56052, 3.87663, 2.31057, 2.50957, 2.93064, 2.64338, 2.3008, 2.33909, 3.63284, 6.28254, 6.62224, 6.3619, 4.60668, 3.16628, 2.74245, 2.81208, 1.75668, 2.69584, 2.81208, 3.3115, 2.81208, 2.74245, 3.15753, 4.58948, 6.3619, 6.62224, 2.57567, 2.33909, 3.76853, 5.56052, 6.24569, 6.35669, 1.98093, 2.06248, 1.79627, 2.06248, 5.60552, 5.95376, 5.65162, 1.96683, 1.73715, 2.50718, 4.56439, 4.89196, 4.81141, 3.95863, 2.13708, 3.13753, 4.24019, 5.07312, 5.36507, 5.51556, 5.31279, 5.51556, 5.69378, 5.67163, 5.49036, 5.49036, 5.66169, 5.49036, 5.46153, 5.36507, 5.14219, 5.34985, 5.87615, 7.19111, 7.84875, 10
8.98728, 7.38302, 5.27256, 4.01849, 3.89764, 4.17449, 6.80339, 7.08808, 6.44382, 3.78309, 3.62592, 8.18235, 8.58292, 8.14518, 4.1334, 3.60232, 3.68822, 3.70894, 8.69771, 8.92007, 7.84549, 5.54115, 3.67825, 3.61462, 5.81118, 7.87506, 8.43381, 8.29692, 6.18168, 2.36033, 2.35382, 3.53764, 3.52415, 4.30219, 6.45259, 8.11113, 9.3137, 8.11113, 6.45259, 4.3043, 4.30219, 4.72913, 6.08473, 5.93235, 6.07163, 5.31344, 4.74299, 3.53764, 2.36033, 5.41564, 7.49205, 8.36999, 8.42461, 3.61462, 3.5343, 3.45198, 5.54115, 8.7502, 8.95111, 8.77124, 3.70894, 8.2169, 8.58627, 7.36651, 3.62592, 6.67168, 7.13175, 6.25791, 4.17449, 4.01849, 5.27256, 6.22829, 6.72632, 7.38302, 10
9.66425, 9.53497, 7.33445, 6.70289, 6.64772, 7.0193, 7.0193, 6.82509, 7.0193, 7.02842, 6.78846, 6.8394, 6.64772, 6.43222, 6.31794, 5.43384, 4.00598, 2.43908, 3.49113, 5.04311, 5.20192, 4.75033, 2.48446, 1.69771, 1.57179, 1.92676, 4.94826, 5.97835, 6.12608, 5.65834, 1.65228, 6.24423, 6.58975, 6.38088, 5.6333, 3.80028, 2.11694, 6.45028, 6.86309, 6.7228, 4.76201, 3.18359, 2.88048, 3.21415, 3.79501, 3.21415, 2.87236, 3.18073, 4.74587, 6.06788, 6.7228, 6.86309, 2.44896, 2.11694, 2.21367, 3.24251, 2.32782, 2.03829, 3.6809, 5.6333, 6.38088, 6.58975, 1.61503, 1.65228, 1.41625, 1.65228, 5.65834, 6.12608, 4.94826, 1.92676, 1.57179, 2.48446, 4.54185, 5.09934, 5.20179, 4.85057, 2.43908, 4.00598, 5.43384, 6.31794, 6.66819, 7.29824, 9.53497, 10
9.62886, 9.51655, 9.46014, 8.99015, 9.46014, 8.76587, 8.69163, 7.29088, 6.89553, 6.76033, 6.87697, 6.76033, 6.39806, 5.79564, 4.35458, 2.63722, 5.00543, 5.19165, 4.78751, 2.57994, 1.84037, 1.65372, 1.90568, 5.21574, 5.87985, 6.00026, 5.59953, 1.44656, 1.32648, 1.40465, 1.97569, 6.14007, 6.43682, 5.4747, 3.53584, 1.82053, 1.94567, 3.17778, 2.2765, 1.78562, 1.86098, 6.18107, 6.48927, 5.82221, 2.59652, 3.42584, 2.61503, 5.80315, 6.48927, 6.62549, 6.18107, 2.14809, 1.86098, 3.50772, 5.4747, 6.43682, 1.47254, 1.40465, 5.59953, 6.00026, 5.25938, 2.02672, 1.65372, 2.57994, 4.83014, 5.09262, 5.20715, 4.90352, 2.63722, 4.35458, 5.79564, 6.3622, 6.76397, 7.29088, 8.69163, 9.51655, 10
7.32778, 7.74304, 7.65059, 7.23111, 6.75641, 6.65588, 5.64098, 4.44803, 3.21467, 5.57382, 6.19053, 6.21071, 5.84816, 3.23169, 2.46399, 2.33422, 2.74534, 6.19842, 7.08677, 7.24526, 6.86566, 2.19747, 2.02655, 2.14983, 7.23823, 7.60607, 7.15912, 4.49062, 2.34453, 7.20065, 7.6693, 7.46285, 6.52623, 2.71464, 2.80817, 3.55131, 3.83562, 3.20441, 2.7259, 6.50247, 7.46285, 7.6693, 2.76573, 2.34453, 2.49953, 3.83313, 3.9979, 3.87015, 2.71029, 2.26704, 4.28088, 7.15912, 7.60607, 2.16457, 2.14983, 6.86566, 7.24526, 6.24722, 2.74534, 2.33422, 3.23169, 5.89612, 6.26762, 6.05822, 3.21467, 4.44803, 5.64098, 6.65588, 7.0279, 7.1859, 7.3441, 7.1859, 6.99634, 7.42279, 7.1859, 7.0279, 6.75641, 7.08676, 7.61076, 10, 8.28259, 7.65059, 8.73892, 9.77871, 8.73892, 7.85348
7.19678, 7.40409, 6.74802, 6.66347, 5.58869, 5.21018, 4.89753, 4.81996, 4.14861, 3.04666, 2.4351, 4.33774, 4.87301, 4.95087, 4.67119, 2.66671, 2.00866, 1.93533, 2.2649, 4.57623, 5.68183, 5.81304, 5.44377, 2.0383, 1.81903, 1.95366, 5.86717, 6.12424, 5.81454, 3.62273, 2.0753, 2.64299, 5.79548, 6.06885, 5.33789, 2.26147, 2.59072, 2.26545, 5.31884, 6.06885, 6.17922, 5.79548, 2.64299, 3.33551, 2.46479, 2.03979, 2.0753, 3.5958, 5.81454, 6.12424, 1.93983, 1.95366, 5.40817, 5.81304, 5.10523, 2.30299, 1.93533, 2.66671, 4.70866, 4.95981, 4.72646, 2.4351, 3.04666, 4.14861, 4.81996, 5.05408, 5.15397, 5.11215, 5.15397, 4.91672, 5.21018, 5.58869, 6.66347, 7.40409, 10
6.49781, 6.48744, 6.46864, 5.48092, 5.45354, 5.17817, 5.05937, 5.20949, 5.10985, 5.01615, 5.10985, 5.48092, 5.18913, 4.76774, 3.02977, 2.5721, 4.59361, 4.9837, 5.07221, 4.80503, 2.49466, 2.1125, 2.05672, 2.09847, 4.70154, 5.86077, 5.99088, 5.69728, 2.07181, 2.46845, 6.03147, 6.29969, 6.11622, 3.91627, 2.19146, 2.51586, 2.13292, 2.19146, 2.48914, 5.98318, 6.33846, 6.21903, 5.51846, 2.25767, 2.58731, 2.73508, 2.35821, 2.26095, 5.49818, 6.21903, 6.33846, 2.48914, 3.66737, 6.11622, 6.29969, 2.09051, 2.07181, 1.93927, 1.98587, 5.69728, 5.99088, 5.57362, 2.50903, 2.05672, 2.49466, 4.84319, 5.10779, 4.95836, 2.5721, 3.02977, 4.39323, 4.79188, 5.07566, 5.54351, 6.46864, 7.7812, 7.54663, 6.89672, 7.51361, 7.73664, 6.48744, 10
8.81856, 10, 9.53906, 7.39436, 6.8165, 6.76699, 6.8165, 6.95448, 6.19713, 4.68818, 2.78575, 4.48851, 5.17643, 5.21559, 4.87108, 2.52316, 1.87842, 1.7024, 1.94355, 4.74088, 5.94394, 4.88227, 1.79544, 1.48516, 1.37771, 1.53938, 1.84945, 6.2645, 6.38132, 5.549, 3.41021, 1.84549, 6.18152, 6.63029, 6.48168, 5.70281, 2.53264, 2.87054, 3.53251, 3.13583, 2.55421, 2.84359, 4.41445, 5.68281, 6.48168, 6.63029, 2.23061, 1.84549, 2.08381, 3.17271, 2.11326, 1.74345, 3.53884, 6.1618, 6.47814, 6.2645, 1.50175, 1.53938, 5.63949, 6.10262, 5.63949, 1.64022, 1.415, 1.48516, 1.7024, 2.52316, 4.91478, 5.26136, 5.08867, 2.69247, 4.68818, 6.02307, 6.52594, 6.8183, 7.39436, 9.53906
8.86104, 10, 9.50615, 8.40319, 8.41506, 7.30729, 7.56886, 8.51175, 7.61109, 7.03592, 7.56886, 6.85891, 6.46068, 6.05078, 4.29395, 2.80307, 5.14793, 5.41387, 5.00791, 2.58338, 2.01886, 1.82156, 2.07946, 5.40024, 6.24655, 6.34262, 5.97454, 1.75729, 6.48235, 6.75852, 6.4983, 4.10344, 1.97463, 3.89343, 6.46774, 6.89243, 6.69857, 5.89793, 2.5915, 3.36581, 2.60862, 5.87691, 6.69857, 6.89243, 2.25053, 1.97463, 2.20398, 3.58019, 2.20398, 1.89426, 3.87754, 6.4983, 6.75852, 1.74055, 1.75729, 1.52734, 1.65451, 5.97454, 6.34262, 5.44612, 2.12499, 1.82156, 2.58338, 5.05266, 5.32723, 5.39235, 4.8542, 2.80307, 4.29395, 6.22853, 6.7203, 7.30729, 8.41506, 9.50615
6.80292, 6.48724, 6.42976, 5.44399, 5.44157, 5.09545, 5.27852, 5.53144, 5.3118, 5.0278, 4.91197, 5.09454, 4.47114, 3.31942, 2.53483, 4.53268, 5.02255, 5.09837, 4.80466, 2.68805, 2.10054, 2.04685, 2.41339, 5.29928, 5.94848, 5.98342, 5.61847, 2.02648, 2.3367, 6.07194, 6.31989, 6.2252, 5.45598, 3.69951, 2.16447, 2.18759, 2.69534, 2.16037, 2.1691, 3.73387, 5.99726, 6.35415, 6.22694, 4.34491, 2.76569, 2.2114, 2.72679, 2.2114, 5.53986, 6.22694, 6.35415, 2.43232, 2.1691, 3.67088, 5.45598, 6.2252, 6.31989, 2.09408, 2.02648, 1.90601, 1.98875, 5.61847, 5.98342, 5.33825, 2.26195, 2.04685, 2.68805, 4.84341, 5.09837, 4.93489, 2.53483, 3.31942, 4.73803, 5.19493, 5.53144, 6.42976, 10, 6.48724, 7.88453, 7.55862, 6.91508, 7.55862, 7.81706
7.97511, 7.60014, 9.12691, 9.61263, 8.8055, 7.47312, 7.35429, 7.29868, 6.4681, 5.7394, 5.60878, 4.51603, 3.44396, 3.42901, 6.16373, 6.26506, 5.83854, 2.87499, 2.70098, 2.96611, 6.85781, 7.4825, 6.97725, 3.5231, 2.43758, 2.53928, 2.54136, 4.4506, 7.40464, 7.70005, 7.251, 4.27851, 3.09889, 4.27851, 6.59986, 6.71429, 7.54707, 6.94611, 5.05413, 2.69151, 2.35736, 2.78939, 5.30259, 5.80574, 5.92525, 5.22621, 4.94258, 4.09883, 4.04878, 4.78942, 4.09862, 4.12522, 4.93744, 5.09589, 5.95076, 5.24737, 2.72663, 2.36312, 2.69151, 5.05413, 7.12107, 7.56263, 7.54707, 6.96528, 3.73776, 6.71429, 7.59148, 7.67223, 6.91636, 4.4506, 2.54136, 7.0343, 7.51248, 6.85781, 2.92674, 2.70098, 5.57449, 6.31581, 5.8699, 3.42451, 3.47759, 4.48409, 5.5032, 5.65309, 5.60878, 6.53085, 7.29868, 7.7906, 7.47162, 7.60014, 9.99048, 8.30482, 10, 9.92536
5.41287, 5.3236, 5.06781, 4.23248, 3.36873, 3.37351, 5.66824, 5.82705, 5.57563, 2.75782, 2.61398, 2.77059, 6.38054, 6.77001, 3.45983, 2.17674, 2.2693, 4.17662, 6.35251, 6.72018, 6.90766, 5.78671, 3.88268, 2.52394, 3.15515, 6.38172, 6.66834, 6.4213, 4.30596, 1.78981, 1.96588, 2.25446, 4.48672, 5.04361, 5.10328, 4.51137, 4.24806, 3.61049, 3.67275, 3.96478, 4.24436, 4.28241, 5.12589, 4.43676, 2.19779, 1.69118, 2.18448, 4.50247, 6.37151, 6.66834, 6.43851, 3.15515, 3.88268, 6.49707, 6.88699, 6.35251, 4.17662, 2.2693, 3.63661, 6.32705, 6.68677, 6.77001, 6.38054, 2.73914, 2.61398, 5.13376, 5.85789, 5.21842, 3.49501, 3.61523, 5.3236, 6.06329, 6.65495, 6.91692, 7.15044, 6.85514, 8.56519, 10, 8.68164, 6.90785, 6.70624, 6.00657, 5.39045
6.04257, 6.53722, 4.80081, 3.82026, 3.03047, 3.04099, 4.68182, 5.17975, 4.60259, 2.49019, 2.54803, 2.48847, 6.07268, 6.33315, 5.9201, 2.69508, 2.35077, 6.25426, 6.60514, 5.74585, 3.84069, 2.40223, 5.854, 6.25438, 6.10527, 4.54503, 1.68677, 2.13368, 4.42139, 4.72903, 4.08645, 3.93553, 3.25135, 3.46477, 4.04446, 3.99134, 3.98531, 4.04446, 3.52008, 3.27856, 3.80899, 4.08645, 4.72903, 4.74859, 4.42139, 3.88502, 2.1308, 1.83032, 1.68677, 3.83887, 6.1635, 6.25438, 5.60845, 4.13498, 2.30036, 2.40223, 2.14729, 2.40223, 4.19505, 6.34901, 6.62797, 6.25426, 2.35077, 2.28839, 2.69508, 5.97773, 6.33808, 5.26042, 2.48847, 4.7834, 5.21712, 4.68182, 3.04099, 3.51078, 4.80081, 6.53722, 10
7.67015, 6.93558, 4.79522, 4.58493, 3.12385, 2.16438, 2.13958, 2.08798, 1.71233, 2.49977, 3.91041, 4.42745, 5.38407, 4.95271, 2.21716, 2.18884, 3.59853, 5.83826, 7.82645, 8.2785, 7.81401, 4.94827, 8.19908, 8.58695, 8.15059, 5.77765, 4.15655, 8.07527, 8.47098, 7.96796, 4.4126, 4.07263, 7.11806, 7.32225, 6.83649, 4.26302, 3.39187, 3.59944, 4.2779, 4.73185, 4.98453, 5.2341, 4.98915, 6.79437, 7.12658, 6.90281, 5.198, 7.64721, 5.32217, 5.198, 4.62262, 5.198, 4.83719, 4.2779, 3.53314, 3.53038, 3.59944, 3.33616, 3.14058, 4.17113, 4.26302, 6.97956, 7.27778, 6.49877, 4.19955, 4.07263, 4.45347, 7.44953, 8.44934, 8.02596, 5.30746, 4.06889, 4.20655, 4.15655, 5.77765, 8.15059, 8.58695, 8.14536, 5.68004, 3.99212, 5.456, 4.94827, 7.81401, 8.2785, 7.99061, 5.83826, 3.59853, 2.52704, 2.14255, 2.25287, 5.06386, 5.34527, 4.42745, 3.93901, 2.50867, 1.67237, 2.26106, 2.24085, 3.12385, 5.52099, 6.93558, 8.23868, 9.78601, 10, 9.73825, 8.19067
5.18302, 5.20739, 4.94155, 4.17147, 3.2662, 3.35697, 5.75963, 5.96786, 5.68928, 2.84046, 2.64806, 2.96985, 6.19671, 6.84604, 7.02252, 6.9122, 6.55111, 3.44456, 2.33942, 2.46884, 4.31825, 6.94805, 7.06771, 6.74138, 4.10164, 3.54152, 5.93758, 6.91674, 6.19362, 4.53919, 2.54293, 1.81981, 2.16398, 4.75344, 5.18294, 5.26316, 4.56602, 4.37892, 3.61001, 3.54063, 4.28339, 3.58694, 3.59437, 4.30378, 4.56602, 5.26316, 5.23368, 4.70382, 2.27879, 2.16398, 1.81981, 2.54293, 4.53919, 6.62297, 6.93147, 6.91674, 5.93758, 3.54152, 2.61648, 4.10164, 6.7983, 7.13262, 6.5185, 4.31825, 2.46884, 3.75252, 6.60268, 6.9122, 6.84604, 6.19671, 2.93421, 2.64806, 2.7868, 5.64344, 5.99921, 5.75963, 3.48831, 3.36379, 5.20739, 5.36906, 5.95106, 6.60397, 7.04916, 6.7523, 7.1516, 8.19284, 7.09474, 9.12035, 8.78459, 10, 7.44013, 6.54883, 7.15462, 6.53131, 7.1516, 6.80706, 6.60397, 5.95106, 5.21651
8.58561, 9.13248, 8.90911, 10, 7.31713, 6.34487, 7.31713, 6.54767, 6.49657, 6.05862, 5.06659, 4.95432, 4.70334, 4.10872, 3.18459, 3.39062, 5.78177, 6.36585, 5.54539, 3.01206, 2.85719, 3.19865, 7.25894, 7.61111, 7.5573, 7.1103, 2.82132, 2.74423, 2.87572, 2.884, 4.6583, 7.31378, 7.826, 7.38691, 4.71807, 4.01925, 6.92852, 7.59049, 7.07221, 5.23281, 2.90016, 2.19301, 2.39058, 5.31283, 5.77038, 5.70401, 3.80406, 3.50292, 4.17305, 4.06333, 3.9679, 3.49573, 3.74572, 4.70249, 4.95047, 5.70401, 5.82207, 5.26294, 2.50807, 2.39058, 2.25288, 2.90016, 5.23281, 6.85589, 7.66592, 7.59049, 6.92852, 4.01925, 2.86565, 4.77786, 7.44642, 7.83666, 7.31378, 4.6583, 2.884, 7.16511, 7.5573, 7.25894, 3.15664, 2.85719, 6.09056, 6.4226, 6.19041, 3.3808, 3.12996, 3.96692, 4.84314, 4.99861, 4.95432, 5.81937, 6.49657, 6.71659, 6.90275, 6.65552, 6.89853, 6.66187, 6.95505, 7.31713, 8.90911, 9.13248, 9.55296
7.59706, 7.78822, 7.12092, 6.88867, 6.3409, 5.38867, 4.27401, 3.17062, 3.25443, 5.91006, 5.98071, 5.66012, 2.76438, 2.57645, 2.75982, 6.6623, 7.15848, 6.65764, 3.44923, 2.3566, 2.43076, 2.43782, 4.45869, 7.19955, 7.34308, 7.01221, 4.24591, 3.73994, 6.3267, 7.23761, 6.78437, 4.77806, 2.85126, 2.27256, 2.49348, 2.92017, 5.221, 5.73153, 5.08227, 4.7921, 3.95981, 3.86905, 4.57908, 3.9164, 3.98196, 4.71609, 4.95456, 5.75597, 5.16864, 2.5532, 2.28094, 2.85126, 4.77806, 6.95105, 7.25875, 7.23761, 6.3267, 3.73994, 2.82721, 4.24591, 6.4531, 7.33542, 7.39904, 6.74668, 4.45869, 2.43782, 6.71227, 7.18879, 6.14831, 2.75982, 2.57645, 5.4455, 6.0287, 5.5159, 3.24966, 3.64872, 5.80655, 6.3409, 6.88867, 7.11783, 7.29924, 7.18063, 9.19063, 9.53718, 7.43886, 7.78822, 10
7.66218, 8.21955, 8.10517, 7.34127, 6.41066, 6.01641, 5.77097, 4.69281, 3.44808, 3.41501, 5.41994, 5.97492, 5.87112, 5.23808, 3.18404, 2.57123, 2.49809, 6.00143, 6.79587, 6.00143, 2.64801, 2.09726, 4.07021, 6.66926, 6.95128, 5.8336, 3.93244, 1.97302, 3.84617, 6.1192, 6.63464, 6.53986, 4.49173, 2.47394, 1.7952, 2.3579, 2.79249, 4.97201, 5.56218, 4.90228, 4.73956, 4.24187, 4.52882, 5.04663, 5.13071, 5.0623, 4.58343, 4.27435, 4.74693, 4.90228, 5.62041, 4.9148, 2.73531, 2.34151, 1.7952, 2.26176, 3.91143, 6.59802, 6.63464, 6.17843, 3.84617, 2.02186, 1.97302, 3.93244, 6.74527, 6.93233, 6.37642, 4.07021, 2.09726, 2.57123, 5.27415, 5.97925, 5.39344, 3.41501, 4.61396, 5.77097, 6.06163, 6.18338, 6.7063, 7.04698, 7.54269, 7.94978, 7.47603, 8.10517, 10, 8.21955
8.31655, 8.26892, 7.89936, 7.42921, 7.34787, 7.29853, 7.29853, 6.16758, 6.00904, 4.99319, 3.49738, 3.50657, 2.56434, 2.50385, 6.00314, 6.73509, 6.81229, 6.31164, 1.98653, 6.5653, 6.90176, 6.02265, 3.78507, 1.86643, 3.51847, 6.07731, 6.53489, 6.57285, 4.34149, 2.30465, 1.80383, 2.44086, 2.8826, 4.72656, 5.67808, 5.03342, 4.83676, 4.35242, 4.73787, 5.26967, 5.36247, 5.2807, 4.7942, 4.39097, 4.84634, 4.84342, 5.58575, 5.67808, 4.87391, 3.10427, 2.76841, 2.42024, 1.80383, 2.22302, 3.97079, 6.52856, 6.61574, 6.07731, 3.51847, 1.95483, 1.86643, 3.78507, 6.76599, 6.93631, 6.62505, 4.16733, 2.24473, 1.98653, 6.36796, 6.71065, 6.78844, 5.66518, 2.50385, 2.56434, 5.68292, 6.03092, 5.68292, 3.50657, 5.13332, 5.92697, 6.1467, 6.00904, 7.34787, 7.95983, 8.26892, 10
7.61818, 8.31389, 8.13742, 7.35612, 7.05706, 6.28538, 5.71785, 5.81654, 5.71248, 5.51499, 4.4355, 3.33855, 3.34373, 2.93477, 2.68822, 2.79632, 6.29932, 7.05471, 7.20635, 6.66693, 3.60753, 2.24373, 2.3682, 2.3744, 4.3883, 7.1534, 7.41031, 7.19853, 6.27913, 3.87401, 2.28896, 4.15867, 6.53646, 7.15096, 6.99615, 4.75036, 2.91254, 1.99738, 2.41588, 2.91644, 5.42705, 5.88017, 5.09925, 4.95332, 4.2349, 4.36395, 4.93594, 4.96393, 4.41927, 4.26411, 4.95665, 5.09925, 5.84972, 5.88017, 5.60015, 5.09936, 2.96724, 2.4075, 1.99738, 2.39089, 4.48279, 7.05509, 7.15096, 6.53646, 4.15867, 2.40037, 2.28896, 3.87401, 6.27913, 7.25941, 7.41647, 7.21362, 4.3883, 2.3744, 6.72434, 7.11554, 7.2235, 6.29932, 2.92404, 2.62758, 2.93477, 5.65505, 6.26446, 5.50811, 3.34373, 4.4355, 5.43293, 5.71248, 6.28538, 7.05706, 7.25858, 8.19125, 9.52047, 8.93039, 9.46045, 7.67831, 7.25025, 8.13742, 10, 8.31389
6.16663, 5.96232, 4.68856, 3.58998, 5.95642, 6.10736, 5.86426, 2.83357, 2.65759, 2.65454, 6.31867, 6.8515, 6.24337, 2.73529, 2.07367, 2.06759, 2.00237, 4.00237, 6.70366, 6.99048, 5.86237, 1.87771, 1.9057, 3.78243, 6.1751, 6.65814, 6.56133, 4.48448, 2.25631, 1.77661, 2.65115, 4.82921, 5.45034, 5.61124, 4.34358, 4.34144, 5.23903, 5.12955, 5.1769, 4.79166, 4.37647, 4.83483, 4.88322, 5.60283, 5.50972, 4.76992, 2.79912, 2.65115, 1.78016, 2.25631, 4.48448, 6.25935, 6.65814, 6.1751, 3.78243, 1.9057, 5.92331, 6.99048, 6.76361, 4.00237, 2.00237, 6.43577, 6.84827, 6.68916, 5.82024, 2.65454, 2.65759, 5.86426, 5.95642, 3.58822, 5.02743, 5.96232, 6.28283, 6.56018, 7.63534, 7.80353, 10, 7.74319, 7.57562, 6.79989
7.05349, 8.23334, 8.13383, 9.85912, 7.77907, 7.33177, 7.93144, 7.37497, 6.83773, 5.70065, 5.61313, 4.31082, 3.42647, 5.94213, 6.43015, 6.19903, 3.01125, 2.67084, 2.88756, 7.07106, 7.3776, 6.69575, 2.83587, 2.35076, 2.75883, 7.3612, 7.62031, 6.61315, 4.64517, 2.36654, 4.45522, 6.90677, 7.36133, 7.15475, 4.57318, 2.66871, 2.08259, 2.42445, 3.17516, 5.27914, 5.85216, 6.02412, 5.03869, 4.45703, 5.02135, 4.94587, 4.95101, 5.02135, 4.51392, 5.04375, 6.0399, 5.21979, 3.11321, 2.70057, 2.08259, 2.66871, 4.57318, 7.2146, 7.36133, 6.9682, 4.45522, 2.39769, 2.36654, 4.64517, 6.67552, 7.62031, 7.42306, 2.81949, 2.44246, 7.26869, 7.40077, 7.01498, 2.88756, 2.78853, 3.12281, 6.19903, 5.94213, 3.60177, 4.64841, 5.61313, 5.87022, 5.66965, 6.40916, 6.7768, 7.41387, 7.97509, 9.85912, 8.13383, 10, 8.23334
5.98678, 7.40917, 7.17257, 5.77727, 5.31495, 9.96563, 10, 9.9116, 8.51225, 5.2926, 5.31495, 4.97893, 4.41174, 3.9169, 2.65803, 2.41786, 4.35483, 5.02884, 5.06917, 4.74592, 2.50843, 2.07302, 2.46629, 5.9121, 6.15914, 3.68991, 2.37321, 2.18564, 2.3222, 6.26218, 6.65329, 6.3957, 4.38888, 2.57311, 2.94216, 6.08262, 6.56789, 6.66495, 6.36357, 4.67267, 3.14631, 2.52967, 2.8757, 2.52967, 3.14631, 4.67267, 6.36357, 6.66495, 6.12994, 2.94216, 2.61816, 2.57311, 3.95786, 6.4872, 6.6426, 6.31259, 2.37472, 2.3222, 6.15272, 6.20615, 5.9121, 2.46629, 2.09078, 2.54722, 4.78838, 5.06843, 4.35483, 2.41786, 2.65803, 3.9169, 4.97893, 5.27364, 5.72795, 7.17257
6.90979, 6.7691, 6.30654, 5.60562, 4.46946, 4.41915, 4.26224, 3.80855, 3.48607, 4.29584, 5.51816, 5.36141, 5.11203, 2.14176, 1.9991, 1.81735, 2.95808, 4.76333, 6.76349, 7.61237, 7.67409, 7.15113, 4.51663, 2.99171, 2.84956, 5.1328, 7.94685, 8.23678, 8.00599, 3.22041, 3.24348, 3.28353, 7.42564, 7.94037, 6.96206, 3.35685, 6.16855, 6.68439, 6.26303, 4.0702, 4.31223, 5.82868, 7.69925, 5.82868, 4.31223, 3.94683, 4.0702, 6.26303, 6.64694, 5.95489, 3.52863, 3.35685, 6.96206, 7.76309, 7.92849, 7.42564, 3.28353, 3.22041, 7.93594, 8.18829, 7.07194, 5.1328, 2.84956, 4.51663, 7.15113, 7.68168, 7.54205, 5.43283, 1.81735, 1.9991, 5.11203, 5.43217, 4.62479, 4.30215, 4.46946, 6.30654, 6.7691, 7.67937, 10, 7.67937
5.97789, 5.81163, 9.9138, 10, 9.85983, 5.75388, 5.22484, 5.20428, 4.85728, 4.90516, 4.79658, 3.9913, 2.46784, 2.46228, 4.27813, 5.02412, 5.10509, 4.71168, 2.17961, 2.11761, 2.17504, 5.90556, 6.2099, 5.77215, 3.77747, 2.21294, 2.35536, 2.35749, 6.20563, 6.5166, 6.65456, 6.29945, 4.57215, 2.67217, 2.60245, 2.60462, 2.65327, 4.16528, 6.07778, 6.61169, 6.66235, 5.81098, 4.66754, 3.10721, 2.53746, 2.88382, 2.53746, 3.10721, 4.66754, 5.81098, 6.60941, 6.66235, 6.07778, 4.16528, 2.65327, 5.87188, 6.49028, 6.62454, 6.20563, 2.35749, 5.97855, 6.20952, 5.17024, 2.22053, 2.11761, 4.75443, 5.13434, 4.56827, 2.46228, 2.46784, 3.9913, 4.85728, 5.26271, 7.07949, 5.20428, 5.81163, 7.11799
5.31747, 5.25238, 5.2249, 6.88554, 6.06417, 5.92942, 10, 5.78944, 5.2249, 4.86254, 4.80576, 4.74498, 4.40794, 3.73782, 2.03234, 2.33021, 4.57185, 4.83487, 4.7585, 2.12355, 2.00331, 5.73308, 5.99637, 5.65796, 2.27035, 2.22341, 6.07802, 6.4191, 5.74388, 4.25016, 2.43322, 2.52852, 4.04551, 5.70746, 6.35829, 6.14509, 5.25112, 2.99291, 2.46247, 2.83363, 2.46247, 2.99291, 5.25112, 6.14509, 6.41641, 6.35829, 5.90966, 4.04551, 2.52852, 3.6902, 6.30044, 6.39295, 6.07802, 2.22341, 2.03674, 2.12367, 5.92003, 5.98154, 5.73308, 2.04723, 1.95803, 2.16051, 4.73112, 4.87329, 4.57185, 2.33021, 2.03234, 3.73782, 4.40794, 4.86254, 5.25238, 7.0696
6.69193, 6.53227, 6.63878, 6.22865, 6.01227, 10, 6.01227, 5.21683, 6.01227, 6.63878, 5.45873, 5.10621, 4.58845, 4.18737, 2.03779, 2.29175, 4.83119, 4.79605, 2.15565, 1.90242, 2.27755, 5.80257, 6.00484, 3.46667, 1.99299, 2.19432, 3.73622, 6.16907, 6.51869, 6.21368, 4.25503, 2.64799, 2.39712, 2.61543, 2.44462, 3.74472, 6.01722, 6.46224, 6.18154, 4.67456, 3.12559, 2.52146, 2.92669, 2.52146, 3.12559, 4.67456, 6.18154, 6.56502, 6.46224, 6.01722, 4.15075, 2.5219, 2.44462, 3.91988, 6.35504, 6.49608, 6.21989, 3.73622, 2.19432, 3.46667, 5.99867, 6.05984, 5.85215, 2.27755, 1.9312, 2.26512, 4.62672, 4.97356, 4.83119, 2.29175, 2.03779, 4.18737, 4.58845, 5.10621, 5.51713, 6.53227, 7.39156
4.92412, 5.93411, 5.83118, 9.96765, 10, 5.74075, 4.82073, 6.98236, 6.89945, 5.33816, 5.14529, 4.66105, 4.50153, 4.68682, 4.66105, 4.15102, 3.67518, 2.60822, 2.36838, 4.21722, 5.03339, 4.99693, 4.65478, 2.40522, 2.12944, 5.89075, 6.20057, 5.91919, 2.32304, 2.4205, 3.82239, 6.14643, 6.61175, 6.63794, 6.19286, 4.40742, 2.60058, 2.61863, 2.62141, 4.0408, 6.0732, 6.56882, 6.62041, 6.39289, 4.68221, 3.20781, 2.53088, 2.61306, 2.85755, 2.53088, 3.20781, 4.68221, 6.39289, 6.62041, 6.0732, 4.0408, 2.68843, 2.62141, 3.98363, 6.51843, 6.61175, 6.14643, 3.82239, 2.4205, 2.20897, 2.22716, 3.71297, 6.13232, 6.19113, 5.89075, 2.44708, 2.1657, 2.62245, 4.69703, 4.99693, 5.07297, 4.18131, 2.36838, 2.60822, 3.67518, 4.15102, 4.61288, 5.10502, 6.89945, 5.9705, 5.83118
6.23607, 6.07755, 10, 6.07755, 5.23016, 5.11654, 5.0066, 4.23076, 2.8851, 2.33226, 4.68723, 4.92659, 4.83868, 1.98631, 1.98175, 5.82822, 6.06907, 5.7081, 2.32952, 2.03179, 2.1772, 2.18103, 4.12639, 6.15026, 6.50787, 5.7701, 4.42183, 2.53055, 2.51999, 6.38443, 6.55452, 6.21771, 4.75147, 3.22673, 2.51892, 2.62327, 2.93993, 2.51892, 3.22673, 4.75147, 6.21771, 6.55452, 6.00605, 4.43864, 2.51999, 2.40097, 2.41696, 3.7034, 5.7701, 6.43028, 6.46853, 6.201, 4.12639, 2.18103, 5.75871, 6.0394, 5.87779, 2.04687, 1.95824, 2.23934, 4.81037, 4.96644, 4.68723, 2.33226, 2.8851, 3.95934, 4.4983, 5.06738, 5.56763, 7.34936, 5.59385, 5.56763, 5.06738, 5.11654, 6.07755, 7.38932
7.63949, 7.38232, 6.2427, 5.70708, 5.26558, 4.51297, 3.2675, 2.31723, 4.65089, 5.00589, 2.25219, 1.77263, 5.17125, 5.8707, 3.35832, 1.69361, 2.28757, 2.18901, 3.75811, 5.90433, 6.47782, 5.18342, 2.35291, 6.34419, 5.71446, 2.6916, 2.87411, 3.33227, 2.71977, 2.6916, 5.71446, 6.61289, 6.34419, 2.53746, 2.35291, 2.28757, 3.35832, 5.83996, 5.8707, 5.17125, 1.77263, 4.91058, 5.00589, 5.00705, 4.65089, 2.31723, 3.2675, 4.51297, 5.14699, 5.65639, 6.2427, 7.38232, 10
5.15205, 5.34022, 4.60172, 2.63658, 3.63206, 4.98458, 5.7722, 6.4355, 6.96882, 8.26867, 8.55186, 9.99319, 10, 8.02626, 6.91201, 6.49115, 5.95798, 4.98458, 3.63206, 2.63658, 4.60172, 5.34022, 2.47063, 1.75122, 5.26206, 6.13315, 3.50071, 1.56256, 2.11119, 4.06387, 5.72805, 6.78449, 5.72805, 4.06387, 2.11119, 6.57542, 6.20832, 2.94011, 3.0174, 3.68151, 3.0174, 2.94011, 6.20832, 6.95831, 6.57542, 2.53569, 2.11119, 3.50071, 6.09433, 6.13315, 5.26206, 1.75122
8.02239, 8.01706, 8.75222, 10, 8.75222, 8.01706, 7.40897, 6.43721, 4.69388, 2.90706, 4.80131, 5.46543, 5.18623, 2.34308, 1.5984, 5.19391, 6.21367, 5.19391, 1.5984, 1.26683, 1.73448, 3.78964, 5.62278, 6.85745, 5.62278, 3.78964, 1.73448, 6.74192, 6.30364, 3.18856, 3.51077, 4.28017, 3.51077, 3.18856, 6.30364, 7.19859, 6.74192, 2.31354, 1.73448, 6.01864, 1.26683, 1.22082, 1.5984, 5.18623, 4.80131, 2.90706, 4.69388, 6.43721, 7.20097, 8.01706, 8.03439
5.08146, 5.35229, 4.68688, 2.58931, 3.61104, 5.16475, 5.86246, 6.47405, 7.00923, 8.07337, 8.48639, 9.99395, 10, 8.07337, 6.95212, 6.52997, 6.17943, 5.16475, 3.61104, 2.60165, 4.68688, 5.35229, 2.26678, 1.73981, 5.01684, 6.18061, 5.01684, 1.73981, 1.69528, 2.17793, 5.59603, 6.7717, 5.59603, 2.17793, 6.69384, 6.15097, 2.92496, 3.21434, 3.73926, 3.1112, 2.92496, 6.15097, 6.99642, 6.69384, 2.50239, 2.17793, 6.07657, 1.75446, 1.61951, 1.73981
9.63939, 9.88046, 9.67312, 9.34072, 9.67945, 9.54744, 9.76929, 10, 9.37895, 8.67602, 7.97356, 5.58374, 3.33207, 5.43789, 5.93836, 6.02201, 5.36026, 2.40665, 1.55356, 6.16193, 6.61059, 6.87628, 6.38828, 1.04665, 1.0519, 1.99226, 6.70918, 7.08618, 6.8572, 3.78423, 1.88871, 3.50124, 6.65882, 7.29384, 7.37438, 6.56853, 5.06492, 3.51049, 3.47023, 4.00908, 2.54851, 4.02885, 4.00908, 5.04357, 4.20972, 3.47023, 3.51049, 5.06492, 6.56853, 7.37438, 7.56306, 7.29384, 6.78248, 4.83191, 2.50526, 2.13134, 1.88871, 1.75042, 1.94616, 1.7419, 3.78423, 6.8572, 7.22394, 7.08618, 6.70918, 1.99226, 1.0519, 0.921389, 1.04665, 6.42905, 6.86062, 6.87628, 6.65075, 6.16193, 1.56968, 1.77362, 2.40665, 5.39, 5.7919, 6.02201, 5.93836, 5.43789, 3.33207, 5.58374, 7.97356, 9.37895, 10, 9.67945, 9.67312
6.89697, 6.28329, 4.32872, 3.41769, 3.6087, 4.29237, 6.05356, 6.69739, 6.0235, 3.55299, 3.51692, 7.7318, 8.08484, 7.65939, 4.94461, 3.52365, 3.68067, 3.70677, 8.16643, 8.43735, 7.95263, 5.43812, 3.64815, 5.15369, 7.52192, 8.0213, 7.90154, 5.89121, 3.71148, 2.45231, 2.32834, 5.41917, 5.65095, 4.84528, 4.42024, 3.44439, 5.27794, 6.87005, 8.06299, 6.87005, 5.27794, 3.50648, 2.91984, 3.30628, 4.40286, 4.84528, 5.65095, 5.74593, 5.41917, 4.74255, 2.45052, 2.32834, 2.45231, 3.71148, 5.33166, 7.96654, 8.0213, 7.52192, 5.15369, 3.59941, 3.64815, 3.57743, 3.44623, 5.43812, 8.1536, 8.44853, 8.232, 3.70677, 7.72359, 8.08066, 6.9343, 3.51692, 6.22822, 6.69739, 6.05356, 4.29237, 3.41769, 4.32872, 6.28329, 10, 5.65918, 6.28329, 9.02964
9.83294, 10, 9.57213, 8.95693, 8.79945, 7.84731, 6.66352, 4.86714, 3.40823, 5.28914, 5.85415, 5.90513, 5.67459, 5.18114, 2.74521, 2.16413, 1.77538, 1.6172, 6.45924, 6.81827, 6.84179, 6.36268, 0.913118, 0.907431, 1.14349, 6.60178, 7.12617, 7.21056, 6.90965, 5.78457, 3.90515, 1.83586, 2.14681, 2.53459, 4.68627, 6.42213, 7.27538, 7.38996, 6.52565, 5.02994, 3.50902, 3.50537, 4.09635, 2.54233, 4.15525, 4.09635, 5.09055, 4.09635, 3.50537, 3.50902, 5.02994, 6.52565, 7.38996, 7.52191, 7.27538, 6.85161, 4.80352, 2.14681, 1.6797, 1.87308, 1.74394, 3.64349, 6.76715, 7.21056, 6.60178, 1.14349, 0.907431, 0.846447, 0.913118, 6.36268, 6.84179, 6.45924, 1.6172, 1.77538, 2.82485, 5.29856, 5.67459, 5.85415, 5.28914, 3.40823, 4.86714, 6.66352, 7.84731, 8.79945, 9.53334, 10, 9.74066, 9.63993, 9.91486, 9.58593, 9.74066
9.84495, 10, 9.62344, 9.15902, 8.80875, 7.85582, 7.05139, 4.88463, 3.43452, 5.3379, 5.80255, 5.9859, 5.69292, 5.0239, 2.85399, 2.19951, 1.84159, 1.59442, 6.41722, 6.85462, 6.47851, 6.14761, 4.17956, 2.98273, 1.09633, 0.980498, 3.91301, 6.50678, 7.04792, 7.20538, 6.9703, 5.89248, 3.73873, 1.78083, 1.70477, 1.74525, 2.09961, 4.62712, 6.66995, 7.25259, 7.55005, 7.42701, 6.61181, 5.05608, 3.5274, 3.57218, 4.40415, 5.17866, 4.37958, 2.57336, 4.14983, 4.37958, 3.57218, 3.5274, 5.05608, 6.61181, 7.42701, 7.55005, 6.70355, 4.74436, 2.09961, 3.73873, 5.89248, 6.9703, 7.20538, 6.50678, 3.91301, 0.980498, 0.849067, 0.823974, 2.98273, 4.17956, 6.14761, 6.51957, 6.78802, 6.85462, 6.41722, 1.60611, 1.84159, 2.85399, 5.22812, 5.69292, 5.97594, 5.3379, 3.43452, 4.88463, 7.05139, 7.85582, 8.80875, 9.58461, 10, 9.75293, 9.65129, 9.92646, 9.58511, 9.75293
9.59574, 9.60923, 9.0018, 8.91121, 7.86527, 7.01854, 4.87518, 3.40613, 5.32925, 5.90106, 5.98719, 5.72462, 5.20106, 2.45667, 1.85248, 1.6407, 6.25483, 6.69837, 6.85292, 6.3913, 0.923105, 1.01071, 4.03529, 6.59117, 7.17539, 6.83706, 3.92664, 1.84906, 4.79792, 6.72462, 7.30811, 7.42289, 6.50132, 5.03414, 3.5745, 3.5187, 4.10935, 2.58735, 4.13467, 4.10935, 5.10615, 4.10935, 3.5187, 3.5745, 5.03414, 6.50132, 7.45335, 7.55541, 7.30811, 6.75822, 5.03447, 2.16023, 1.84906, 1.75474, 2.21173, 1.88744, 1.75659, 3.66407, 6.83706, 7.23551, 7.19273, 7.17539, 7.03792, 6.59117, 4.03529, 1.01071, 0.853222, 0.923105, 6.3913, 6.77116, 6.83074, 6.85292, 6.73889, 6.25483, 1.6407, 1.85248, 5.31895, 5.72462, 5.90106, 5.32925, 3.4102, 4.87518, 7.01854, 7.86527, 8.91121, 9.57036, 10, 9.77905, 9.90787, 9.60923, 9.90553
9.82948, 9.72202, 9.38883, 9.67813, 9.79315, 9.63633, 9.80556, 10, 9.52032, 8.76808, 8.66209, 7.80183, 5.98219, 3.37344, 5.42817, 5.98572, 6.05632, 5.79934, 5.30416, 2.43805, 1.87939, 1.61639, 6.50625, 6.99466, 6.53441, 1.06739, 1.10918, 2.09586, 6.73282, 7.26643, 7.34166, 6.93394, 3.78426, 1.82443, 3.47149, 6.93331, 7.39139, 7.52937, 6.62362, 5.10459, 3.53571, 3.46742, 4.05295, 2.50077, 4.05118, 4.05295, 5.0745, 4.05295, 3.46742, 3.53571, 5.10459, 6.62362, 7.56016, 7.66113, 7.39139, 6.84224, 3.58045, 2.15936, 1.82443, 3.78426, 6.93394, 7.34166, 7.13121, 6.73282, 2.09586, 1.10918, 0.976875, 1.06739, 6.57553, 6.96938, 6.99466, 6.50625, 1.68922, 1.87939, 5.33448, 5.79934, 6.0126, 5.42817, 3.37344, 5.98219, 7.80183, 8.66209, 9.42905, 10, 9.72202, 9.80576
9.66301, 9.91689, 9.70963, 9.40584, 9.42072, 8.75204, 8.09017, 8.01265, 4.56001, 3.37821, 5.35844, 5.85913, 5.97171, 5.74549, 5.25437, 2.42096, 1.86709, 1.60383, 6.39988, 6.91861, 6.42459, 1.04429, 1.03923, 1.1825, 6.5813, 7.12665, 6.89962, 3.73708, 1.81652, 1.96098, 1.74657, 1.81652, 2.12984, 3.51103, 6.52289, 7.31488, 7.48272, 6.66697, 5.0496, 3.49882, 3.43645, 3.92335, 2.45066, 4.02105, 3.92335, 4.32833, 5.03684, 3.92335, 3.43645, 3.49882, 5.0496, 6.66697, 7.51334, 7.5826, 7.31488, 6.8605, 3.61971, 2.12984, 3.73708, 6.89962, 7.27576, 7.12665, 6.7891, 1.27053, 1.03923, 0.958972, 1.04429, 6.42459, 6.9017, 6.91861, 6.39988, 1.61929, 1.86709, 5.28436, 5.74549, 5.98551, 5.35844, 3.37821, 4.56001, 8.01265, 8.71297, 9.38231, 10, 9.42072, 9.70963
9.85331, 9.77473, 9.43077, 9.48415, 8.96769, 8.43593, 8.35803, 7.93121, 6.07249, 3.38034, 5.41192, 5.968, 6.03905, 5.81193, 5.29193, 2.86433, 2.13958, 1.90741, 1.61872, 6.33066, 6.7743, 6.96259, 6.47682, 3.20491, 1.04264, 1.1287, 2.76992, 6.72109, 7.19658, 7.30931, 6.99096, 5.98302, 3.90386, 1.89872, 2.1364, 3.51945, 6.84179, 7.38792, 7.65017, 7.49637, 6.48848, 5.13872, 3.50665, 3.45935, 4.23962, 2.49437, 4.03536, 4.23962, 5.05362, 4.23962, 3.45935, 3.50665, 5.13872, 6.48848, 7.49637, 7.65017, 6.8754, 3.62829, 2.1364, 1.71918, 1.75139, 3.90386, 5.98302, 6.99096, 7.30931, 6.76149, 2.76992, 1.1287, 0.977067, 1.00195, 3.20491, 6.47682, 6.95107, 6.96259, 6.81463, 6.33066, 1.63504, 1.90741, 2.86433, 5.29193, 5.81193, 5.968, 5.41192, 3.38034, 6.07249, 7.93121, 8.35803, 8.92861, 9.44561, 10, 9.48415, 9.61405, 9.80679, 9.65312, 9.77473, 9.66983, 9.81783, 9.65945
9.53088, 9.59745, 9.90914, 10, 9.58455, 8.86012, 7.90511, 6.08002, 3.39271, 5.40825, 5.99047, 6.0538, 5.85418, 5.30088, 2.80854, 2.20526, 1.821, 1.62437, 6.32941, 6.7818, 7.00385, 6.43122, 3.34609, 1.08621, 0.967335, 1.04308, 1.08749, 1.70219, 6.71695, 7.21161, 7.37899, 6.96199, 3.81542, 1.78518, 2.62602, 4.90553, 6.71544, 7.42309, 7.52815, 6.74199, 5.11622, 3.55865, 3.49659, 4.10684, 2.49936, 4.08325, 4.10684, 5.07396, 4.10684, 3.49659, 3.55865, 5.02034, 6.74199, 7.52815, 7.69321, 7.42309, 6.96488, 3.58711, 2.17475, 1.78518, 1.96687, 1.75004, 3.81542, 6.96199, 7.37899, 6.71695, 1.70219, 1.08749, 6.43122, 6.98536, 7.00385, 6.8223, 6.32941, 1.63976, 1.821, 2.89272, 5.41951, 5.85418, 5.99047, 5.40825, 3.39271, 6.08002, 7.90511, 8.82067, 9.54579, 10, 9.68826, 9.8453, 9.8702, 9.86553
8.25945, 10, 9.67006, 8.0811, 7.9526, 7.32297, 7.37006, 7.18152, 6.74169, 6.6351, 5.55144, 3.47827, 3.21709, 3.22615, 5.14322, 5.43435, 5.31063, 4.75386, 2.52251, 2.45667, 2.72246, 6.30286, 6.54846, 6.16114, 3.25921, 2.1243, 2.1612, 2.12183, 6.52329, 6.8591, 6.5503, 4.03091, 2.03173, 2.02311, 2.2348, 3.53247, 6.10073, 6.50018, 6.48127, 4.11847, 2.57065, 1.94869, 2.12413, 2.56203, 4.02153, 4.89837, 5.36017, 5.34667, 4.05182, 4.68112, 4.74407, 4.45308, 4.07376, 5.26591, 5.36017, 4.09561, 2.65766, 2.56203, 1.94869, 5.90585, 6.5277, 6.50018, 5.94725, 3.53247, 2.3892, 2.02311, 4.03091, 6.59913, 6.8591, 6.57159, 2.12183, 5.9598, 6.46117, 6.56416, 6.30286, 2.72246, 2.45667, 4.75386, 5.31063, 5.14322, 3.22615, 3.47827, 5.55144, 6.20938, 6.75429, 7.11399, 6.80087, 6.54374, 6.6351, 6.8523, 6.93129, 7.9526, 9.67006
8.18869, 8.02068, 7.90817, 7.23585, 7.29261, 7.82364, 10, 7.82364, 7.29261, 6.66329, 6.59134, 6.76418, 6.59134, 6.11601, 5.1758, 2.57671, 2.19696, 4.76231, 5.20396, 5.21592, 5.04516, 2.25151, 1.69783, 1.83722, 5.53596, 6.31799, 6.60696, 6.16523, 2.05722, 2.0594, 4.17406, 6.5443, 7.29155, 7.1216, 6.27608, 3.51945, 2.73155, 2.82543, 4.22377, 6.89917, 7.39421, 7.36262, 5.40837, 3.71176, 3.21579, 3.93484, 3.21579, 3.71176, 5.40837, 7.29627, 7.39421, 6.95581, 4.22377, 2.82543, 2.56701, 2.6811, 4.58916, 7.18033, 7.23597, 6.5443, 4.17406, 2.0594, 6.22243, 6.62518, 6.37274, 5.53596, 1.83722, 1.69783, 5.04516, 5.20396, 4.50479, 2.39856, 2.68667, 5.1758, 6.11601, 6.66329, 7.23585, 7.90817, 9.60119, 8.02068, 9.69774
8.94119, 8.99306, 8.78118, 8.28212, 8.16121, 6.93558, 4.46823, 3.8571, 3.84922, 5.59826, 5.84831, 5.69247, 5.06581, 2.85799, 2.76283, 2.87909, 6.66818, 6.9144, 6.448, 3.20496, 2.05408, 2.03119, 1.96543, 6.82007, 7.17665, 6.81268, 3.93753, 1.6675, 1.64638, 1.88345, 3.35364, 6.26728, 6.71733, 6.69342, 4.03805, 2.34815, 1.9098, 2.33775, 2.89598, 4.22211, 5.16708, 5.70477, 5.73192, 4.71774, 10
