10, 9.94321, 9.1024, 4.83005, 3.41181, 2.80193, 2.74015, 3.67067, 3.54842, 3.14747, 3.56671, 3.95789, 4.18615, 4.65582, 4.62535, 4.31824, 4.90679, 6.01807, 7.38444, 7.87086, 7.75179, 7.32855, 7.30868, 6.94985, 7.00404, 6.27214, 4.43067, 3.91275, 3.55943, 3.71136, 2.8741, 3.37658, 5.11635, 5.92211, 7.65391, 9.41622
10, 9.87906, 9.25917, 8.186, 7.16244, 6.83397, 6.51179, 5.00755, 4.41854, 3.41687, 2.73414, 2.66927, 3.15315, 3.04421, 3.51046, 3.58112, 3.18306, 3.60265, 4.94895, 4.55867, 4.7715, 4.65588, 5.03645, 6.19886, 7.2538, 8.13588, 8.0414, 7.79089, 7.37356, 7.51014, 7.03391, 7.09747, 6.8679, 6.23496, 4.96175, 4.47486, 3.82665, 3.88406, 3.0607, 3.48902, 3.90412, 3.93774, 4.3988, 6.3521, 6.71904, 7.57953, 7.89432, 8.24428, 9.10538, 9.64078
10, 9.90948, 9.02268, 5.30743, 4.59512, 3.30337, 3.13328, 3.75286, 3.87513, 3.23326, 3.76776, 3.8234, 4.03966, 4.33422, 4.61306, 4.87577, 4.68692, 4.52507, 5.08901, 5.29658, 6.01886, 7.06072, 7.35691, 7.87113, 7.74242, 7.99616, 7.21347, 7.27093, 7.06493, 6.42958, 6.04995, 5.29156, 3.79375, 3.62783, 3.02284, 3.46011, 4.517, 5.63288, 6.16045, 6.63799, 9.31034, 9.73125
10, 9.98507, 9.22067, 6.99003, 5.3925, 4.35262, 3.59812, 3.24561, 3.69028, 3.78094, 3.37772, 3.68658, 3.737, 4.60113, 4.85201, 4.84803, 4.69972, 4.91578, 5.13391, 5.43756, 6.69485, 7.6676, 7.54329, 7.79782, 7.74568, 7.9636, 7.76815, 7.89964, 7.09895, 6.57342, 5.70178, 5.44365, 3.90048, 3.18209, 3.63963, 4.12613, 6.74373, 7.35774, 8.57395, 9.54414
10, 9.92583, 9.14639, 5.70889, 3.46596, 3.26805, 2.72915, 3.39963, 3.7903, 4.86577, 4.45254, 5.00938, 6.2152, 7.4447, 8.04478, 7.97691, 7.66628, 7.77253, 7.21848, 7.15143, 6.8383, 4.23859, 3.70676, 3.01255, 3.64323, 4.20853, 5.54957, 6.17173, 8.25735, 8.69063, 9.35634
10, 9.90059, 9.27064, 3.42065, 2.89538, 3.29968, 3.50012, 3.09459, 3.60272, 4.02751, 4.60533, 5.07917, 4.47312, 4.79539, 4.78974, 5.83122, 7.29802, 7.88134, 8.28245, 7.4537, 7.25559, 7.46921, 6.98617, 6.40848, 5.89962, 3.7631, 3.19917, 3.68376, 3.87626, 8.64294, 9.5854
10, 9.06025, 7.13484, 3.21058, 2.87958, 2.84444, 3.30629, 3.61954, 3.76232, 4.59983, 4.9878, 4.91936, 4.61281, 4.74955, 4.85784, 5.64181, 7.25229, 8.05876, 7.9858, 7.17979, 7.41804, 7.37604, 6.98759, 6.50957, 6.00259, 4.98956, 4.59288, 4.58624, 3.75507, 3.16427, 3.50645, 3.92736, 5.6653, 8.66827, 9.38829
10, 9.07011, 7.95647, 7.1456, 3.37488, 2.94537, 3.26538, 3.41883, 3.21905, 3.61374, 4.10345, 4.27314, 4.71651, 4.88233, 5.19059, 5.50185, 7.04128, 7.90391, 7.81274, 7.54114, 7.60409, 7.29913, 6.37703, 5.99077, 3.9555, 3.72413, 2.85803, 3.29187, 3.30727, 6.82807, 8.83958
10, 9.94782, 9.01411, 5.56954, 3.69783, 3.35989, 2.68065, 2.79398, 3.27332, 3.38484, 3.03929, 3.46972, 3.82458, 4.53481, 4.9493, 4.60772, 4.88127, 4.54348, 4.87954, 5.95783, 7.15803, 7.93932, 7.886, 7.45974, 7.14461, 7.20134, 6.94574, 5.23135, 4.62001, 3.64271, 2.8391, 3.55378, 4.08103, 6.89546, 8.64395, 8.95184, 9.39554
10, 9.93397, 9.10449, 7.02037, 5.99371, 5.61076, 5.13435, 3.72474, 3.06525, 3.32883, 3.72739, 3.28246, 3.61928, 4.6449, 4.46427, 4.75446, 5.50224, 7.2564, 7.90116, 7.75503, 7.44467, 7.27588, 7.42514, 6.95511, 6.97477, 6.62196, 6.03165, 5.91115, 3.85527, 3.75124, 3.04139, 3.18322, 3.54901, 4.62692, 6.13945, 9.52834
10, 9.93248, 9.09655, 7.1428, 3.55642, 3.04658, 3.01106, 3.58548, 3.76141, 3.26146, 3.46945, 4.63166, 4.73653, 4.84725, 5.03464, 5.2321, 5.78528, 6.39653, 7.41698, 7.82243, 7.83369, 7.3731, 7.2589, 6.88895, 7.00133, 6.44489, 6.13036, 4.81687, 3.63815, 2.94829, 3.09312, 3.70523, 5.58639, 5.62407, 6.37597, 8.91726, 9.53005
10, 9.93372, 8.77566, 7.08033, 4.14586, 3.34874, 2.80548, 2.73118, 3.05441, 2.5918, 3.50792, 3.90267, 4.3175, 4.88387, 4.41757, 4.95394, 6.11526, 7.23923, 7.92051, 7.60055, 7.0508, 6.96338, 6.57855, 4.85605, 3.73293, 2.70982, 3.04726, 3.60255, 3.73961, 4.15072, 6.02714, 8.88105, 9.60209
10, 9.7882, 8.91629, 7.03193, 6.46969, 5.78717, 5.45177, 3.39078, 2.75138, 3.06639, 3.20164, 3.94824, 3.23185, 3.80575, 3.97197, 3.89181, 4.70837, 4.44663, 4.66313, 4.54527, 4.95967, 6.30585, 7.31546, 8.05983, 7.37814, 7.05656, 6.77224, 6.07693, 5.34504, 5.26567, 4.65201, 3.9108, 3.37856, 3.53244, 3.21873, 5.09227, 5.95802, 7.03542, 9.56883
10, 9.90215, 9.04727, 5.14962, 3.31755, 2.78255, 2.89417, 2.59376, 3.29519, 2.91435, 3.11966, 3.39183, 3.64857, 4.25364, 5.0235, 4.43471, 4.96786, 6.05229, 7.60384, 8.08734, 7.94894, 7.20528, 7.16795, 6.65039, 5.39169, 4.11769, 3.65968, 3.15444, 4.82684, 6.08451, 8.86084, 9.59468
10, 8.98206, 6.10838, 3.16922, 2.79386, 3.54973, 3.65201, 3.01554, 3.35373, 3.72558, 4.4244, 4.88704, 4.27974, 4.70946, 4.97155, 5.50846, 5.63304, 6.3804, 7.53636, 8.02332, 7.05064, 6.38989, 4.61939, 4.53027, 3.85454, 3.71297, 3.47384, 2.79215, 3.14595, 4.41533, 7.34801, 9.16508
10, 8.82256, 7.29024, 3.24239, 2.55608, 3.17965, 3.3233, 3.67296, 4.2172, 4.89301, 4.49674, 4.96343, 4.92229, 5.25043, 5.52609, 6.46119, 7.34545, 7.92027, 7.36297, 6.96342, 6.79886, 6.26268, 4.60271, 3.77682, 3.3154, 2.87118, 4.24355, 7.09981, 9.1461
10, 9.89951, 9.0498, 6.17199, 3.22794, 2.53633, 2.51793, 3.5425, 3.12464, 3.54971, 3.74746, 4.20942, 4.98111, 4.59849, 5.55599, 7.2429, 8.0242, 7.88473, 7.15783, 7.17224, 6.45472, 4.43291, 3.79997, 2.79335, 2.89349, 3.25917, 3.42648, 3.36424, 3.75399, 4.27255, 6.90829, 9.60626
10, 9.89976, 9.05339, 6.04689, 3.2583, 2.73424, 2.70008, 3.30224, 3.35078, 2.81761, 3.37127, 3.59751, 4.27848, 4.69955, 4.34487, 4.69905, 5.1064, 7.01825, 8.11623, 8.13824, 7.34983, 7.24415, 6.45626, 3.64583, 2.64893, 3.2726, 5.08548, 6.41957, 8.62324, 9.60818
10, 9.93853, 9.10032, 6.37509, 5.75091, 5.20674, 3.29996, 2.47587, 2.95498, 3.29649, 3.03843, 3.40859, 3.79514, 4.34539, 4.87831, 6.14915, 6.24607, 7.55978, 7.94651, 7.34573, 6.99681, 7.19045, 6.66003, 4.0737, 3.84533, 3.703, 2.69307, 2.99456, 3.96026, 5.52736, 6.42261, 8.77614, 9.49577
10, 9.72577, 9.05013, 6.04951, 3.12695, 2.71506, 3.54789, 3.10391, 3.42245, 3.61541, 4.55842, 4.96742, 4.92031, 4.4456, 4.855, 4.69521, 5.11751, 5.6733, 6.12498, 7.49937, 8.10075, 7.65165, 7.78021, 7.37223, 7.4461, 7.22064, 6.41014, 5.34132, 5.05218, 3.90454, 2.73387, 3.3075, 4.64349, 6.558, 8.76408, 9.61144
10, 8.96329, 6.571, 3.55024, 2.87672, 3.46259, 3.55, 3.08009, 3.29181, 3.72974, 4.31643, 4.84179, 4.36308, 4.66678, 4.93055, 6.23052, 7.4445, 7.93039, 7.76634, 7.00168, 7.13477, 6.62441, 5.48551, 4.70803, 4.40249, 3.78612, 3.15785, 3.22102, 3.01629, 3.62928, 3.89191, 5.9451, 8.81084, 9.51323
10, 9.9056, 9.07145, 6.07301, 3.43463, 2.77183, 3.43836, 2.9548, 3.24009, 3.57719, 4.29659, 4.86703, 5.35964, 7.43718, 7.80404, 7.62622, 7.78287, 7.6873, 7.34254, 6.89414, 6.30474, 4.77749, 3.71915, 2.98934, 3.10437, 4.26049, 7.10167, 9.15067
10, 9.94001, 8.97666, 6.86469, 3.56592, 2.91163, 3.27475, 3.00439, 3.51527, 4.90132, 4.62953, 4.98918, 5.86747, 7.49724, 7.9878, 7.24291, 6.51572, 5.87914, 3.68828, 2.99112, 3.37017, 3.56182, 4.57833, 5.20516, 8.79513, 9.41382
10, 9.94222, 9.07255, 6.0477, 5.40547, 4.97725, 4.15944, 3.49478, 2.87411, 3.15933, 3.16123, 3.72136, 3.81357, 3.19686, 3.75212, 4.73631, 4.70375, 4.18907, 4.59867, 5.23271, 6.95946, 7.64012, 7.56955, 8.33437, 7.84472, 7.22014, 6.75264, 6.49753, 6.06657, 5.68171, 4.95499, 4.14137, 3.939, 5.73051, 6.17561, 9.08755, 9.58271
10, 9.90598, 8.92796, 7.09206, 3.60247, 2.9231, 3.2964, 2.84737, 3.41733, 3.75752, 4.35385, 5.04123, 5.10159, 6.23917, 7.49643, 8.06504, 7.98455, 7.53473, 7.46367, 6.89883, 7.0242, 6.3134, 4.87254, 3.81041, 3.5553, 2.96407, 8.74309, 9.5081
10, 9.91458, 9.09751, 7.42985, 6.81447, 5.5662, 3.39966, 2.88587, 3.30598, 3.51787, 3.74397, 4.43583, 5.01793, 4.62918, 5.26627, 5.29716, 5.96671, 6.8417, 7.98535, 7.74039, 8.10016, 7.25144, 7.37085, 6.48387, 5.79116, 5.03621, 3.84043, 3.85953, 3.73338, 3.06015, 3.42229, 3.57684, 5.14549, 5.42079, 6.30802, 8.50893, 9.40276
10, 9.91383, 9.09659, 6.55863, 3.37462, 2.56911, 3.28465, 2.90089, 3.31698, 3.68357, 4.22001, 4.74519, 4.69507, 4.41667, 4.73095, 6.1694, 7.45702, 8.07134, 7.14082, 7.30659, 6.72848, 4.52441, 4.12027, 3.5492, 2.97637, 3.70791, 3.88615, 5.75323, 8.86429, 9.59072
10, 9.945, 9.12458, 5.83167, 3.22309, 2.86423, 3.61119, 3.14015, 3.86236, 4.26953, 4.80414, 4.47073, 4.77996, 4.62548, 4.9852, 5.65495, 7.40061, 8.01002, 7.85543, 7.31279, 7.34272, 6.34681, 4.24538, 3.92582, 3.71204, 2.70598, 2.79259, 3.35972, 3.63924, 3.77299, 5.62814, 8.74881, 9.4784
10, 9.92426, 8.83117, 7.28669, 3.22479, 2.86934, 3.33965, 3.43154, 3.09823, 3.45234, 3.89625, 4.30825, 5.13302, 4.66409, 5.12641, 7.21998, 7.97314, 8.13291, 7.4124, 7.05604, 6.60402, 3.97034, 3.7972, 2.97339, 2.94772, 3.31322, 3.55285, 3.61643, 4.12951, 6.0281, 6.80258, 7.47009, 8.46515, 9.57032
10, 9.95464, 9.0164, 7.4872, 5.0987, 4.49388, 3.23217, 2.75025, 3.36084, 3.49655, 3.12654, 3.44438, 4.79463, 4.53973, 4.74658, 4.57729, 4.89955, 6.54234, 7.85449, 7.89717, 7.35379, 7.14311, 6.35332, 4.22693, 3.61828, 3.05137, 3.69432, 4.09669, 6.53767, 7.47137, 9.45999
10, 9.93871, 9.16981, 6.51582, 3.41731, 2.93777, 3.50963, 3.00495, 3.51259, 3.98201, 4.25746, 4.85939, 4.58702, 4.72403, 4.53347, 5.16567, 6.94908, 7.91549, 7.82947, 7.27967, 7.30864, 7.06608, 6.68797, 6.26205, 5.55446, 3.70961, 2.93493, 3.25412, 3.84013, 8.67423, 9.55743
10, 9.08149, 7.15027, 3.1136, 2.63363, 2.76316, 2.5034, 3.18154, 2.97387, 3.47487, 4.07393, 4.51536, 4.9716, 4.94521, 4.66744, 4.84131, 4.48131, 5.03009, 4.95923, 5.24144, 5.21115, 6.65888, 7.83014, 7.89009, 7.43443, 6.65346, 3.81338, 3.04959, 3.27696, 3.14267, 3.72839, 8.10128, 9.46595
10, 9.0996, 5.24825, 3.13996, 2.68338, 3.40221, 3.55212, 3.16515, 3.51315, 5.07905, 4.70762, 4.86661, 4.65533, 5.01976, 7.08505, 7.83744, 7.66675, 7.91512, 7.92325, 6.87918, 7.04694, 6.62534, 5.57108, 5.06871, 4.41628, 3.78569, 3.14431, 3.52551, 4.03702, 6.23567, 7.37252, 8.34437, 9.45208
10, 9.96952, 9.08993, 6.32982, 3.404, 2.80391, 3.52174, 3.32349, 3.66955, 5.05301, 5.06939, 4.49303, 4.88919, 4.81929, 6.24555, 7.2085, 7.97952, 7.94732, 7.44894, 7.56974, 7.17733, 7.36824, 6.94675, 3.80515, 3.06869, 3.7586, 3.84135, 6.36753, 7.50795, 8.71039, 9.45482
10, 9.94279, 9.09313, 8.24379, 7.11487, 6.47535, 5.22733, 3.2908, 2.68489, 3.72947, 3.72518, 3.44184, 3.23911, 3.63003, 4.74809, 5.57918, 6.73497, 7.7357, 8.09878, 7.83712, 7.01941, 7.0804, 6.80672, 6.15817, 4.34967, 4.06974, 3.56195, 3.71548, 3.22792, 5.16017, 7.09714, 9.59594
10, 9.24659, 7.86046, 7.32294, 3.1923, 2.72761, 3.42013, 3.18224, 4.23392, 4.83169, 4.976, 4.5606, 5.12758, 6.50254, 7.44612, 8.12363, 7.19216, 6.71752, 5.99484, 3.71006, 3.37315, 3.3768, 3.1255, 3.65351, 3.71086, 7.59307, 9.20883
10, 9.96482, 9.21287, 6.58552, 3.40682, 2.77916, 2.80733, 3.47541, 3.85827, 4.89859, 4.64825, 4.82865, 5.25153, 6.73977, 8.30567, 8.27382, 7.53033, 7.04479, 7.01575, 6.75857, 6.3025, 5.79947, 3.70222, 2.93583, 3.31331, 4.75272, 8.60091, 9.4388
10, 9.23023, 7.01477, 3.27375, 2.79281, 3.48245, 3.49539, 4.01246, 4.56224, 5.0549, 4.84539, 4.59343, 4.99002, 5.91179, 6.28466, 8.04789, 8.00317, 7.15981, 7.24623, 6.73625, 6.28879, 5.89544, 3.90448, 3.38268, 3.50337, 3.21982, 3.63431, 3.74849, 8.08145, 9.31914
10, 9.98027, 9.26202, 4.6503, 3.23634, 2.78693, 3.09781, 3.26968, 2.88671, 3.51679, 4.05876, 4.3328, 5.0714, 5.09008, 4.5475, 4.8698, 5.94557, 7.59395, 8.33265, 7.53404, 7.54809, 7.00849, 6.72334, 5.91156, 4.19055, 3.65796, 3.65737, 3.33494, 3.7823, 4.19776, 6.404, 7.31907, 8.40355, 9.27456
10, 9.45819, 8.77625, 6.95366, 3.38588, 2.93929, 3.43192, 2.94495, 3.2803, 3.59861, 3.77475, 4.53135, 4.66043, 4.31841, 4.54733, 4.36773, 4.74203, 5.51462, 5.64959, 6.48238, 8.02216, 7.99833, 7.35661, 7.39975, 7.24179, 6.95255, 6.34216, 6.29712, 5.19819, 5.03191, 4.30249, 3.54606, 3.79224, 3.3822, 3.97639, 4.20652, 4.77667, 5.00206, 6.1391, 7.66909, 8.59566, 9.36148
10, 9.95495, 9.18674, 5.50083, 3.41198, 2.66218, 3.38119, 3.13271, 3.3817, 3.72581, 4.56487, 5.14813, 4.93395, 4.56585, 4.99247, 5.6944, 7.2876, 8.1438, 7.98464, 7.35332, 7.57932, 6.76289, 6.28619, 5.24707, 3.78451, 3.16156, 3.44926, 4.45669, 5.4148, 6.87745, 7.66923, 8.89122, 9.47579
10, 9.48279, 8.63173, 5.99455, 5.13756, 3.51242, 2.9953, 3.41726, 4.50606, 4.13194, 4.46901, 4.36358, 4.89387, 5.59086, 7.22807, 8.03012, 7.86203, 7.22764, 7.46136, 7.19947, 6.67689, 4.42645, 4.33427, 3.98137, 4.12538, 5.85814, 7.32395, 9.15938
10, 9.21847, 8.1021, 7.57053, 3.53907, 2.76757, 3.26029, 3.47551, 3.19287, 3.42816, 3.91817, 4.45824, 5.03749, 5.02522, 4.5184, 4.89754, 5.15945, 5.83732, 6.96745, 7.93868, 7.72283, 7.19125, 7.2516, 6.98781, 6.665, 3.92022, 3.55767, 3.65237, 3.36559, 3.8801, 4.05115, 6.99282, 8.69641, 9.5461
10, 9.17853, 8.33147, 6.8751, 5.64706, 5.06195, 3.72782, 3.13885, 2.54059, 3.47297, 3.19031, 3.69424, 4.34439, 4.88707, 4.59293, 4.73605, 4.49211, 4.76172, 4.91925, 4.951, 5.72916, 7.26618, 7.89063, 7.66662, 6.96349, 7.06791, 6.28852, 4.98857, 3.5448, 3.0469, 3.17457, 3.7498, 6.97434, 8.9216, 9.61183
10, 9.37687, 6.1854, 5.41892, 5.09721, 3.4871, 2.83362, 3.29301, 3.49485, 3.33522, 3.03405, 3.06002, 3.45041, 3.73857, 4.54109, 4.98636, 4.48521, 4.8775, 5.35272, 7.45368, 8.09744, 8.0486, 7.49641, 7.19198, 7.39024, 6.85993, 6.30678, 4.40216, 3.90308, 3.40135, 3.77287, 4.21391, 7.10716, 9.46438
10, 9.91704, 9.10702, 8.1563, 6.25046, 5.84723, 5.08561, 3.96549, 3.40806, 2.81215, 3.30512, 3.87208, 3.45386, 3.12558, 3.06842, 3.58978, 4.81715, 4.7069, 4.30167, 4.78188, 6.43723, 7.51174, 8.01397, 7.32776, 6.78678, 6.82517, 6.14206, 4.74267, 3.99592, 3.61432, 2.6299, 3.43615, 5.81111, 6.23684, 7.66812, 9.42012
10, 9.48295, 8.91313, 7.40915, 6.10249, 5.38467, 4.94961, 3.60051, 2.94511, 3.4049, 3.53523, 3.08234, 3.32072, 3.77614, 4.1955, 4.81533, 4.82502, 4.34195, 4.68662, 5.20356, 6.96698, 8.28102, 8.2763, 7.67784, 8.05658, 7.40639, 4.50707, 3.53214, 3.82844, 3.95932, 3.77678, 4.12457, 4.29345, 6.5824, 9.00834, 9.83582
10, 9.94553, 9.34914, 3.31761, 2.5851, 3.35414, 3.82861, 4.60929, 5.09769, 4.82657, 4.98894, 4.5479, 4.71681, 4.53881, 4.81796, 5.61963, 7.09285, 7.84888, 7.93274, 7.57869, 7.44231, 6.79656, 6.53532, 4.99914, 3.82393, 3.19663, 3.35188, 3.17528, 3.59741, 4.26816, 5.09923, 6.50342, 7.28946, 8.72945, 9.22303
10, 9.94777, 9.04706, 6.38727, 3.38012, 2.65667, 3.14471, 3.33585, 3.85488, 4.47678, 5.19178, 5.19966, 4.68345, 4.96017, 6.44296, 7.52208, 8.03407, 7.70004, 6.98495, 7.11937, 6.85163, 6.03096, 5.92336, 4.62703, 4.01923, 3.91451, 3.06659, 3.14741, 2.90184, 4.85084, 5.90289, 9.21373
10, 9.96755, 8.9639, 4.88644, 4.65265, 3.37856, 2.81809, 2.77235, 3.26767, 3.31255, 4.36873, 5.09431, 4.59793, 4.82971, 6.41899, 7.24939, 7.88434, 7.09604, 7.26088, 6.88595, 6.4639, 4.93527, 3.73501, 3.8803, 3.13665, 3.79844, 3.89973, 6.85492, 7.66456, 8.84533, 9.44485
10, 9.98365, 9.14171, 7.05683, 5.38833, 4.8582, 4.15075, 3.50644, 2.87859, 3.18022, 3.00576, 3.70698, 4.38449, 4.98721, 4.57612, 4.76233, 4.43794, 4.79945, 6.81773, 7.90264, 8.00256, 7.90999, 7.28459, 7.42537, 6.71248, 5.08623, 4.09656, 3.80281, 3.23982, 3.74845, 4.37863, 6.79092, 7.82623, 8.64035, 9.38588
10, 9.94261, 8.89042, 5.82276, 5.3686, 4.17718, 3.32251, 2.7017, 3.15806, 3.46653, 3.23747, 3.46186, 3.7811, 4.526, 4.96871, 4.53685, 4.67881, 4.31957, 4.63637, 4.44346, 4.80462, 5.66473, 6.66403, 7.83183, 7.34634, 6.98915, 7.04577, 6.73112, 3.715, 3.25225, 3.21845, 3.47591, 9.05655, 9.61528
10, 9.93986, 9.00463, 5.73011, 3.32747, 2.71237, 3.42203, 3.328, 3.5714, 3.8858, 4.55169, 5.12023, 4.58711, 5.16325, 6.82462, 7.87381, 7.76966, 7.20241, 7.27821, 7.05371, 7.29993, 6.98738, 6.49472, 4.70425, 4.29737, 4.32831, 3.4941, 3.01312, 4.55164, 6.60845, 8.84477, 9.44053
10, 9.90729, 9.10411, 6.78197, 4.50089, 4.12001, 3.52162, 2.77345, 3.39798, 3.38609, 3.87576, 4.27139, 4.69077, 4.91816, 5.43516, 6.99655, 7.67834, 7.94765, 7.79527, 8.18111, 6.96892, 7.08014, 6.48049, 5.69195, 3.4975, 2.98518, 5.03746, 7.03693, 9.5332
10, 9.94341, 9.14366, 6.66386, 3.27301, 2.65516, 3.33622, 3.46392, 3.26735, 3.50244, 3.85718, 4.25904, 4.70034, 4.80772, 4.54583, 4.73982, 4.52577, 4.91939, 5.01259, 5.37124, 6.90465, 7.93574, 7.83747, 7.24299, 7.14666, 6.98653, 6.41678, 5.4499, 3.44302, 3.02985, 3.58203, 4.01314, 6.40374, 9.28538
10, 9.44589, 8.88256, 7.40833, 6.83199, 6.39935, 5.96395, 3.42936, 2.51357, 2.92026, 2.89358, 3.25922, 3.46639, 3.97103, 4.55992, 4.25914, 4.43398, 4.22426, 4.43687, 5.0284, 6.81291, 7.93176, 7.884, 7.34112, 7.42507, 7.17782, 7.34062, 6.80124, 5.96616, 4.52093, 4.41902, 3.82913, 3.7576, 3.75971, 3.96327, 4.12016, 4.80167, 6.96001, 7.9317, 9.05473
10, 9.77624, 9.09099, 5.21441, 3.32939, 2.71468, 3.65691, 3.70929, 3.42348, 2.92429, 2.87291, 3.5857, 3.99561, 4.70228, 5.57244, 6.25808, 6.89199, 7.52537, 7.87356, 7.69389, 7.97249, 7.54963, 7.51633, 6.9792, 7.04885, 6.09294, 4.9859, 3.82949, 3.63163, 3.32406, 3.41981, 3.03213, 3.06251, 3.33282, 3.74562, 3.71434, 4.93845, 5.39071, 5.44495, 6.02863, 7.08383, 8.92855, 9.6116
10, 9.23201, 7.87279, 7.242, 5.03011, 4.3107, 3.31291, 2.8512, 3.12496, 2.72573, 3.70631, 4.22578, 4.18234, 4.5346, 5.72713, 6.57437, 7.80896, 8.05274, 8.03057, 7.24599, 7.43651, 7.15568, 6.12481, 5.87346, 4.22284, 3.80783, 4.04569, 4.02224, 4.45538, 5.95857, 6.14481, 6.70383, 8.53906, 9.97843
10, 9.99004, 9.43365, 8.86196, 5.69661, 5.29772, 3.17226, 2.69216, 2.71701, 2.79159, 3.05639, 3.34674, 3.93673, 4.70837, 4.44602, 4.65826, 4.49109, 4.81564, 5.51655, 6.99957, 7.98869, 7.81723, 6.94727, 5.5187, 4.51261, 4.07161, 3.59685, 3.88954, 4.27943, 6.41062, 7.19543, 8.31172, 9.22377
10, 9.79993, 9.20926, 6.42928, 5.99668, 5.19221, 4.45873, 3.36848, 2.7457, 2.86542, 2.97975, 4.16235, 4.69497, 4.84274, 4.61788, 5.19969, 7.41263, 8.00019, 7.67621, 7.65431, 7.3539, 6.97531, 7.21292, 6.94664, 6.3729, 4.23607, 3.84312, 3.17972, 3.79859, 4.10336, 6.57835, 6.9885, 8.68205, 9.43174
10, 8.93028, 3.06757, 2.4491, 2.9478, 3.06289, 3.03052, 3.27291, 3.79915, 4.34157, 4.84208, 5.1277, 6.82506, 7.85003, 7.72713, 7.11682, 7.15379, 6.25717, 4.56523, 3.89103, 3.40913, 3.13224, 3.76034, 4.05966, 8.87718, 9.46608
10, 9.21131, 3.11843, 2.65168, 3.03518, 3.04955, 2.98022, 3.54998, 3.71691, 4.1887, 4.80671, 4.53917, 4.77473, 5.73657, 6.38105, 7.03929, 7.96303, 7.86865, 7.32653, 6.77459, 6.14614, 5.07662, 3.76159, 3.05751, 3.55675, 3.98169, 6.43502, 8.88307, 9.46865
10, 9.98056, 9.41709, 3.33942, 2.72092, 3.04604, 2.66486, 3.02586, 3.35299, 4.15437, 4.63035, 4.48664, 4.76909, 4.40626, 4.56449, 4.35766, 4.52586, 5.13988, 5.6148, 6.12731, 7.34235, 7.85442, 7.69879, 7.16474, 7.44421, 7.01912, 4.51844, 3.91904, 3.33152, 3.8115, 3.97824, 6.6202, 8.31331, 9.40568
9.99284, 10, 9.48555, 8.93515, 7.23061, 4.19534, 3.56699, 2.80086, 2.952, 2.71555, 3.0771, 4.1778, 4.67068, 4.68296, 4.34951, 4.67287, 5.2467, 7.69168, 8.29022, 8.26483, 7.86214, 7.89676, 7.49027, 7.48267, 7.08753, 6.8263, 4.65525, 4.35592, 3.23122, 3.29713, 3.63388, 3.92362, 4.30921, 6.82591, 7.88439, 8.70429
10, 9.3627, 8.95724, 7.14869, 5.10761, 3.25822, 2.8038, 3.03522, 2.5017, 2.97883, 3.44242, 3.95035, 4.73807, 4.32534, 4.57778, 4.4259, 5.4276, 6.87099, 7.84943, 7.93812, 7.41307, 7.54414, 6.88753, 6.53622, 6.04876, 4.23425, 3.57503, 3.733, 4.30897, 4.84199, 5.07179, 6.2757, 7.81404, 8.34917, 9.10041, 9.86299
10, 9.97943, 9.16837, 8.24676, 6.67797, 3.28466, 2.71709, 3.08902, 3.61625, 4.26655, 4.88117, 4.8472, 4.57449, 5.07953, 5.74152, 7.13867, 7.98743, 7.94857, 7.07064, 7.24533, 6.6948, 5.64474, 5.1491, 4.97934, 4.08166, 4.1418, 3.93, 3.18167, 3.70494, 3.88493, 6.14183, 6.78027, 8.38165, 9.32501
10, 9.97916, 9.17311, 6.05153, 3.1899, 2.77222, 3.2332, 3.06183, 2.70126, 2.86504, 3.30158, 3.5795, 4.22252, 4.6923, 4.51599, 4.77143, 4.64896, 4.97312, 6.95081, 7.76581, 7.56665, 7.3452, 7.37175, 6.75861, 6.51634, 5.7596, 4.38272, 4.32426, 3.6887, 3.17627, 3.5055, 3.82779, 5.58165, 7.30244, 7.7308, 8.61811, 9.33137
10, 9.88691, 9.18977, 5.67414, 5.28446, 4.38335, 3.37619, 2.73375, 3.1178, 3.676, 3.43555, 2.90464, 2.97938, 3.55301, 4.67489, 4.77128, 4.5604, 5.47083, 6.28588, 7.55028, 8.02115, 7.75884, 7.11288, 7.22167, 6.66259, 6.1374, 4.53774, 4.51357, 3.87283, 3.81931, 3.48146, 3.07975, 3.31933, 3.45739, 3.40436, 3.77805, 3.81324, 4.63485, 5.10203, 5.43524, 6.18085, 8.69818, 9.60852
10, 9.99461, 9.35757, 6.72106, 3.33307, 2.79847, 3.00239, 2.7043, 3.05998, 3.50662, 4.26855, 4.77092, 4.72002, 4.60799, 4.85543, 5.11413, 7.47015, 7.89207, 7.72954, 7.95814, 7.68634, 7.89474, 7.31866, 7.31878, 7.01583, 6.55905, 5.20899, 4.14803, 4.09774, 3.35312, 3.49286, 3.43228, 3.6816, 3.98702, 5.58788, 6.68958, 7.8127, 8.71089, 9.40681
10, 9.5131, 8.73226, 7.11957, 6.33537, 5.15465, 3.3452, 2.80148, 2.98675, 2.5351, 3.31717, 4.20606, 4.70639, 4.76246, 4.47942, 4.86612, 6.34014, 7.96527, 8.05862, 7.94425, 7.21848, 7.38383, 7.18104, 6.88989, 6.56038, 5.99215, 4.61969, 4.33703, 4.08498, 3.30292, 3.57649, 3.85457, 4.15028, 6.17351, 7.64446, 8.52426, 9.86517
10, 9.97575, 8.9328, 7.05666, 3.56078, 2.88299, 3.23245, 2.97146, 2.69615, 3.38074, 3.67995, 4.27138, 4.83703, 4.32978, 4.59463, 5.2181, 6.61122, 7.88571, 7.83262, 6.85903, 7.0204, 6.66684, 5.88865, 5.43661, 3.76974, 3.12446, 3.39065, 4.09258, 6.63759, 8.90092
10, 9.96586, 9.1572, 3.42511, 2.74413, 3.20709, 2.82609, 3.15183, 3.60565, 4.34455, 4.90812, 4.79533, 4.63227, 4.9683, 6.65422, 7.66348, 7.79558, 7.1845, 7.61599, 6.86486, 6.84329, 6.64512, 6.47274, 6.29518, 5.74133, 3.99048, 4.08186, 3.69607, 2.99118, 4.18939, 8.74616, 9.40688
10, 9.97542, 9.3036, 4.4824, 3.32537, 2.78434, 3.0893, 3.40528, 4.21669, 4.79151, 4.82073, 4.55531, 5.15538, 6.57806, 7.3887, 7.98258, 7.82423, 7.18399, 7.20292, 6.90133, 6.17159, 5.712, 4.36399, 3.85512, 3.13715, 3.26261, 3.06696, 3.54984, 4.03133, 6.83359, 7.80327, 8.57648, 9.35949
9.99029, 10, 9.50543, 9.10597, 7.3186, 3.46318, 3.02809, 3.34583, 3.39984, 2.98131, 4.73762, 4.44396, 4.63994, 4.46702, 5.00853, 6.43273, 7.8812, 8.0934, 7.96125, 7.58941, 7.81666, 7.40328, 7.52063, 7.00494, 5.21608, 4.12891, 3.57464, 3.75308, 3.76976, 4.02804, 4.21618, 4.50056, 6.3296, 7.71254, 8.61437
10, 9.98134, 9.17684, 7.22024, 6.42609, 3.1877, 2.74126, 3.31018, 2.97009, 3.57712, 4.32864, 4.94013, 6.10178, 7.84823, 7.64179, 7.24003, 7.51858, 7.26673, 6.96523, 6.49167, 4.9726, 3.76997, 3.20357, 3.83567, 3.83983, 6.61325, 7.45058, 9.32001
10, 9.92992, 9.18808, 6.44391, 3.52935, 2.78517, 3.0999, 3.33711, 3.0536, 3.28891, 3.59977, 4.50241, 5.07007, 4.68761, 4.82053, 5.67075, 7.00868, 7.59953, 8.06591, 7.81836, 7.3154, 7.29027, 6.80581, 6.62603, 6.41602, 5.34059, 4.57839, 4.40352, 3.86646, 3.01834, 3.15914, 3.64099, 8.70781, 9.0033, 9.51173
10, 9.92505, 9.17404, 5.49019, 3.48311, 2.73898, 3.02134, 3.24743, 3.00602, 3.35454, 3.65323, 4.20097, 4.84455, 4.45253, 4.74151, 4.66171, 5.20619, 6.85932, 7.67557, 8.03423, 7.03713, 7.13882, 6.39974, 4.80522, 4.22322, 3.60598, 2.9338, 4.05926, 4.17991, 4.86978, 6.17564, 9.306
10, 9.92867, 9.18286, 6.82478, 3.48073, 2.62546, 3.2559, 3.42733, 3.20594, 3.53035, 3.82796, 4.42278, 4.93841, 4.52442, 5.22721, 7.49243, 7.88956, 7.76943, 8.01755, 7.89267, 7.18358, 7.13971, 6.57482, 6.25695, 5.77753, 5.02635, 3.8295, 3.05357, 3.66328, 3.92915, 6.32759, 7.17091, 9.04268, 9.51237
10, 9.91617, 9.08762, 7.09287, 3.23781, 2.6283, 3.67414, 3.85008, 3.52864, 3.19243, 2.80092, 2.78539, 3.5459, 4.02857, 4.26563, 4.7921, 4.79207, 4.50312, 4.87817, 6.1668, 6.45132, 7.1764, 7.95143, 7.66929, 7.14441, 7.30743, 6.89851, 6.80195, 6.36743, 5.88625, 4.68825, 4.11512, 3.57161, 3.65465, 3.52397, 2.9738, 2.96395, 3.34704, 5.02962, 6.92468, 7.55374, 9.10639, 9.59191
10, 9.26375, 3.21435, 2.74584, 3.37283, 3.41699, 3.0533, 3.65466, 4.44703, 4.90343, 4.88549, 4.39268, 4.63883, 4.50701, 4.79375, 5.42482, 5.86922, 6.00933, 6.91143, 7.9331, 7.76089, 7.35305, 7.5219, 7.01708, 5.79705, 4.4283, 4.20465, 3.8769, 3.18747, 3.54287, 3.86221, 6.9091, 7.32537, 8.85371, 9.45534
10, 9.28995, 7.10554, 3.18755, 2.86785, 3.35224, 3.4013, 3.06016, 3.58878, 4.24971, 4.94162, 4.48434, 5.00194, 5.48126, 6.36855, 7.50331, 8.16259, 8.0081, 7.61498, 7.59675, 6.77732, 4.61725, 3.89055, 3.31621, 3.79038, 4.06164, 6.28779, 7.51861, 8.71339, 9.43508
10, 9.20794, 6.93485, 3.35719, 3.25119, 2.63076, 2.78349, 3.46384, 3.54181, 3.26751, 4.28393, 4.73283, 4.44561, 4.79911, 4.63175, 5.42021, 7.47832, 8.18776, 7.58076, 7.71573, 7.32949, 7.16191, 6.74118, 6.45298, 4.24637, 3.53606, 2.96378, 3.38388, 8.49253, 9.43308
10, 9.89748, 9.08739, 7.47385, 3.41605, 2.41459, 3.3148, 3.17378, 3.56872, 3.92235, 4.18543, 4.85071, 4.58247, 4.91327, 6.27716, 7.31241, 7.82117, 7.72068, 7.0868, 7.12891, 6.69017, 4.10126, 3.8599, 3.53344, 2.55564, 2.85936, 4.26131, 5.93251, 8.59928, 9.56141
10, 9.87102, 8.89126, 7.13535, 3.23047, 2.58567, 2.57124, 3.38802, 3.00764, 3.35168, 3.53458, 4.43957, 4.9353, 4.92448, 4.66861, 5.15711, 6.28056, 7.60188, 7.99333, 7.87124, 6.76992, 6.74009, 5.82057, 4.88229, 3.78594, 3.46481, 2.90534, 3.77603, 4.94467, 5.36465, 6.35219, 7.06538, 8.03136, 9.61997
10, 9.90755, 8.88286, 7.15242, 6.37919, 3.40797, 2.58519, 3.21192, 2.94623, 3.24883, 3.49875, 4.44503, 4.84967, 4.9216, 4.6699, 5.14672, 6.00655, 7.0991, 7.47074, 7.8306, 7.4126, 6.8358, 6.76311, 6.43141, 6.43612, 5.92164, 4.69481, 4.33673, 4.14427, 3.76756, 2.8523, 4.10299, 4.87247, 5.48986, 6.79801, 9.64219
10, 9.7025, 9.03436, 6.61251, 5.8469, 3.31422, 2.67213, 3.27376, 3.21572, 2.69174, 3.29549, 3.59137, 4.11414, 4.93462, 5.35784, 6.77833, 7.48479, 7.7934, 7.25529, 6.71502, 6.56348, 6.23186, 4.35663, 3.75299, 3.44764, 2.80038, 3.84947, 6.64891, 7.57002, 8.29389, 9.62603
10, 8.8247, 6.96221, 6.49613, 3.57794, 2.76232, 3.19019, 3.51696, 4.20537, 4.63327, 4.4661, 4.91306, 4.78717, 5.25772, 6.36888, 6.59485, 7.49644, 7.81123, 7.6409, 7.79118, 7.67774, 6.74736, 6.64524, 6.11443, 5.81262, 5.49256, 4.21462, 3.75405, 3.42224, 2.58207, 2.93288, 3.85371, 6.22348, 7.128, 8.62459, 9.53678
10, 9.83929, 8.87466, 6.58298, 5.24991, 4.45639, 3.2897, 2.49219, 2.91751, 2.61261, 3.23269, 3.57481, 4.09882, 4.90416, 5.29696, 6.4284, 7.39501, 7.77841, 7.24285, 6.46306, 6.57304, 6.18173, 4.38647, 3.89103, 3.48807, 2.77642, 4.4095, 5.712, 5.96706, 6.46109, 7.75907, 8.73837, 9.67977
10, 9.90685, 8.96877, 6.52209, 3.00242, 2.52795, 3.14647, 2.77334, 3.13691, 3.36655, 4.33327, 4.88171, 5.58103, 7.49854, 7.85107, 7.43069, 6.86587, 7.03337, 6.6226, 5.23637, 4.84721, 4.24946, 4.02717, 3.79777, 3.20433, 3.29624, 3.00263, 4.72354, 6.21114, 8.93697, 9.53636
10, 9.90747, 9.31401, 8.53129, 5.16607, 3.23309, 2.72613, 3.02322, 2.90717, 3.62452, 3.69129, 3.10257, 3.59912, 4.63001, 4.85008, 4.43248, 5.00426, 7.40152, 7.91464, 7.83742, 7.34865, 6.85692, 6.8626, 6.30069, 4.41656, 4.17631, 3.58623, 3.7008, 2.91598, 3.06512, 3.3602, 3.9825, 4.01665, 5.07507, 5.6821, 6.13237, 7.74188, 9.59362
10, 9.38569, 9.10528, 6.99749, 5.12436, 4.16043, 3.59667, 3.28113, 3.38813, 2.95501, 3.85955, 4.31967, 4.59244, 4.3096, 4.61643, 5.05453, 5.34786, 6.46253, 7.43478, 8.14953, 8.12188, 7.69308, 7.59222, 7.50092, 7.29031, 6.54479, 5.62229, 5.52429, 4.79417, 4.74969, 4.27984, 3.81444, 3.96682, 4.04636, 4.28497, 4.48267, 6.89487, 7.74427, 9.11565, 9.82363
10, 9.49618, 9.0748, 8.0204, 7.15971, 6.85766, 6.14905, 4.03022, 3.7874, 3.16209, 3.33536, 3.1912, 2.78276, 3.32782, 3.50791, 3.69818, 4.11264, 4.72812, 6.54091, 7.83452, 7.66086, 7.91702, 7.53527, 7.90626, 7.34546, 6.84033, 6.32939, 4.88516, 4.24811, 3.6975, 4.11882, 4.37862, 5.031, 5.50222, 6.30586, 8.04159, 8.46445, 9.83154
10, 9.92936, 9.03295, 5.66708, 4.95061, 3.31183, 2.85881, 3.39701, 3.09362, 3.82547, 4.3517, 4.91367, 5.18075, 5.7906, 6.2972, 7.21055, 8.22369, 7.51435, 7.18518, 6.91081, 4.45526, 3.82199, 3.02728, 3.69094, 4.17717, 7.07696, 8.53952, 9.49567
10, 9.95189, 9.04193, 5.70207, 3.25825, 2.79277, 3.35908, 3.13493, 2.81662, 2.92818, 3.16741, 3.39151, 4.30459, 4.74774, 4.78139, 4.54434, 4.98928, 5.41286, 5.83591, 7.29142, 7.89323, 7.77961, 7.16663, 7.35383, 6.90305, 5.15274, 4.93597, 3.56353, 3.02887, 3.60939, 5.64282, 6.60702, 8.67556, 9.49804
10, 9.45958, 8.63205, 6.55009, 5.16979, 3.45485, 2.97592, 3.39354, 3.40183, 3.93229, 4.49996, 4.5794, 5.39551, 7.04541, 7.73163, 7.68717, 7.26809, 8.15998, 8.19966, 7.02893, 6.65969, 6.04899, 4.52861, 4.36264, 4.15478, 3.25443, 3.73734, 4.34074, 6.67222, 7.34033, 9.14878, 9.89094
10, 9.98011, 9.2866, 7.45633, 3.99057, 3.49157, 2.84504, 3.30399, 3.3145, 3.39348, 4.06735, 4.78298, 4.48145, 4.89948, 7.15314, 7.77839, 7.8597, 7.82312, 7.57743, 7.65857, 7.44078, 7.76127, 7.36553, 7.00276, 6.91876, 5.84935, 3.98762, 3.48615, 3.6379, 3.92839, 4.41301, 5.35248, 5.85281, 7.87603, 9.37886
10, 9.98911, 9.30724, 8.61949, 6.95719, 4.75975, 3.57679, 2.96496, 3.31419, 3.3456, 2.8873, 4.43839, 4.29206, 4.5878, 4.98497, 6.61566, 7.74397, 7.79967, 7.50509, 7.51386, 7.15314, 7.28795, 7.31907, 7.07375, 5.96745, 4.08295, 4.01179, 3.61554, 3.71587, 4.28938, 6.8983, 8.76247
10, 9.98127, 9.2683, 6.61563, 4.93798, 4.13625, 3.83818, 3.47653, 2.83168, 3.30883, 3.40568, 4.21666, 4.79981, 4.48141, 4.85152, 6.71218, 7.30683, 8.03313, 7.97506, 7.45232, 7.62129, 7.3117, 6.88889, 4.39373, 4.14413, 4.50797, 6.66615, 7.72718, 8.40433, 9.41219
10, 9.45907, 8.91761, 6.83993, 6.42656, 5.74552, 3.58156, 3.23254, 2.59245, 3.29351, 3.4499, 3.01119, 3.34696, 4.13673, 4.57565, 4.68671, 4.28421, 4.69727, 4.99377, 7.13259, 7.55573, 7.33598, 7.59076, 8.71478, 8.2306, 7.64854, 7.30522, 7.59616, 6.92592, 5.57646, 4.81913, 3.99822, 4.13103, 3.76756, 3.71788, 3.47911, 3.90179, 4.28243, 6.57616, 7.59855, 8.26816, 9.13945, 9.87646
10, 9.97139, 9.2719, 6.93186, 4.86524, 3.42009, 2.94104, 3.3696, 3.53514, 3.02225, 3.52301, 4.05587, 4.76438, 5.62996, 7.16381, 7.56226, 8.17016, 8.14447, 7.43354, 7.52269, 7.22558, 7.43775, 7.07002, 6.03077, 4.00581, 4.07954, 3.35296, 3.8235, 4.65049, 5.9778, 7.37822, 8.30758, 9.29311
10, 9.938, 9.03599, 8.38721, 6.08167, 5.64647, 5.06985, 3.30799, 2.621, 3.61422, 3.249, 3.5912, 4.82861, 4.28549, 5.14948, 5.31358, 5.96277, 7.42334, 7.8751, 7.47481, 7.53187, 6.88024, 6.69034, 6.21643, 4.42192, 3.90726, 3.88235, 3.63351, 3.28318, 3.48458, 3.44892, 3.1056, 3.47013, 3.70619, 3.64491, 5.93448, 7.34468, 9.57898
10, 9.28248, 8.04875, 7.09254, 6.48053, 5.26975, 4.37223, 3.87715, 4.1793, 3.53316, 3.76763, 3.96037, 4.84736, 5.28648, 5.21313, 7.57544, 8.13988, 8.38916, 7.59877, 7.75737, 7.49781, 7.16137, 6.12932, 5.78546, 4.59665, 4.45608, 4.09227, 4.35386, 4.04568, 6.19921, 7.29421, 7.87543, 9.00481, 9.99875
10, 9.9738, 9.26339, 6.85914, 3.3629, 3.03787, 3.48813, 3.64627, 3.08252, 3.30959, 3.61792, 4.11751, 4.70003, 4.4049, 4.70333, 4.56447, 5.04213, 7.01416, 8.0787, 8.01766, 7.46223, 7.45022, 7.89476, 7.58802, 6.33092, 5.70654, 5.24056, 4.1957, 4.08191, 3.71325, 3.81572, 3.40985, 3.75206, 4.36858, 7.03999, 7.67438, 9.158
10, 9.9596, 9.38361, 3.27224, 2.79862, 3.45648, 3.15253, 3.34225, 3.58025, 4.09675, 4.72282, 4.43777, 4.63809, 4.45855, 4.99769, 6.41632, 6.79302, 7.38251, 7.86685, 7.62493, 7.90703, 7.17451, 7.24096, 6.93651, 6.54524, 5.30297, 3.93186, 3.10673, 3.39598, 3.29361, 3.80904, 3.89294, 5.91584, 8.59257, 9.32549
10, 9.10024, 7.86797, 5.65359, 5.2811, 3.65012, 2.9971, 2.97432, 3.60711, 3.12016, 3.43535, 3.67841, 3.8616, 4.28208, 4.69468, 4.64642, 4.22334, 4.56277, 4.51603, 4.94837, 5.31394, 6.5672, 7.75629, 8.16402, 7.34533, 7.19313, 6.60827, 5.0579, 3.88084, 3.43204, 3.57044, 3.32542, 3.48477, 4.46613, 6.55791, 9.11434
10, 9.9585, 9.18892, 7.26065, 3.50138, 3.01456, 3.57196, 3.63716, 3.08128, 3.46078, 3.65826, 4.17078, 4.84872, 5.47056, 7.74187, 8.14028, 7.97455, 7.35667, 6.59053, 4.68082, 4.4704, 3.77781, 3.01963, 3.07999, 3.41757, 3.93954, 4.16204, 8.63093, 9.49085
10, 9.20263, 8.12562, 7.28618, 6.79591, 6.47967, 5.63917, 3.66414, 3.00061, 2.96849, 3.68406, 3.83629, 3.21709, 3.41856, 3.61074, 4.19361, 4.66973, 4.85657, 6.71652, 7.57677, 8.0451, 7.68538, 7.30764, 7.53948, 6.72305, 5.98508, 5.89456, 3.71849, 3.25687, 3.61282, 4.00068, 6.82235, 7.55446, 8.514, 9.36152
10, 9.9412, 9.33453, 6.73263, 5.06089, 4.02898, 3.45561, 2.95684, 3.7983, 3.00541, 3.49334, 3.65464, 4.10422, 4.6638, 4.36951, 4.648, 4.84328, 5.90875, 7.28687, 8.06619, 7.97089, 7.33813, 7.48304, 6.70727, 4.68695, 3.82783, 3.3101, 3.49049, 3.7108, 3.90664, 4.00204, 4.39425, 7.00449, 7.80644, 8.64117, 9.45963
10, 9.05703, 7.00902, 3.45751, 3.12141, 3.05505, 3.8878, 3.18089, 3.4918, 4.0519, 4.23096, 4.60585, 4.66019, 4.23418, 4.53765, 4.83875, 6.16581, 7.49715, 7.92476, 7.80635, 7.2644, 7.34526, 6.70495, 5.45333, 4.52267, 4.2439, 4.00719, 3.72574, 3.14839, 4.01697, 4.22035, 4.72056, 6.93821, 9.36059
10, 9.95541, 9.18887, 7.81404, 7.32094, 6.64083, 6.18676, 5.42314, 3.61373, 2.95119, 3.81779, 3.90418, 3.18685, 3.58003, 4.46969, 4.8466, 4.83832, 6.83755, 7.9067, 7.99953, 7.41342, 7.32917, 6.52635, 6.14506, 5.2681, 4.02038, 3.68949, 3.34908, 3.74911, 4.10639, 6.8102, 7.58702, 8.75866, 9.4749
10, 9.93085, 9.01842, 7.78024, 7.54035, 6.3006, 5.84066, 5.47861, 3.95116, 3.29139, 3.68675, 3.73777, 3.11839, 3.56572, 3.73696, 4.49757, 4.85503, 4.71373, 5.57368, 6.81592, 7.589, 8.19656, 7.47984, 6.91395, 5.15918, 4.42333, 3.84414, 3.28396, 3.89299, 4.11063, 6.31479, 8.76002, 9.47817
10, 9.0421, 5.65687, 5.3848, 4.97334, 4.1877, 3.43829, 2.98531, 2.97135, 3.74129, 3.79037, 3.07357, 3.50283, 4.70685, 4.39415, 5.5147, 6.92759, 7.70485, 7.57547, 7.8727, 7.11008, 6.73772, 6.17078, 4.69871, 3.92536, 3.53473, 3.70173, 3.3735, 3.57612, 3.49574, 3.93153, 4.07044, 4.56882, 5.95423, 6.38181, 8.85607, 9.54845
10, 9.04867, 4.98139, 3.24033, 2.74285, 3.27084, 2.95562, 3.39628, 3.92966, 4.31587, 4.89702, 4.91169, 4.56069, 5.41715, 6.87862, 7.41358, 8.18073, 7.93608, 7.20463, 7.33633, 6.67062, 6.75675, 6.13786, 5.24453, 4.6949, 4.33088, 3.94909, 3.69228, 2.98833, 3.49845, 4.71629, 7.22085, 9.50846
10, 9.95757, 9.19964, 8.65228, 8.27038, 7.70904, 7.33713, 6.75483, 5.93867, 5.58049, 3.64471, 3.16229, 3.68164, 4.03319, 3.17587, 3.56205, 3.91364, 4.21882, 4.81847, 5.09745, 6.17577, 7.10024, 7.8549, 7.78791, 8.27987, 7.18893, 7.12365, 6.8544, 6.44326, 5.33965, 3.90418, 3.53667, 3.60506, 3.336, 3.85768, 4.28916, 8.40804, 9.37461
10, 9.78516, 9.18793, 6.09536, 3.64612, 3.00819, 3.71056, 3.78791, 3.45147, 3.14462, 2.99442, 3.53572, 3.68823, 4.12363, 4.57527, 4.63256, 4.87965, 5.84458, 7.52323, 7.96536, 7.88057, 7.34287, 7.50056, 7.29471, 6.57348, 5.35346, 3.85325, 3.51086, 3.54435, 3.3766, 3.83937, 3.80808, 4.29903, 5.72191, 8.6274, 9.47337
10, 9.12826, 7.90327, 7.37097, 3.48351, 3.01068, 2.99099, 3.41501, 3.5463, 3.04074, 3.23252, 3.5452, 4.28663, 4.72422, 4.97086, 5.37108, 5.79855, 7.4082, 8.22804, 7.14428, 7.36868, 6.44712, 4.52195, 4.42571, 3.93882, 3.39608, 3.72707, 4.00351, 6.68428, 7.56459, 8.48049, 9.20902
10, 9.00846, 7.56878, 6.29592, 5.48084, 3.2648, 2.96731, 3.38027, 3.45619, 3.02422, 3.20801, 3.76738, 4.18276, 4.7017, 4.69114, 4.19092, 4.48786, 4.60333, 5.53685, 6.16644, 6.34415, 7.62628, 7.46983, 7.72976, 7.24398, 7.64667, 6.36407, 5.67074, 4.83886, 3.80058, 2.81467, 3.15352, 3.41995, 4.20396, 5.10813, 5.54353, 6.7902, 7.76722, 9.12854
10, 9.9527, 9.38153, 3.44387, 2.98563, 3.24352, 3.35558, 2.91626, 3.34799, 3.63809, 4.14383, 4.65706, 4.83477, 6.12409, 7.37592, 7.96152, 7.84879, 7.43567, 7.74386, 6.96739, 6.6265, 4.6286, 3.83243, 2.99505, 3.32156, 4.67834, 6.74023, 7.5131, 8.65683, 9.36146
10, 9.96834, 9.2618, 7.4297, 7.06111, 3.55357, 3.0935, 3.39064, 2.80835, 3.30115, 3.54373, 4.11851, 4.62545, 4.20193, 4.52201, 4.62111, 5.045, 5.27318, 5.57231, 7.20147, 7.94561, 7.86834, 7.39241, 7.53343, 7.25676, 6.58981, 5.02143, 3.7339, 3.32074, 3.80076, 4.1523, 7.25271, 9.3647
10, 9.95547, 9.25962, 5.88111, 5.52822, 3.69923, 3.09887, 3.48934, 3.59639, 3.01163, 3.31243, 3.48253, 3.96207, 4.11886, 4.28459, 4.74956, 4.47334, 4.74198, 6.01643, 7.11227, 7.48739, 8.15409, 7.94259, 7.67617, 7.71776, 7.23306, 6.83655, 5.70451, 5.55221, 3.88628, 3.04947, 3.34695, 3.57155, 4.0499, 6.70403, 7.66409, 8.66853, 9.46526
10, 9.95651, 9.27183, 5.57941, 3.51972, 3.20104, 3.76607, 3.72478, 3.16007, 3.34263, 3.60521, 3.9538, 4.35665, 4.63291, 4.36915, 4.79206, 4.73805, 5.69877, 6.92959, 7.49701, 7.95487, 7.7961, 7.29444, 7.30576, 7.02183, 7.14572, 6.92695, 5.59335, 3.80714, 3.28692, 3.65759, 4.32771, 7.17426, 7.57393, 8.68655, 9.47245
10, 9.97157, 9.29187, 5.25732, 4.48223, 3.65149, 3.18581, 3.82669, 3.79132, 3.17276, 3.34492, 3.62186, 3.97802, 4.32888, 4.24661, 4.4951, 4.77591, 5.17669, 5.54243, 7.2856, 8.01092, 7.55604, 7.01433, 7.14342, 6.58033, 4.04965, 4.08361, 3.82751, 3.4099, 3.48862, 3.38143, 3.78525, 4.22359, 6.88141, 9.37498
9.95928, 9.29354, 7.05146, 3.57794, 3.28391, 3.24692, 3.79985, 3.6739, 3.18532, 3.36323, 3.48018, 4.03852, 4.56899, 4.57739, 5.66628, 6.67621, 7.27846, 7.81495, 7.52875, 7.47833, 7.84045, 7.6141, 8.1711, 7.76328, 7.30112, 6.62323, 6.31701, 4.396, 4.07359, 3.82087, 3.3135, 3.99122, 4.31195, 6.34328, 7.74158, 8.70985, 9.48111, 10
10, 9.88685, 9.25716, 7.75836, 7.40128, 5.72786, 5.22502, 4.75736, 4.26011, 3.1263, 2.62192, 2.63125, 3.31509, 3.48869, 3.38968, 3.09767, 3.20614, 3.56974, 4.84133, 4.61128, 5.60552, 5.81549, 6.95323, 8.26661, 8.15429, 7.34671, 7.48269, 6.96386, 6.66005, 6.26387, 5.87002, 4.21139, 4.17129, 3.78312, 3.09559, 3.42098, 3.47928, 3.35652, 3.73595, 3.85056, 4.23944, 4.82146, 5.82948, 6.44208, 7.03497, 7.52474, 9.52611
10, 9.20994, 6.981, 6.22046, 5.50226, 4.49181, 3.80267, 3.35777, 3.3262, 3.69003, 3.7348, 2.97612, 3.28627, 3.58687, 4.14553, 4.51997, 4.5438, 4.50262, 4.71169, 5.6478, 6.66647, 7.07098, 7.42913, 8.40069, 7.13683, 7.14216, 6.70866, 6.42873, 5.42915, 4.2169, 3.99034, 3.84854, 3.23102, 3.683, 3.70487, 6.98098, 7.7974, 8.63975, 9.40435
10, 9.96255, 9.30763, 7.45592, 3.7808, 3.34713, 3.65857, 3.11654, 3.27178, 3.43567, 3.79197, 3.95306, 4.48183, 4.76368, 5.10671, 5.46462, 6.93082, 7.28477, 8.32157, 7.91398, 8.03477, 7.54017, 7.73161, 6.9716, 6.94981, 6.40911, 4.05998, 4.0205, 3.84491, 3.25777, 3.8381, 4.49219, 6.17676, 8.38258, 9.38259
10, 9.94643, 9.41881, 8.4211, 7.56298, 3.73807, 3.55131, 3.10177, 3.54865, 3.66687, 2.99909, 3.30921, 4.05581, 4.59571, 4.59833, 5.57084, 7.30612, 7.91611, 7.72541, 7.93906, 7.43672, 7.7579, 7.16955, 7.39509, 7.07221, 6.68204, 6.58346, 5.64168, 5.31417, 4.36919, 4.29322, 4.06125, 3.87864, 3.24247, 3.90977, 3.97491, 7.14519, 8.60821, 9.48976
10, 9.95866, 9.29662, 6.57768, 4.4702, 4.14777, 3.54123, 2.93599, 3.42785, 3.61671, 2.84325, 3.18855, 3.396, 4.09435, 4.60201, 4.80376, 6.2146, 7.20951, 7.91353, 7.61164, 7.21087, 7.18774, 6.96464, 5.04197, 4.68582, 3.82998, 2.94274, 3.23282, 3.63715, 4.23726, 7.36944, 7.76316, 9.26907
10, 9.96421, 9.44077, 3.42991, 3.13714, 3.47374, 3.44753, 2.90785, 3.22632, 3.41993, 3.98994, 4.47896, 4.20429, 4.46089, 4.66252, 4.46677, 4.89333, 5.27498, 5.7694, 7.12732, 7.94625, 7.47907, 7.62133, 7.02658, 7.16199, 6.83123, 5.45079, 5.3172, 4.60593, 4.04064, 4.04782, 3.7911, 3.21815, 3.66908, 4.16006, 8.38011, 9.47841
10, 9.9625, 9.17679, 7.55953, 3.3587, 3.05974, 3.29297, 3.27414, 3.4417, 3.57438, 3.93031, 4.52436, 4.23705, 4.48183, 4.86397, 5.8177, 7.39644, 7.75147, 7.86994, 7.43588, 7.57974, 7.2719, 6.90058, 6.42283, 4.42588, 4.11381, 3.89849, 3.27926, 3.73406, 4.03679, 6.03336, 8.24779, 9.47535
10, 9.96165, 9.16775, 7.9013, 7.16599, 4.75192, 3.54293, 3.08224, 3.60443, 3.70336, 3.34751, 2.84342, 2.76499, 3.22575, 3.43091, 3.59962, 4.21643, 4.69574, 4.63204, 5.3444, 5.57151, 7.44166, 7.9542, 7.87344, 7.60875, 7.42903, 7.15398, 7.31821, 6.60424, 5.86489, 5.45576, 5.14507, 4.15612, 4.10208, 3.96012, 3.2309, 3.71735, 4.31403, 5.11965, 8.35627, 9.47154
10, 9.97497, 9.30209, 8.28005, 6.38821, 3.37177, 3.05673, 3.59221, 3.58361, 3.08338, 3.27195, 3.5909, 3.9526, 4.52258, 4.26142, 4.52588, 4.4215, 4.79647, 6.03872, 7.19486, 7.91514, 7.69963, 7.2357, 7.32854, 6.92184, 6.53405, 4.78075, 4.05217, 3.84806, 3.29752, 3.70559, 4.02435, 6.41724, 7.59771, 8.57931, 9.36113
10, 9.97326, 9.42511, 3.456, 3.00657, 3.36686, 3.55297, 3.34761, 4.11298, 4.46509, 4.29195, 4.51608, 4.24037, 4.50404, 4.76864, 5.44455, 7.38895, 8.04365, 7.83309, 7.263, 7.44233, 7.1814, 6.67642, 5.42079, 4.63462, 4.57737, 3.84293, 3.39071, 3.48482, 3.7304, 3.94353, 6.76559, 7.83864, 8.82739, 9.48828
10, 9.97035, 9.14961, 6.85499, 3.31082, 2.84583, 2.81217, 3.49069, 2.92818, 3.18807, 3.56496, 4.22057, 4.60747, 4.30394, 4.5492, 4.78313, 5.35251, 7.25051, 7.62097, 8.06764, 7.95563, 7.23264, 7.28926, 7.1224, 6.64106, 4.59388, 4.04631, 3.37177, 3.47356, 3.2491, 3.91722, 4.07202, 7.20738, 7.72556, 8.46578, 9.36923
10, 9.94695, 9.1482, 7.19194, 6.68439, 5.93995, 4.86607, 3.39767, 3.02541, 2.35056, 3.26884, 3.32598, 4.60337, 4.66704, 4.43314, 5.0446, 5.39557, 6.25303, 7.71454, 8.18642, 7.26198, 7.39685, 6.32968, 6.51758, 6.21918, 5.27896, 4.97146, 3.76281, 3.07021, 3.29304, 3.01233, 3.45305, 4.2686, 6.58708, 7.46692, 8.90744
10, 9.95478, 9.25406, 6.11721, 3.50384, 3.05456, 3.57868, 3.7578, 3.48517, 3.07584, 3.07464, 3.45749, 4.28559, 4.60924, 4.83402, 6.26405, 7.34363, 7.92096, 7.58385, 7.17777, 7.11562, 6.85738, 6.41811, 5.06499, 4.61034, 3.75116, 3.18883, 3.36041, 3.64228, 3.56835, 6.75642, 8.88206
10, 9.95596, 9.25297, 5.84219, 3.4829, 2.8747, 3.57444, 2.98985, 3.4749, 3.81075, 4.25749, 4.74278, 4.29104, 4.56398, 4.67483, 5.78865, 7.52227, 8.02575, 8.07269, 7.30052, 7.51567, 7.12223, 7.38249, 7.01854, 5.12086, 4.58939, 3.89645, 3.22007, 3.5817, 3.98193, 6.1781, 9.35539
10, 9.95677, 9.25527, 8.45762, 7.28409, 4.63944, 3.51399, 3.04118, 3.01042, 3.54853, 3.76402, 3.00627, 3.29052, 3.46817, 4.15115, 4.61079, 4.57522, 4.18386, 4.90622, 5.15199, 5.76611, 6.96613, 7.55726, 7.94112, 7.75942, 7.97988, 7.90205, 7.40792, 7.53053, 7.0716, 6.54848, 5.10257, 4.98866, 3.80296, 3.9687, 3.82103, 3.4257, 4.06317, 8.39016, 9.45509
10, 9.97389, 9.14672, 3.31282, 2.8416, 2.80504, 3.21799, 3.47789, 2.97703, 3.35408, 4.71225, 4.87718, 5.94866, 7.39262, 7.84413, 7.64451, 7.10037, 7.30592, 6.87001, 6.60368, 6.01747, 5.07557, 4.70271, 4.39483, 3.83729, 3.10466, 3.4548, 3.84612, 4.19002, 5.9625, 8.75875, 9.34231
10, 9.97441, 9.28086, 6.92636, 4.56221, 3.31314, 2.81023, 3.65391, 3.07997, 3.68694, 3.97856, 4.36923, 4.31652, 4.57823, 4.32809, 4.73067, 5.57281, 7.09075, 8.00911, 7.88735, 7.23751, 7.32842, 7.0346, 7.16592, 6.90048, 5.7058, 4.76583, 4.34306, 3.77249, 3.2617, 3.5726, 3.83337, 4.1813, 6.19425, 8.75663, 9.44464
10, 9.97295, 9.2693, 8.06854, 7.41392, 5.05149, 3.47554, 3.01415, 2.99538, 3.55756, 3.83011, 4.59727, 4.32701, 4.60391, 4.62145, 5.08546, 5.1012, 5.57966, 7.34917, 8.01057, 7.82237, 7.549, 7.50328, 7.27992, 6.79218, 6.36116, 5.44512, 3.88615, 3.31265, 3.69021, 3.87492, 5.585, 8.75062, 9.46905
10, 9.97256, 9.2706, 5.73126, 3.37601, 3.03141, 3.46713, 2.75626, 3.11677, 3.42436, 4.26455, 4.70917, 4.68385, 4.30593, 4.73948, 5.30828, 7.6163, 8.12132, 7.88538, 7.26494, 7.43742, 7.29913, 6.75848, 4.98304, 3.84578, 3.24801, 3.53557, 4.19098, 5.95826, 8.75821, 9.34291
10, 9.15053, 5.48485, 3.39358, 2.9309, 3.31056, 3.48307, 3.01865, 3.21388, 3.4096, 4.10047, 4.48426, 4.28506, 4.5984, 5.49159, 7.37529, 7.92551, 7.84955, 7.47776, 7.48385, 6.94742, 6.55486, 5.06257, 4.44328, 3.67626, 3.70892, 3.28755, 3.79594, 4.64868, 6.75819, 9.35744
10, 9.00957, 6.6478, 3.64557, 3.04085, 3.59949, 3.83233, 3.41048, 3.11518, 3.03838, 3.31957, 3.67201, 4.16467, 4.71619, 4.63187, 4.51591, 4.86185, 5.23022, 5.8169, 6.1568, 6.87677, 7.71916, 7.89566, 7.84701, 7.19606, 7.16174, 7.10769, 6.66941, 6.08076, 4.56579, 3.82491, 3.29745, 3.46452, 3.55376, 3.90426, 4.52064, 7.23367, 7.9887, 8.88486, 9.47116
10, 9.96893, 9.25811, 5.58334, 3.36038, 3.04731, 3.00982, 3.47391, 2.92638, 3.63533, 4.38103, 4.76104, 4.68405, 4.304, 4.80214, 4.81046, 5.2304, 5.45329, 6.99375, 8.09719, 7.9335, 8.16457, 7.3421, 7.11926, 6.87093, 6.40953, 6.32861, 4.24294, 4.16382, 3.86907, 3.31183, 3.58302, 3.98578, 4.88564, 5.29834, 6.66126, 7.88579, 8.7776, 9.45705
10, 9.94462, 8.97783, 5.23817, 3.24353, 3.15421, 2.44762, 2.83678, 2.71677, 3.05473, 3.24258, 2.86441, 3.39824, 4.89795, 4.41026, 5.22368, 7.29846, 8.42101, 6.89228, 6.31925, 6.47924, 5.94639, 3.75241, 3.09553, 3.37432, 3.82639, 3.98808, 7.01197, 9.21963
10, 9.9671, 9.25185, 8.19013, 7.28233, 3.46685, 3.01144, 2.99731, 3.42993, 3.67278, 3.0308, 3.33457, 3.56873, 4.23424, 4.80073, 5.4705, 6.70524, 7.23897, 7.53095, 7.92181, 7.67235, 8.03408, 7.15253, 7.31983, 7.04593, 7.27771, 7.02934, 5.17746, 4.95716, 4.19465, 4.05714, 3.80707, 3.2634, 3.65007, 4.23271, 6.20403, 8.53229, 9.46248
10, 9.96789, 9.11423, 6.07014, 3.29563, 2.82337, 3.59658, 3.03185, 3.43548, 3.91687, 4.08329, 4.71924, 4.41622, 4.97675, 5.06476, 5.66641, 7.24269, 8.03645, 7.94796, 6.89167, 7.15403, 7.07102, 6.5288, 5.81914, 5.33704, 4.38663, 3.78606, 3.14097, 3.66188, 4.16738, 6.39749, 8.7701, 9.45402
10, 9.93905, 9.18978, 7.54652, 5.55468, 4.69677, 3.24652, 2.8912, 3.42658, 3.65933, 3.17451, 3.47295, 3.86628, 4.25939, 4.68002, 4.36008, 4.64297, 4.83182, 6.22074, 7.26353, 7.96415, 7.98878, 7.33721, 7.33234, 6.91462, 6.56149, 4.42068, 3.83588, 3.23686, 7.25399, 8.84695, 9.57204
10, 9.93546, 9.03533, 7.67997, 3.44752, 2.79125, 2.77372, 3.56763, 3.17929, 3.39454, 3.5187, 4.43441, 4.84023, 4.35319, 4.82897, 6.31688, 7.14043, 8.04863, 7.94215, 7.37155, 6.44691, 4.98611, 3.79067, 3.16742, 3.61813, 3.79446, 6.30373, 8.75337, 9.57248
10, 9.95107, 9.16362, 3.20772, 2.81922, 3.26094, 3.39442, 3.03794, 3.52978, 4.17331, 4.75548, 5.25317, 6.51915, 7.50099, 8.01511, 7.73679, 7.21215, 7.29234, 7.04662, 6.51495, 5.72429, 4.54334, 3.66386, 3.33181, 3.42619, 3.1537, 3.72041, 8.62503, 9.4778
10, 9.92923, 9.28903, 3.44218, 2.62355, 3.359, 3.00793, 3.41476, 4.53833, 5.04571, 4.93444, 5.41938, 7.24711, 8.01943, 7.19937, 7.2223, 6.56981, 4.65481, 3.71054, 2.85587, 3.17691, 3.53171, 3.68536, 5.04805, 5.74899, 6.26669, 8.58644, 9.56334
10, 9.91938, 9.0914, 7.65817, 5.32926, 3.67673, 3.28817, 2.746, 2.69218, 3.51733, 3.00468, 3.1922, 3.48907, 4.44575, 4.86135, 4.50331, 4.807, 4.86686, 5.28344, 5.24641, 7.29782, 8.07957, 7.98732, 7.52278, 7.5097, 7.30706, 6.52782, 5.10652, 4.02384, 3.43736, 3.53525, 3.21944, 3.83885, 3.87059, 8.94937, 9.46641
10, 9.92478, 9.25603, 3.34529, 2.77247, 3.53773, 3.72412, 3.39345, 3.63176, 4.74949, 4.45574, 4.89571, 5.24275, 5.78226, 6.14924, 7.07149, 8.09555, 7.49825, 7.64297, 7.12803, 7.08234, 6.54154, 5.98353, 4.71471, 4.23251, 3.82905, 3.11723, 3.46961, 3.82322, 8.39517, 9.54828
10, 9.94988, 8.96, 6.59428, 3.45471, 2.74705, 2.73603, 3.55146, 3.22734, 3.46048, 4.56736, 4.69699, 4.93844, 6.5024, 7.3197, 7.91143, 7.94369, 7.25131, 6.28626, 4.48054, 4.00436, 3.02826, 3.65345, 3.9569, 8.51747, 9.43415
10, 9.94793, 9.11396, 3.4117, 2.86888, 3.26846, 3.35069, 4.82261, 4.24358, 4.57995, 4.91328, 6.1982, 7.19941, 8.03436, 7.93974, 7.1694, 7.34362, 6.53416, 5.56734, 5.38308, 4.83261, 3.87291, 3.08805, 6.69715, 8.9242, 9.55297
10, 9.95132, 9.13683, 6.12242, 4.1193, 3.05319, 2.53557, 3.54122, 3.32952, 2.9903, 3.06188, 3.44147, 4.6416, 4.53592, 5.22915, 5.97308, 7.44182, 8.32734, 7.44745, 6.48791, 6.49041, 6.17096, 6.35408, 6.14086, 5.09838, 4.68472, 4.69125, 3.80594, 3.26913, 3.53251, 3.39515, 3.87109, 3.88215, 4.29632, 7.04999, 9.35034
10, 8.95477, 5.83987, 5.61856, 5.2525, 3.24572, 2.71096, 3.14132, 3.30366, 3.22081, 3.4318, 3.83787, 4.24951, 4.75283, 4.66886, 4.36823, 4.70515, 4.81924, 6.11066, 7.51947, 8.11385, 7.99548, 7.37088, 7.52273, 7.10956, 7.08047, 6.39798, 4.79486, 4.33597, 3.6841, 2.91695, 3.37666, 5.29639, 5.38972, 5.7845, 6.60239, 8.90837, 9.51153
10, 8.97876, 5.71192, 5.35162, 4.32116, 3.29984, 2.75191, 3.18266, 3.40867, 3.58171, 4.68238, 5.0257, 6.10116, 7.14092, 8.01707, 7.73554, 7.25138, 7.43112, 7.12286, 6.11664, 4.21975, 3.87027, 3.55333, 2.78408, 3.15933, 3.72083, 3.97769, 4.73927, 6.09877, 7.0354, 9.17245
10, 9.9051, 9.04198, 3.42116, 2.68132, 3.46191, 3.58194, 3.21755, 3.56549, 3.84927, 3.70538, 4.48142, 4.19668, 4.53324, 4.94914, 5.03042, 5.68224, 7.37598, 7.94708, 7.82887, 6.90679, 6.9386, 6.18095, 4.47079, 3.93523, 3.9411, 3.55632, 2.64001, 3.26654, 4.25786, 6.2443, 8.54649, 9.14944, 9.34112
10, 9.90068, 9.19104, 6.04554, 4.59243, 3.30416, 2.72544, 3.43112, 3.7028, 3.27206, 3.67216, 3.80922, 4.21731, 4.79734, 4.70628, 4.26394, 4.63699, 5.02267, 6.09401, 7.64269, 8.13819, 8.01995, 7.15712, 6.42278, 5.31119, 4.10891, 3.75353, 3.1718, 3.31202, 3.88628, 4.8888, 5.9435, 9.10151
10, 9.90545, 9.04351, 5.64796, 3.48896, 3.23704, 2.68864, 2.79525, 3.46987, 3.11704, 3.69183, 4.73432, 4.48092, 4.78705, 5.67176, 5.68595, 7.06204, 8.22514, 8.11087, 7.46627, 6.95071, 6.4472, 5.3971, 4.67726, 4.0087, 3.75548, 2.7847, 3.1715, 4.82479, 5.8622, 8.54686, 9.34109
10, 9.89841, 9.026, 6.23304, 3.3453, 2.45513, 2.7843, 2.59873, 2.85042, 2.72686, 3.49871, 3.69651, 4.706, 5.08567, 4.99409, 4.48216, 4.81287, 5.92714, 7.77002, 8.18129, 8.13589, 7.1318, 6.48272, 5.51794, 4.09021, 3.23222, 4.11388, 4.87063, 8.57093, 9.35707
10, 8.97334, 5.86919, 5.10374, 3.38347, 2.85501, 3.46954, 3.56883, 3.17632, 3.56634, 3.80348, 4.33719, 4.82243, 4.34199, 4.65471, 4.99964, 6.01542, 7.22509, 7.85393, 7.11378, 7.41237, 7.06041, 7.29188, 6.93621, 6.55233, 6.03242, 5.51108, 4.61322, 4.52395, 3.70562, 2.87146, 3.18355, 3.7479, 5.44023, 8.90312, 9.39754
10, 8.83083, 5.74429, 5.26141, 3.40887, 2.87581, 3.29093, 3.50056, 3.0425, 3.53403, 4.8858, 4.56811, 4.74713, 5.33068, 5.58897, 6.8148, 7.46028, 7.9314, 7.80904, 7.50199, 7.63597, 6.85204, 6.9812, 6.21914, 5.29674, 5.02446, 3.70069, 3.10247, 4.83612, 6.75894, 7.77949, 9.54
10, 9.91976, 9.11554, 5.4915, 4.28527, 3.48246, 2.80669, 3.38995, 3.51851, 4.94441, 5.00791, 5.87594, 6.99659, 8.09604, 7.27579, 6.9227, 7.28601, 6.9425, 6.52438, 5.88945, 4.55234, 3.80504, 3.52598, 2.76392, 3.42389, 3.94302, 5.93012, 8.50183, 9.48784
10, 9.93933, 9.11652, 5.61233, 4.99518, 3.33652, 2.81643, 3.18822, 3.4087, 2.90042, 3.40479, 3.60637, 4.05474, 4.91604, 4.43296, 4.71424, 4.44421, 5.0227, 5.13673, 5.94911, 7.3068, 8.05072, 7.95448, 7.64917, 7.2674, 7.06267, 6.57272, 4.2954, 4.04385, 3.2631, 2.76438, 3.2927, 3.9575, 6.48932, 8.80037, 9.50624
10, 9.0009, 6.1425, 5.53917, 5.31155, 4.67471, 3.2526, 2.54953, 3.21459, 2.97099, 3.2278, 4.76823, 4.78443, 4.29739, 4.77672, 5.63306, 6.96034, 8.21257, 8.11243, 7.01118, 6.3691, 6.12287, 3.87093, 2.71373, 3.42332, 3.62362, 3.70527, 4.22151, 7.01378, 7.89027, 8.26162, 9.19552
10, 9.93697, 8.97521, 7.47163, 5.9248, 5.00693, 3.49472, 2.82412, 3.20327, 2.90105, 3.55604, 4.12349, 4.62614, 4.27806, 4.71559, 5.10486, 5.77624, 6.50697, 7.32701, 7.87695, 7.71982, 7.39368, 7.51261, 6.85293, 6.90252, 6.20621, 4.94313, 3.81633, 3.46649, 3.21339, 2.70255, 3.36991, 4.15524, 5.99102, 9.03588, 9.60913
10, 8.9907, 6.77725, 3.59291, 2.90811, 3.23347, 2.77413, 3.17163, 4.28006, 4.72828, 4.83455, 4.60213, 5.08371, 5.0874, 5.63311, 5.86359, 6.31779, 7.27346, 7.88206, 7.5601, 7.26985, 7.48286, 6.25752, 5.38939, 3.91615, 3.31066, 2.77264, 3.14604, 5.02611, 6.32576, 8.85843, 9.46949
10, 9.90084, 9.05472, 6.49884, 3.42518, 2.69155, 3.24736, 2.93384, 3.36959, 3.76676, 4.45369, 4.88411, 4.94165, 6.86336, 8.04231, 7.92461, 8.15358, 7.29634, 6.40305, 5.82269, 3.73006, 3.20346, 3.54567, 4.06263, 4.68355, 5.2697, 6.65491, 8.88579, 9.60525
10, 9.39993, 8.80853, 7.00033, 6.10209, 5.39269, 3.79463, 3.27439, 3.38895, 2.99623, 3.527, 4.63204, 4.57057, 4.25431, 4.83128, 5.76509, 7.16716, 8.04187, 7.70184, 7.71606, 7.26194, 7.33661, 6.90215, 6.48706, 4.08175, 4.18612, 3.62937, 4.09151, 4.17014, 8.1179, 9.33288
10, 9.9466, 9.12826, 5.56544, 3.24009, 2.56565, 2.56135, 3.12643, 2.91527, 3.54646, 4.98984, 4.54491, 4.74989, 5.06623, 6.43571, 7.63276, 8.16544, 8.06415, 7.18944, 7.40985, 7.09616, 6.58659, 4.01502, 3.83472, 3.14307, 3.78974, 3.92632, 4.77208, 8.24907, 9.57105
10, 8.88951, 3.36381, 2.63279, 2.70873, 3.72281, 3.6119, 4.40609, 4.89533, 4.3687, 4.91269, 6.28682, 6.921, 7.77205, 7.40596, 7.23375, 6.86559, 4.41611, 3.87302, 3.25478, 3.92068, 4.00289, 4.66216, 4.73851, 5.8289, 6.22325, 9.37251
10, 9.99902, 9.42234, 8.82053, 7.43745, 6.24402, 5.78203, 5.50736, 3.48607, 3.0739, 3.68346, 3.12487, 3.42242, 3.71131, 4.37438, 4.83992, 4.05133, 4.54098, 5.6562, 7.35678, 8.04824, 7.81373, 7.47821, 7.54943, 7.28483, 6.69126, 5.233, 5.14134, 4.77845, 4.80538, 4.10896, 3.71037, 3.88703, 3.71815, 4.24453, 4.33938, 6.49376, 7.32883, 8.75119
10, 9.16644, 7.73267, 6.49188, 4.90828, 4.28636, 3.33339, 2.79609, 2.93296, 3.63236, 3.26685, 3.69173, 4.76568, 4.43765, 4.98411, 5.45622, 7.38685, 7.79195, 7.8296, 7.47505, 6.89901, 7.02168, 6.46662, 4.92284, 4.6936, 3.67738, 3.05326, 7.67904, 9.45452
10, 9.41455, 8.38047, 6.59533, 6.3134, 4.83903, 3.45519, 2.76374, 2.75207, 3.45593, 3.028, 3.52219, 3.6785, 4.29055, 4.68878, 4.58712, 4.39726, 4.72937, 5.67432, 7.1721, 8.24548, 8.19878, 7.61863, 7.77612, 7.12247, 7.28186, 6.86105, 6.46982, 4.79898, 4.21701, 3.56887, 3.8781, 4.62545, 6.45125, 9.20476
10, 9.97058, 9.21478, 6.93966, 3.26246, 2.49493, 2.83977, 2.87805, 3.56795, 4.74649, 4.31405, 4.68692, 5.3618, 7.57772, 8.08949, 8.03945, 7.46742, 7.4827, 6.89338, 4.77599, 3.98631, 3.03377, 3.43714, 4.10824, 6.85315, 7.42817, 8.52791, 9.15349
10, 9.96091, 9.31549, 6.66111, 6.13901, 5.79553, 3.31839, 2.6228, 3.07604, 3.20072, 3.45532, 3.97706, 4.04006, 4.66216, 4.47576, 5.21212, 6.25613, 7.50147, 8.20838, 6.75759, 6.64668, 6.18813, 6.43555, 6.07391, 4.45826, 4.34709, 3.8133, 2.95536, 2.95646, 3.28739, 3.89949, 3.93297, 5.2898, 6.70977, 9.30323
10, 9.31003, 8.12465, 7.37765, 6.50358, 5.6367, 4.90946, 4.50294, 3.6172, 3.30102, 3.68877, 3.17995, 3.56967, 3.78999, 4.49155, 4.96292, 4.51085, 4.70936, 5.91119, 7.50824, 8.08753, 7.97238, 7.29146, 7.4204, 7.13618, 6.38032, 4.23216, 4.29208, 3.61037, 3.94751, 4.08806, 4.98653, 7.05803, 8.04707, 8.91268, 9.85839
10, 9.26155, 5.48834, 3.53363, 2.90761, 2.92416, 3.75663, 3.84383, 3.39466, 3.61443, 3.90776, 4.41196, 4.87144, 4.70434, 4.3075, 4.66017, 5.01378, 5.64471, 6.52575, 7.33062, 7.87827, 7.82993, 7.34378, 7.50172, 7.03749, 5.30957, 4.63563, 3.96086, 3.22567, 3.16365, 3.61433, 4.16309, 6.51167, 7.67315, 8.63346, 9.38379
10, 9.99062, 9.15687, 5.63579, 5.20331, 3.27595, 2.65514, 3.79737, 3.88691, 3.35898, 3.82511, 4.32452, 5.03464, 5.03094, 4.54846, 4.98262, 7.26774, 8.21664, 8.09046, 7.42808, 7.3791, 6.88142, 5.35006, 4.02501, 4.86596, 5.99725, 7.65083, 9.11911
10, 9.29057, 5.4645, 3.41732, 2.96465, 3.12846, 3.81544, 3.76189, 3.58791, 3.20204, 3.19144, 3.56293, 4.1005, 4.39968, 4.97589, 4.45602, 4.63712, 4.59191, 4.92908, 6.0913, 8.20959, 8.04648, 7.41003, 6.89585, 5.49405, 5.01618, 3.8885, 3.2962, 4.03154, 4.15301, 6.73053, 9.4099
10, 8.87545, 5.0492, 3.60856, 2.95204, 3.67337, 3.7715, 3.32357, 3.52267, 3.7001, 4.53323, 5.02589, 5.37337, 5.30159, 7.20355, 7.80645, 7.60847, 7.82536, 7.58638, 7.15438, 7.05062, 6.71987, 7.01484, 6.0751, 4.78321, 3.76146, 3.05492, 4.22371, 4.61393, 5.16094, 6.9615, 8.6725, 9.58839
10, 9.06669, 3.7564, 3.11393, 3.65977, 2.87249, 3.11811, 3.55975, 4.17176, 4.6293, 4.95546, 6.25104, 7.33714, 7.7791, 8.00034, 6.66262, 6.85818, 6.28042, 5.27176, 4.88996, 4.16605, 4.02593, 3.91012, 3.15069, 3.77252, 3.90405, 8.54166, 9.51081
9.9919, 10, 9.48497, 8.79452, 7.92756, 5.96636, 5.68939, 4.99308, 4.45846, 3.76802, 3.32681, 3.78231, 3.94205, 3.72373, 4.11342, 4.61991, 4.70906, 5.0096, 6.67816, 8.06951, 7.93229, 7.14887, 7.43757, 7.33939, 7.06731, 6.50577, 5.61133, 4.04337, 3.44726, 3.84743, 3.98047, 4.41226, 6.5024, 7.4614, 8.65964
10, 9.65575, 9.21946, 4.85933, 3.77308, 3.48822, 3.91064, 3.67472, 3.19054, 4.74009, 4.58767, 6.37416, 7.98877, 8.05822, 7.5727, 7.86047, 7.79383, 7.50194, 7.57092, 6.38594, 5.57417, 5.54408, 4.21804, 4.13146, 7.42104, 9.6279
10, 9.80637, 9.34485, 4.17795, 3.79309, 3.50016, 3.30264, 4.6558, 4.70167, 4.27302, 4.47287, 4.72229, 6.24383, 6.77351, 7.61118, 8.15318, 7.93059, 7.50274, 7.54091, 7.27198, 6.28861, 5.6701, 4.70037, 4.67092, 4.22175, 3.92757, 3.63582, 4.06084, 3.99746, 6.09222, 9.0808
10, 9.78952, 9.22944, 4.24608, 3.86895, 3.18028, 4.67426, 4.87815, 4.37917, 4.55507, 5.34599, 7.79019, 8.06426, 7.66913, 7.62411, 6.78288, 5.69524, 4.54441, 4.69195, 4.37997, 4.1106, 3.48022, 4.05477, 6.19552, 8.88155, 9.74637
10, 9.00127, 7.7127, 7.46428, 6.99069, 5.40735, 5.17915, 3.27483, 2.5879, 3.49014, 3.10487, 3.35232, 3.74626, 4.87063, 4.59899, 4.78489, 5.78808, 7.63411, 8.12382, 7.96798, 6.88664, 6.3096, 5.63884, 4.48014, 4.01004, 3.42283, 2.7839, 3.3614, 3.70847, 3.88732, 4.61448, 6.9255, 7.33624, 9.34984
10, 9.77817, 9.09413, 6.27517, 4.12459, 3.72101, 3.29663, 3.87629, 3.66619, 4.57863, 4.74224, 4.31578, 4.51639, 5.40666, 7.73718, 8.09498, 7.51517, 7.18531, 5.39368, 4.96051, 4.13369, 4.39204, 3.93476, 3.65563, 4.03998, 3.97121, 5.79511, 9.08174
10, 9.64572, 9.20276, 4.10866, 3.87547, 4.13804, 3.99611, 3.57893, 3.61405, 3.41254, 3.7941, 3.63949, 4.51351, 4.65964, 4.71973, 5.78594, 7.71223, 8.15008, 7.47503, 7.39072, 7.13814, 5.27135, 4.47358, 4.45321, 4.17547, 4.39609, 4.2732, 3.67956, 9.0795
10, 9.76941, 9.28121, 4.33138, 4.06137, 3.81658, 3.44563, 3.86, 3.71127, 4.60871, 4.72209, 4.50145, 5.4555, 7.40524, 7.68477, 7.63152, 7.27731, 7.46777, 7.42151, 6.27651, 5.84845, 4.32866, 4.31882, 3.72317, 3.62186, 9.14569
10, 9.5545, 3.68808, 3.31198, 3.49952, 3.79879, 3.73582, 4.60219, 4.73428, 4.60387, 5.58402, 7.80889, 8.03655, 7.97136, 7.54107, 6.50865, 5.4552, 4.76701, 4.83019, 4.01176, 4.10019, 3.95177, 4.52124, 6.19169, 9.37453
10, 9.50479, 9.24208, 6.01447, 5.33747, 3.60263, 3.16129, 3.78062, 3.91558, 3.72058, 3.34854, 5.10596, 4.36266, 4.55459, 6.28167, 7.81697, 8.03843, 7.42541, 7.66126, 7.83538, 7.75929, 7.17023, 7.10404, 5.35541, 4.02014, 3.63905, 4.01067, 4.20027, 4.97789, 6.90313, 8.55727, 9.76516
10, 9.03141, 6.44252, 3.61477, 3.13215, 3.66465, 3.83969, 3.84217, 4.61541, 5.01088, 4.40891, 4.51471, 4.14257, 4.99627, 6.34928, 7.51403, 8.13684, 7.66846, 7.93431, 7.97957, 7.43389, 7.30729, 7.51909, 7.25077, 6.73422, 5.13949, 3.98216, 4.05114, 3.91241, 3.38171, 3.77481, 4.41681, 6.05893, 8.30826, 9.46385
10, 9.9128, 8.80709, 7.19082, 3.81235, 3.11624, 3.77313, 3.80014, 3.31151, 4.04906, 4.48899, 4.25603, 4.61874, 4.3714, 4.78169, 6.73386, 7.58489, 8.16609, 7.49795, 7.34188, 6.92967, 7.10813, 6.93308, 6.34443, 4.88588, 3.94303, 3.85621, 3.33814, 3.73357, 4.50772, 6.92018, 9.23945, 9.64983
10, 9.7444, 9.01483, 7.30566, 4.66645, 2.9985, 3.56798, 3.53195, 3.26127, 3.65994, 3.63681, 4.74152, 4.86556, 4.4345, 4.60295, 4.36678, 4.56918, 4.53908, 4.82141, 7.09126, 8.18523, 8.5302, 8.2535, 7.48605, 7.33155, 7.56021, 6.07971, 5.32769, 4.07531, 4.04332, 3.52529, 3.96796, 4.30653, 4.66949, 7.40383, 9.78241
10, 9.71322, 8.96745, 5.49295, 3.59675, 2.82425, 3.50651, 3.46772, 3.13875, 3.94116, 4.79182, 5.01908, 4.46014, 5.00731, 6.80057, 8.04833, 8.24714, 8.24038, 7.52867, 7.3669, 7.06557, 7.06966, 6.57858, 5.5509, 3.9417, 3.56484, 3.93957, 4.00631, 4.57377, 4.77159, 6.84489, 7.37127, 8.23389, 9.42216, 9.86789
10, 9.77736, 8.84338, 7.13801, 6.15856, 5.4273, 3.098, 2.92324, 3.43892, 3.39027, 3.12741, 3.87086, 3.92252, 4.58788, 4.61677, 4.65918, 4.41628, 5.30806, 6.96121, 8.0742, 8.31538, 7.34386, 7.48799, 6.67176, 6.17987, 4.92552, 3.96971, 3.49772, 3.98314, 4.32684, 4.84839, 7.36448, 9.75902
10, 9.97057, 9.20143, 7.73893, 7.18278, 3.26639, 2.76176, 3.05844, 3.08004, 3.58435, 3.90664, 4.27815, 4.01198, 4.51749, 4.8316, 4.7686, 5.1742, 5.77065, 7.46248, 8.35784, 7.66256, 6.53873, 6.53378, 6.11931, 5.7231, 4.0758, 3.51328, 3.65658, 3.2764, 3.53566, 4.03241, 4.75868, 5.16248, 6.71545, 9.13542
10, 9.77001, 8.63603, 6.92592, 3.65212, 2.8783, 3.5949, 3.536, 3.30744, 4.02871, 3.87077, 4.6427, 4.74973, 4.54018, 4.66543, 4.30092, 4.96061, 6.56875, 7.98885, 8.12978, 7.90757, 8.00705, 7.31583, 7.51077, 6.78047, 7.01889, 6.50406, 5.95913, 5.61505, 5.18563, 4.19886, 3.68335, 3.57122, 3.9564, 4.26521, 6.65774, 9.368, 9.878
10, 9.77054, 8.83562, 5.48568, 2.97777, 2.69777, 3.30449, 3.2841, 2.89126, 3.19688, 3.12489, 3.55835, 3.56921, 3.91039, 3.9636, 4.53721, 4.72802, 4.80317, 4.4679, 4.60912, 4.3971, 4.50686, 4.89099, 5.00138, 5.65891, 6.86736, 7.644, 7.73999, 8.23149, 8.42471, 7.5996, 7.422, 7.10524, 6.72679, 6.10091, 5.29731, 4.27257, 3.7897, 3.53538, 4.78977, 5.74247, 6.82864, 9.3848, 9.88565
10, 9.75705, 8.6296, 5.54718, 3.06375, 2.87343, 3.36887, 3.06067, 4.10455, 4.7677, 4.84065, 4.4273, 4.91525, 6.73653, 7.62437, 8.19475, 8.42161, 8.27403, 7.7935, 7.08866, 6.0045, 5.09739, 4.16276, 3.82071, 3.4947, 3.78447, 4.18577, 5.0825, 5.64643, 6.62255, 7.95813, 8.98239, 9.92688
10, 9.66755, 8.72772, 6.15566, 4.53824, 3.78585, 3.02802, 2.73151, 3.23385, 3.15576, 2.93015, 3.46973, 3.83049, 4.58915, 4.77228, 4.82127, 4.49124, 5.2162, 5.30231, 5.65344, 7.2769, 8.19637, 8.27483, 7.80962, 7.97965, 7.6375, 7.66311, 7.29433, 7.17718, 6.52359, 5.11107, 4.25177, 3.97162, 3.53714, 3.8381, 4.45047, 7.37173, 7.674, 9.48853, 9.95276
10, 9.83215, 8.2374, 7.63953, 5.45722, 3.21385, 2.7477, 3.21924, 3.12879, 3.76863, 4.21086, 4.66823, 4.66554, 4.49742, 4.66322, 4.44698, 5.00816, 6.00949, 7.62369, 8.23765, 8.271, 7.8925, 7.4742, 7.51269, 7.1195, 6.24992, 5.72177, 4.86282, 4.01506, 3.5214, 3.66479, 4.0366, 7.42111, 7.71761, 9.32875, 9.95951
10, 9.67054, 8.5692, 6.54876, 3.29712, 2.94015, 3.39201, 3.3238, 3.08181, 3.15238, 3.60953, 3.98298, 4.86723, 4.83327, 4.74089, 4.43016, 4.7202, 5.28126, 6.71097, 7.90969, 8.21617, 7.56611, 7.37932, 7.6353, 7.05221, 7.17246, 6.63158, 5.84577, 4.84649, 3.79053, 3.34828, 3.95951, 4.3605, 6.37424, 7.17257, 7.4666, 8.89072, 9.96466
10, 9.84421, 8.54996, 5.57618, 5.01334, 4.06083, 3.12069, 2.85033, 3.1598, 3.12231, 2.75668, 3.40703, 4.11493, 4.77454, 4.85979, 4.58314, 4.68038, 4.50775, 4.7283, 5.34425, 6.56665, 8.06811, 8.22861, 8.06129, 8.35471, 8.25132, 7.3948, 7.20158, 6.7249, 5.82128, 4.93815, 3.88339, 3.75816, 4.01795, 5.07584, 5.88676, 6.61304, 7.19505, 7.5893, 7.96301, 9.23189, 9.7031, 9.89602
10, 9.86051, 8.79934, 6.71868, 4.27283, 3.0875, 2.97456, 3.51083, 3.45509, 3.24208, 4.19898, 4.82849, 4.84624, 4.65104, 4.44966, 4.79386, 6.74252, 7.30678, 7.7334, 6.55749, 6.99696, 7.5722, 7.82647, 8.27855, 8.25661, 7.74101, 7.48384, 6.97099, 5.98375, 5.09161, 4.38172, 3.6411, 3.12027, 3.89017, 4.52085, 6.8687, 7.79831, 8.43347, 9.83973
10, 9.6547, 8.651, 8.34978, 6.19975, 3.2477, 2.96493, 3.40555, 3.17484, 3.54365, 3.84517, 4.28453, 4.52745, 4.63019, 4.534, 4.92029, 6.76165, 7.66946, 8.22485, 8.53954, 7.74022, 7.80628, 7.00658, 6.90408, 6.27467, 6.09103, 5.57602, 4.81911, 3.72603, 3.27051, 3.74859, 4.12068, 7.00773, 7.20924, 9.55797, 9.9945
10, 9.91286, 9.52418, 7.78564, 7.16598, 4.08094, 3.15005, 2.84857, 3.19716, 2.84757, 3.68846, 4.66124, 4.7192, 4.61738, 4.45161, 5.13198, 6.05656, 7.01249, 7.75721, 7.85307, 7.60712, 7.01186, 6.98591, 6.33323, 5.09692, 4.97089, 3.6755, 3.10745, 3.62885, 3.95296, 6.93249, 9.14036
10, 9.47687, 8.89074, 7.62449, 6.73875, 5.67237, 3.45768, 3.00968, 3.51218, 3.41103, 3.11272, 3.97257, 3.89964, 4.68891, 4.45298, 4.7615, 4.53969, 4.92968, 6.17106, 7.97067, 7.8465, 6.9968, 7.07751, 6.80973, 6.44322, 5.87102, 4.79845, 4.85188, 4.2143, 3.82632, 3.09547, 3.81414, 4.08029, 6.83209, 7.77773, 8.80094, 9.82693
10, 9.78868, 9.41638, 7.97386, 7.00876, 3.22954, 2.919, 3.11995, 2.82297, 3.449, 3.66875, 4.61399, 4.76022, 4.78865, 4.46585, 5.0241, 6.96581, 7.83782, 7.79575, 8.04561, 8.04484, 7.82206, 6.98046, 6.94089, 6.40591, 6.45899, 5.75168, 4.97407, 3.67672, 3.42572, 3.04196, 4.68684, 7.60576, 8.98891
10, 9.93832, 9.29377, 6.15029, 3.17381, 2.78744, 3.17714, 2.8552, 3.43787, 3.80869, 4.70267, 4.86231, 4.88558, 4.59314, 5.28745, 7.06644, 7.92376, 7.89754, 7.73298, 7.78294, 7.43452, 7.19904, 7.32683, 6.81141, 5.59593, 5.34301, 4.95738, 3.81431, 3.56169, 3.29144, 3.10151, 3.423, 3.92444, 7.118, 7.93008, 9.54663
10, 9.7489, 8.79817, 5.23937, 2.93595, 2.76415, 3.32259, 3.30145, 3.08913, 3.86523, 4.70804, 4.8881, 4.54804, 4.75368, 4.47087, 4.99857, 5.80997, 7.45747, 7.84159, 8.16519, 7.57826, 7.80484, 7.15808, 6.78192, 5.60472, 4.72384, 3.84871, 3.17909, 4.01727, 4.09556, 4.97092, 6.24945, 9.65794, 9.94835
10, 9.08262, 8.46199, 7.992, 4.80336, 3.31738, 3.22071, 3.73002, 3.86525, 3.35521, 3.94429, 3.91724, 4.32281, 4.6061, 4.42582, 4.67852, 6.61807, 7.08648, 7.41442, 7.99174, 7.23415, 7.21912, 6.8602, 7.02752, 6.60837, 5.73981, 5.28498, 4.78951, 3.8763, 3.68833, 3.57239, 3.20689, 4.53422, 7.15789, 7.9215, 8.69679, 9.59489
10, 9.21103, 8.67246, 5.60238, 3.76086, 3.25369, 3.73349, 3.77638, 3.3962, 3.5646, 3.99575, 4.74446, 4.71072, 4.3442, 4.80438, 5.50945, 5.91496, 6.91849, 7.36707, 7.48484, 7.36748, 8.61221, 8.61775, 8.13029, 7.43284, 7.06031, 7.35013, 6.91887, 6.02527, 5.52089, 3.89829, 3.73288, 3.26158, 6.19398, 7.35124, 7.58638, 9.28501
10, 9.91968, 9.01185, 8.18597, 7.68437, 5.9753, 5.25299, 5.01838, 3.50319, 3.12773, 3.65676, 3.73806, 2.98082, 3.35563, 3.83657, 4.44316, 4.78351, 4.6308, 4.38023, 4.88214, 5.40981, 5.82017, 7.4721, 7.81165, 7.91624, 7.77333, 7.36888, 7.27544, 7.47224, 7.11511, 6.28819, 5.10442, 4.08501, 4.01766, 3.67279, 3.25498, 3.89975, 4.01841, 5.82579, 6.19919, 7.39077, 9.38864
10, 9.93808, 9.02413, 6.94401, 3.42501, 3.06796, 3.68952, 3.11395, 3.59981, 3.96795, 4.37137, 4.8834, 4.4718, 5.00373, 5.11119, 6.32706, 7.4105, 8.00156, 7.60903, 7.23026, 6.72655, 6.15073, 5.96787, 5.21099, 5.05646, 4.25651, 4.12755, 3.80511, 3.36709, 3.08879, 3.74622, 4.34788, 7.22015, 7.63912, 8.35508, 9.2163
10, 9.22887, 8.49986, 6.33095, 5.51479, 4.19726, 3.55927, 3.02475, 2.96099, 3.60823, 3.71629, 3.33302, 3.71447, 3.96073, 4.63366, 5.02811, 4.97459, 4.18654, 4.49422, 4.33049, 4.7169, 6.20289, 7.13919, 8.00552, 7.83742, 7.34728, 7.8279, 7.43669, 6.7868, 4.29882, 4.25794, 3.87178, 3.37783, 3.94219, 4.43444, 6.32001, 8.5057
10, 9.97498, 9.19961, 6.95224, 6.26667, 5.77809, 5.52473, 4.58469, 3.54632, 3.18776, 3.84127, 3.43738, 3.79015, 4.62939, 4.73806, 4.22941, 4.70281, 7.05313, 8.01655, 7.80685, 7.42008, 7.57348, 6.87251, 5.87283, 5.25866, 4.16726, 3.56272, 3.44807, 3.76178, 2.79182, 3.32882, 3.71708, 4.3662, 6.17813, 7.81334, 8.57919, 9.36117
10, 9.97785, 9.18672, 5.78564, 5.51605, 5.01137, 3.3809, 2.98351, 3.7984, 3.25171, 3.57011, 3.90789, 4.34717, 4.80165, 4.58527, 3.85509, 4.54662, 4.9798, 5.65222, 6.57659, 8.31309, 7.61696, 7.43597, 6.91521, 5.9703, 5.45737, 4.0548, 4.19067, 4.02852, 3.51635, 3.67177, 3.44593, 3.96192, 4.14294, 4.60054, 8.51587, 9.20607
10, 9.9418, 8.98465, 5.08534, 3.56424, 2.92053, 3.65585, 3.83149, 3.5822, 2.95028, 2.85589, 3.52881, 3.76904, 4.24022, 4.66984, 4.40434, 4.52529, 4.36575, 4.82064, 4.74104, 5.21755, 5.24359, 6.30286, 7.39196, 7.94448, 7.43541, 7.36491, 7.00817, 7.04613, 6.75726, 6.1973, 5.25954, 3.71089, 3.2857, 3.76974, 3.69957, 4.39782, 5.07633, 5.49984, 9.53682
10, 9.37627, 8.70671, 7.21488, 6.33374, 5.44112, 4.17569, 3.27105, 2.89014, 3.71789, 3.6399, 3.1671, 4.05713, 4.05172, 4.40622, 4.82783, 6.26635, 7.92298, 7.97507, 7.25881, 6.80212, 7.07967, 7.0497, 6.1364, 5.30822, 4.7296, 3.89119, 4.06828, 3.4325, 3.68459, 3.96874, 4.94512, 5.99464, 6.7416, 7.824, 8.90587
10, 9.24412, 6.41911, 6.12077, 4.87955, 4.02502, 3.16114, 3.52885, 3.54117, 3.61601, 4.2573, 4.75436, 4.73143, 5.979, 7.07376, 7.80326, 8.05152, 7.24257, 7.38374, 7.02793, 5.21056, 4.38445, 3.93278, 3.37402, 3.72224, 4.19729, 4.96612, 5.77495, 6.37126, 9.29475
10, 9.40319, 8.73144, 7.00031, 6.23598, 5.31901, 3.88301, 3.4249, 4.06662, 3.91996, 3.71744, 3.32516, 3.99609, 3.81964, 4.34513, 4.23556, 4.65862, 4.69291, 4.42358, 5.18274, 7.77427, 7.76337, 6.78337, 7.16172, 7.24761, 6.99058, 6.13932, 5.87664, 4.34064, 4.42114, 3.91071, 3.93142, 3.39736, 3.66934, 4.46559, 6.56443, 7.69384, 8.98093, 9.8793
10, 9.61931, 9.20447, 8.21896, 6.7363, 6.30821, 4.96298, 3.73422, 3.17187, 3.74933, 3.71365, 3.10297, 3.79674, 3.78872, 4.67032, 4.7612, 4.40873, 4.76732, 5.29175, 7.68418, 7.84408, 6.7529, 7.04809, 7.11842, 6.35182, 4.28385, 4.43377, 4.22852, 3.20855, 2.71898, 2.70795, 3.65352, 5.36916, 6.23305, 7.3053, 8.67972, 9.71201
10, 9.36939, 8.94026, 6.63911, 6.21528, 5.03478, 4.45082, 3.74004, 3.29094, 3.33256, 3.05165, 2.95431, 3.15663, 3.5069, 3.85087, 3.74743, 4.64115, 4.29688, 4.61151, 4.46268, 4.83143, 6.31967, 7.61491, 7.60359, 7.1372, 6.62183, 6.7897, 6.63877, 6.14371, 4.87132, 4.11048, 3.20274, 3.90765, 4.26306, 4.79628, 5.74012, 6.9785, 8.08137, 8.66179
10, 9.96265, 9.3647, 8.64307, 7.65965, 6.35323, 5.52414, 4.93249, 3.2932, 2.77076, 2.89281, 3.22535, 2.71759, 3.54445, 4.5515, 4.61102, 4.34199, 4.72479, 5.00097, 6.39112, 7.48016, 7.98636, 8.15429, 7.24232, 7.29351, 7.03453, 6.33801, 6.0066, 4.7748, 4.3685, 4.47237, 4.00836, 3.10995, 3.57268, 3.97084, 3.91626, 4.42739, 4.94767, 5.3176, 5.43705, 5.95307, 6.47447, 7.59663, 9.14046
10, 9.19758, 8.49923, 7.71745, 6.47429, 5.87277, 3.67574, 3.36267, 2.65492, 3.15992, 2.83543, 3.59604, 4.81122, 4.31841, 4.65119, 4.54927, 5.06246, 6.2847, 7.55447, 8.02675, 7.69125, 6.65965, 6.68916, 6.20416, 5.58279, 5.52659, 4.6126, 4.21177, 3.45818, 3.35018, 3.0501, 3.68878, 3.68354, 4.27101, 6.79863, 9.35874
10, 9.89789, 9.07071, 6.30913, 6.11137, 5.62729, 5.26293, 4.77593, 3.26398, 2.55173, 3.34916, 3.03007, 3.25653, 2.98565, 3.28781, 3.87026, 4.04547, 4.85355, 4.35405, 4.79914, 5.67983, 7.52153, 8.20831, 8.11405, 7.62329, 7.24889, 6.40622, 6.47288, 5.92101, 4.89915, 4.3953, 4.246, 3.84043, 2.89828, 3.58084, 3.89999, 3.89954, 4.69095, 6.74957, 9.5437
10, 8.7246, 7.36034, 7.17421, 6.78305, 6.3061, 5.09278, 4.7427, 3.10371, 2.57222, 2.76829, 2.7204, 3.17834, 3.44962, 2.90166, 3.61799, 4.83415, 4.41625, 5.28234, 6.4016, 7.5313, 7.93469, 7.3383, 6.51586, 6.40445, 6.0992, 5.91695, 5.62078, 4.66124, 4.47567, 3.56718, 3.0344, 3.43873, 4.53249, 6.67025, 9.55686
10, 9.86866, 8.89733, 6.87153, 6.40208, 5.32908, 3.1565, 2.46115, 2.49513, 3.26516, 3.34044, 2.99054, 3.7242, 4.63252, 5.28776, 7.44835, 8.03223, 7.66772, 6.71508, 6.87421, 6.63328, 6.69699, 5.5966, 5.29388, 3.47974, 2.9398, 3.28004, 4.11948, 5.73108, 6.21656, 9.51159
10, 9.85616, 8.87007, 7.4592, 6.5554, 3.23692, 2.48185, 3.22155, 3.34673, 2.97966, 3.63855, 3.87528, 4.47173, 4.99759, 4.96447, 4.44364, 5.13496, 7.17079, 7.73695, 8.19253, 7.8192, 7.32567, 7.12612, 6.34658, 6.35939, 5.60433, 4.61843, 4.01877, 3.96209, 3.43102, 3.60187, 3.34203, 3.80369, 4.03369, 6.13186, 8.36221, 9.66278
10, 9.88387, 9.0545, 7.41734, 5.5973, 5.31755, 4.89864, 3.55826, 3.07428, 3.75684, 3.80864, 3.25598, 3.69344, 4.78582, 4.75581, 4.39649, 4.87138, 4.80382, 5.39131, 5.69194, 6.14608, 7.50901, 7.91836, 7.70037, 7.43541, 7.22671, 6.92573, 7.09314, 6.34125, 5.7458, 4.45005, 3.98702, 3.8031, 3.49877, 3.51241, 3.11548, 3.3704, 3.98297, 3.99886, 4.57833, 5.00943, 7.11578, 9.41905
10, 9.68601, 9.00836, 7.64715, 7.05873, 3.00037, 2.25602, 3.00479, 3.09009, 2.79615, 3.592, 3.78518, 4.3788, 5.02689, 4.47918, 4.40886, 4.72603, 5.1938, 7.35195, 8.15435, 7.98189, 8.14982, 8.03751, 6.83263, 6.84837, 5.67065, 4.69245, 4.53331, 4.23258, 3.85293, 3.53152, 2.85463, 3.31794, 3.32263, 3.76006, 4.30156, 5.58714, 6.35344, 7.10847, 9.66593
10, 9.90131, 8.743, 6.7973, 6.322, 6.12396, 5.04576, 3.10196, 2.3949, 3.20608, 3.29442, 2.82672, 3.67368, 4.73615, 4.4412, 4.47755, 4.78518, 6.21599, 7.31573, 8.01494, 7.65086, 6.95657, 6.66302, 5.40169, 3.72615, 2.95951, 3.24458, 3.1138, 3.66013, 4.05715, 6.27507, 7.85662, 8.56878, 9.67081
10, 9.6844, 8.47507, 7.87346, 7.46332, 5.06214, 4.72148, 3.34293, 2.22437, 2.98644, 2.8584, 3.27997, 2.92578, 3.58787, 3.87898, 4.93557, 6.97497, 7.82372, 8.13833, 7.84665, 6.89077, 6.31405, 5.53752, 4.16436, 3.83292, 3.32287, 3.4487, 3.99193, 6.73531, 7.88319, 9.26341, 9.80157
10, 9.59955, 8.87226, 7.28881, 6.84929, 3.30616, 2.37932, 2.23253, 2.71637, 2.57664, 3.08606, 2.93462, 3.71892, 4.10234, 4.91071, 5.19837, 4.86674, 4.81949, 5.06549, 4.83432, 6.15575, 7.90124, 8.12616, 7.85692, 6.68261, 6.67825, 5.89049, 4.61186, 3.75821, 3.37706, 3.66474, 3.88712, 6.37975, 7.77467, 8.42673, 9.76867
10, 9.70662, 8.45288, 6.00033, 3.27446, 2.54519, 2.26864, 2.55631, 2.41755, 3.11061, 3.16571, 2.81414, 3.29556, 4.41863, 5.05037, 4.71398, 4.95478, 4.82087, 5.25665, 7.49097, 7.94615, 8.09138, 7.65296, 7.04637, 6.86607, 6.54537, 5.70508, 4.45696, 4.04839, 3.79166, 3.1625, 3.26435, 3.75429, 3.87623, 6.55202, 8.85703, 9.907
10, 9.6093, 8.72237, 5.42478, 3.56679, 2.48734, 2.29579, 3.10325, 3.33319, 2.89423, 3.68839, 4.13699, 4.53969, 4.81376, 4.64567, 4.84193, 4.68656, 5.1114, 6.79776, 7.6176, 7.96471, 8.11059, 7.68566, 7.84217, 6.36483, 6.44197, 5.7534, 4.30096, 3.73272, 3.53111, 3.14877, 3.57986, 3.8791, 6.62782, 7.46185, 8.45794, 9.85544
10, 9.71101, 8.63987, 5.25288, 3.46224, 2.55539, 2.29567, 2.99515, 3.27716, 3.04186, 3.22282, 4.54748, 4.96158, 4.62519, 5.04764, 5.295, 7.01926, 7.8961, 8.16757, 7.51521, 6.67181, 6.59829, 5.92063, 4.88152, 3.60219, 3.24864, 3.54829, 4.02644, 6.63252, 6.95026, 8.75179, 9.88396
10, 9.46685, 8.58611, 5.58883, 3.35627, 2.28059, 3.29638, 3.40426, 2.86357, 3.31313, 3.88566, 4.10036, 4.55455, 4.83808, 4.85832, 4.23107, 5.05283, 6.66701, 7.87631, 8.03598, 7.54606, 7.66474, 7.26043, 6.33999, 5.67948, 4.66978, 4.02791, 3.60855, 3.5776, 3.04325, 3.19535, 3.47474, 3.7335, 6.57243, 7.24018, 7.86969, 9.90395
10, 9.5041, 8.61778, 7.99782, 4.55744, 2.37018, 3.32113, 3.40733, 3.09405, 2.57445, 2.4701, 3.55764, 3.95783, 4.17958, 4.63893, 4.92833, 4.6447, 4.86057, 4.69554, 4.95652, 4.84398, 5.25686, 7.67611, 8.0461, 7.88454, 7.37528, 7.15266, 6.85367, 6.26946, 5.49095, 4.4928, 3.75305, 3.12098, 3.74893, 4.16225, 6.57316, 7.60712, 8.60999, 9.93876
10, 9.7995, 8.91775, 5.29223, 3.20826, 2.31484, 3.04211, 2.85505, 3.92576, 4.14699, 4.84183, 5.145, 6.91969, 7.75106, 8.11453, 7.72414, 7.23611, 6.92523, 7.06233, 5.8455, 5.01905, 3.799, 3.3557, 3.49137, 4.03325, 6.40441, 6.73587, 9.1299, 9.812
10, 9.7647, 9.04778, 7.41978, 6.41202, 5.26819, 4.84551, 3.41817, 2.79721, 3.83261, 3.87682, 3.53718, 3.17437, 3.4668, 3.63796, 4.74442, 4.47159, 4.94324, 5.94357, 7.70389, 8.14812, 7.75938, 7.58998, 6.77986, 6.86127, 6.24665, 5.61487, 4.73849, 3.82406, 3.71114, 3.11296, 3.09138, 3.34479, 4.43464, 7.18848, 9.41096
10, 9.75665, 8.61507, 5.30703, 3.42105, 2.38318, 2.9344, 3.13241, 2.84885, 3.54166, 4.48761, 5.07052, 4.78426, 5.73532, 6.35424, 7.13082, 7.75915, 8.02659, 7.40943, 6.91165, 6.4411, 5.6572, 3.56258, 3.2368, 2.89759, 3.20973, 3.66026, 3.97321, 6.5782, 7.21572, 8.42175, 9.83417
10, 9.7469, 8.81599, 6.42728, 3.18989, 2.52683, 3.31156, 3.26414, 2.99642, 3.25497, 3.32908, 3.82227, 4.17369, 4.60652, 5.06885, 4.49073, 5.05906, 6.99768, 7.59713, 7.89675, 7.93178, 7.37014, 7.48818, 6.9594, 6.90757, 6.1795, 4.76276, 3.83057, 3.42586, 2.88111, 3.34953, 4.11708, 6.25435, 8.3785, 9.61058
10, 9.82665, 8.90163, 5.73495, 4.99949, 3.13754, 2.61067, 3.31822, 3.41413, 2.87167, 3.84699, 5.02769, 4.86326, 4.49818, 5.17046, 5.20663, 6.1049, 7.66485, 7.98585, 7.84524, 6.9681, 7.04417, 6.07211, 4.21428, 4.06225, 3.79817, 5.43483, 6.36969, 8.31289, 9.55344
10, 9.89325, 8.99116, 6.8353, 4.83809, 3.97622, 3.40727, 3.32665, 2.68413, 3.54988, 3.82316, 3.13392, 3.81723, 4.21624, 4.5843, 4.97004, 4.65582, 4.90398, 4.65179, 4.78796, 4.56376, 5.54271, 7.10896, 7.83341, 7.58723, 7.72286, 7.29672, 7.42622, 6.8575, 7.01334, 6.65046, 6.23444, 4.85203, 4.70699, 3.63584, 2.81683, 3.21474, 4.84655, 6.69456, 9.60833
10, 9.24982, 8.47878, 6.50973, 5.19435, 3.31805, 2.87584, 3.3737, 3.76344, 3.02496, 3.82494, 4.52724, 4.72849, 4.25915, 4.60403, 5.92454, 7.18914, 7.62915, 7.64093, 7.44769, 7.70009, 6.94403, 6.94841, 6.50021, 5.27988, 4.11291, 3.66149, 3.3349, 3.42245, 2.91529, 3.17045, 3.07338, 3.4146, 3.75167, 3.9847, 6.92186, 7.29064, 7.45555, 9.17985
9.95012, 9.40854, 8.37138, 8.12203, 7.33863, 6.84921, 6.18072, 3.25859, 2.67001, 3.17067, 2.88314, 3.12521, 3.34662, 3.81821, 4.87656, 4.62057, 4.78144, 4.52664, 5.06284, 7.13476, 7.79018, 7.58773, 7.91481, 7.04354, 7.34629, 6.95012, 6.38037, 3.74966, 3.30974, 2.99188, 3.31136, 3.57226, 3.57051, 3.93728, 5.13715, 6.89918, 7.63412, 8.76102, 9.4631, 10
10, 9.97442, 9.31713, 7.88891, 6.60021, 5.16925, 3.27391, 2.83816, 2.83147, 3.39869, 3.32639, 3.68827, 3.43531, 3.08159, 2.96841, 3.7069, 4.02466, 3.8916, 4.86314, 4.88502, 4.46384, 4.62159, 4.80819, 6.25849, 7.2382, 7.86282, 7.95398, 7.56454, 7.18722, 6.72796, 3.89065, 3.41056, 3.44836, 2.86583, 3.54332, 3.9984, 6.53287, 9.20131
10, 9.98333, 9.33549, 5.92369, 4.48394, 3.33514, 2.77523, 2.85948, 3.85485, 3.63644, 3.23789, 3.21354, 3.79592, 4.88238, 4.63503, 4.79307, 4.47704, 4.67066, 4.63068, 5.01556, 7.1349, 7.87996, 7.97957, 7.661, 7.29217, 7.06135, 5.52894, 4.68162, 4.31887, 4.11971, 4.24218, 3.81283, 3.81714, 3.28904, 3.49512, 3.42802, 3.70057, 3.96112, 4.32499, 5.87429, 6.35083, 6.68226, 7.48275, 7.67501, 8.93488
10, 9.92533, 9.35984, 3.3354, 2.73585, 3.13517, 3.03275, 3.65031, 3.47894, 3.88422, 4.1144, 4.01514, 4.46997, 4.92744, 4.42535, 4.8878, 6.98162, 7.55159, 7.99604, 7.78181, 7.12412, 7.30674, 6.58923, 4.4231, 3.86314, 3.1308, 3.60283, 3.94928, 6.96827, 7.79379, 9.37467
10, 9.89555, 9.2907, 7.84097, 6.84051, 3.30798, 2.80457, 3.85764, 3.38929, 4.01348, 4.66721, 4.73274, 4.43534, 4.70339, 4.39021, 5.03431, 7.12138, 8.10361, 8.2808, 7.02162, 7.18577, 6.37831, 5.85182, 5.44908, 4.3711, 4.25866, 3.87505, 3.43891, 3.2973, 3.59495, 4.04634, 3.98131, 6.65291, 7.09726, 9.53237
10, 9.76454, 9.04206, 6.90747, 6.00702, 4.27078, 3.32885, 2.7053, 3.49539, 3.3854, 3.75414, 3.20047, 3.59291, 4.66096, 4.54896, 4.34526, 5.25626, 7.26021, 7.95448, 7.74142, 8.02948, 8.08013, 6.71558, 6.70161, 6.21527, 4.42276, 3.74042, 3.29619, 3.41356, 3.87972, 5.92482, 8.75393, 9.0071, 9.58894
10, 9.92169, 9.04473, 7.76754, 7.42959, 5.61399, 5.31026, 3.33018, 2.78798, 3.34261, 3.93023, 3.65559, 3.12674, 2.91444, 3.80003, 3.93856, 3.70115, 4.00066, 4.25279, 4.76994, 4.75898, 4.14539, 4.47408, 4.92917, 6.93198, 7.53985, 7.95099, 8.05762, 7.94, 6.98756, 6.96097, 6.66069, 5.91527, 4.19778, 3.82912, 3.59379, 3.75146, 3.54045, 3.09947, 3.37682, 3.21429, 3.54111, 4.28657, 6.68395, 7.78339, 8.43733, 9.45135
10, 9.89212, 9.13006, 7.70687, 5.60322, 5.28752, 4.82442, 3.50503, 3.12875, 3.43946, 3.29594, 3.76188, 3.49616, 3.73678, 3.96877, 4.66596, 4.29851, 4.8505, 7.03697, 7.76536, 8.26889, 8.38321, 8.1565, 7.20523, 7.15391, 6.47394, 4.49331, 4.0208, 4.09727, 3.74724, 3.91135, 3.66039, 3.49096, 3.87704, 4.24831, 7.15041, 7.62722, 8.73828, 9.5325
10, 9.07169, 5.29906, 3.61006, 3.11916, 3.05958, 3.70279, 3.08288, 3.73998, 4.67292, 4.62783, 4.02605, 4.89734, 5.47964, 5.66735, 6.41558, 7.43096, 8.11604, 7.96787, 6.78832, 6.94254, 6.83436, 6.47244, 6.01969, 4.64134, 3.84073, 3.5239, 3.0723, 3.44222, 4.02659, 4.55688, 7.02581, 7.60345, 9.24528
10, 9.93883, 9.07069, 5.66317, 5.45852, 3.41812, 3.07109, 3.19576, 3.0224, 3.75441, 3.2691, 3.85947, 4.58778, 4.90169, 7.19308, 7.99366, 8.18914, 7.70642, 7.57819, 7.04215, 7.04068, 6.52037, 4.39492, 3.93165, 4.03083, 3.79849, 3.33155, 3.60996, 3.9126, 3.8548, 4.03836, 4.58268, 6.76709, 7.12993, 9.13482
10, 9.96543, 9.23983, 5.45609, 4.37876, 3.31025, 2.79092, 3.3259, 3.18546, 3.48407, 3.59472, 2.98548, 3.63134, 3.88219, 3.56853, 4.62637, 4.44039, 5.25201, 7.39288, 8.06207, 8.0823, 7.25271, 6.55433, 5.88367, 3.81034, 4.58624, 6.66924, 8.91194
10, 9.94051, 9.3475, 8.13539, 5.5458, 3.60133, 3.08885, 3.93084, 3.49213, 3.06568, 2.81819, 3.69429, 4.51479, 5.43722, 5.72099, 7.35856, 7.74264, 8.22082, 7.99348, 7.10141, 7.11261, 6.67206, 4.71734, 4.09141, 3.81317, 3.16416, 3.73139, 3.78514, 4.23227, 4.33967, 6.67215, 8.94127
10, 9.9634, 9.23017, 5.54438, 5.34202, 3.75253, 3.24807, 3.5587, 2.65054, 3.10569, 3.55527, 3.81947, 4.19356, 4.63631, 4.58084, 4.3169, 5.02267, 7.07859, 7.64875, 8.47598, 7.82292, 7.5558, 6.99761, 7.13195, 6.49132, 5.02971, 4.05908, 4.15083, 3.37888, 3.80852, 4.07834, 4.21774, 4.14292, 4.52374, 5.40781, 8.23483, 9.49643
10, 9.94443, 9.19936, 6.5225, 5.43661, 5.23383, 3.3547, 3.12064, 3.66801, 3.08026, 3.94038, 4.92519, 4.8552, 4.268, 4.97327, 7.04871, 7.73688, 8.44901, 8.47766, 7.37167, 7.42581, 6.76231, 5.25916, 4.66073, 4.25812, 4.95476, 6.87547, 7.77077, 8.41963, 9.35661
10, 9.95412, 9.10059, 7.3755, 3.73034, 3.2247, 3.44663, 2.99923, 3.57584, 4.58018, 4.65, 4.26837, 5.02565, 5.81909, 7.04658, 8.03348, 8.00799, 8.229, 7.72726, 7.12692, 7.23678, 6.89949, 6.54286, 5.40427, 4.96355, 4.1263, 4.17887, 3.98846, 3.37362, 3.54185, 3.85866, 4.16544, 4.58979, 5.74752, 5.83186, 6.72919, 9.21415
10, 9.95894, 9.05549, 7.70395, 7.3282, 5.35502, 4.256, 3.95662, 3.45207, 2.85952, 3.67042, 2.92933, 3.54068, 3.83336, 4.04548, 4.65663, 4.9453, 4.67273, 4.86072, 4.57668, 4.31292, 4.86087, 7.0882, 7.99492, 8.34972, 8.19237, 8.51695, 7.63607, 7.27607, 6.69784, 5.08433, 4.6345, 4.01119, 4.1313, 3.83566, 4.392, 4.71719, 6.79263, 7.34017, 9.13925
10, 9.06888, 6.3301, 5.52156, 4.32763, 3.39634, 2.91077, 2.85128, 3.06923, 3.78318, 3.23503, 3.81209, 4.85082, 6.33614, 7.65298, 8.09962, 7.89073, 7.58961, 6.84951, 6.89982, 6.39798, 4.12343, 3.65661, 3.01664, 3.18458, 3.74223, 4.18044, 4.90241, 7.39317, 8.96681, 9.59835
10, 9.03691, 5.88733, 5.43285, 5.21971, 4.26127, 3.28029, 2.59443, 3.37801, 3.8138, 3.20368, 3.66207, 3.94942, 4.43997, 5.03422, 4.43449, 4.69411, 5.77733, 6.26335, 6.98179, 7.71101, 8.12497, 7.69446, 7.03581, 6.98009, 6.67491, 6.03413, 4.07465, 3.37351, 3.62422, 3.32889, 3.61767, 3.97452, 5.32637, 7.08056, 9.59704
10, 9.95511, 9.07649, 8.41274, 7.80506, 7.50133, 6.70895, 6.25982, 5.94303, 5.6119, 3.48976, 2.99054, 3.6985, 3.39141, 3.09307, 2.99615, 3.52038, 4.76753, 4.72612, 4.49573, 4.96073, 4.91942, 5.54289, 7.16111, 8.18749, 7.52591, 6.96195, 7.11472, 6.51467, 5.8483, 4.80222, 4.46173, 3.97633, 4.05295, 3.82547, 3.54764, 4.26135, 4.55647, 6.80724, 7.84676, 8.72232, 9.49663
10, 9.88392, 9.10443, 7.03349, 6.43577, 5.23295, 3.30564, 2.68043, 3.68043, 3.91489, 3.42797, 3.81083, 4.6577, 4.77974, 5.47057, 5.73362, 5.82571, 7.15496, 7.84269, 7.70676, 6.8888, 6.66575, 6.01953, 5.56673, 4.1952, 3.52995, 3.22919, 2.85244, 2.96768, 3.49717, 4.49244, 5.03094, 6.95769, 9.52204
10, 9.87165, 8.95134, 8.02384, 6.33182, 3.46876, 2.82657, 3.12874, 2.97426, 3.78713, 4.91373, 4.88152, 4.63764, 4.78891, 4.60064, 4.98406, 5.58996, 6.87673, 7.44162, 7.9579, 7.20603, 6.60834, 6.4274, 5.91428, 3.99433, 3.78725, 3.25449, 2.63647, 2.82068, 3.28535, 3.81882, 4.07099, 4.69792, 6.26716, 7.48213, 7.78909, 8.42064, 9.66357
10, 9.912, 8.95513, 7.59435, 5.71784, 5.28725, 3.3226, 2.70024, 2.92649, 3.97733, 3.77336, 3.07675, 2.99166, 3.75984, 5.00188, 4.69562, 5.08932, 6.35992, 7.38176, 7.77997, 7.53622, 6.70435, 6.5837, 5.90906, 3.80631, 3.4602, 3.11561, 2.83869, 3.18003, 4.1483, 6.51744, 8.44531, 9.67249
10, 9.86489, 8.92062, 6.57364, 5.70725, 5.12381, 3.82973, 3.31942, 2.72356, 2.68696, 3.66768, 3.39257, 3.11817, 3.07193, 3.75909, 4.90883, 4.8772, 4.61925, 5.59432, 6.87786, 7.26107, 7.57346, 7.62705, 7.13128, 7.24723, 5.84237, 5.50155, 3.67808, 3.47081, 3.22278, 2.88215, 3.13362, 3.81143, 4.75983, 5.93958, 6.28763, 8.33542, 9.75119
10, 9.81087, 9.01745, 8.07775, 6.86941, 5.49472, 4.63863, 2.62836, 2.74786, 3.53228, 3.6718, 3.50752, 3.82032, 5.01805, 5.00665, 4.71543, 5.47416, 7.22806, 7.86111, 7.3548, 6.57655, 6.50989, 5.74298, 4.01367, 3.38803, 2.8384, 3.12834, 3.83915, 4.26432, 5.39637, 6.37829, 7.65418, 8.69034, 9.76831
10, 9.9084, 8.84906, 6.71995, 3.37905, 2.64, 2.85306, 3.48006, 3.63505, 3.42722, 3.77449, 5.00235, 4.99915, 4.69246, 5.22175, 6.6909, 7.19763, 7.69636, 7.56607, 6.4757, 6.40422, 5.69305, 4.51804, 3.16662, 3.72842, 6.6005, 7.29454, 9.65094
10, 9.86107, 9.074, 7.79397, 6.76178, 5.62344, 3.52647, 2.47358, 2.63926, 3.25062, 3.56767, 3.46131, 3.20225, 3.25869, 3.78192, 5.02803, 4.73877, 5.05896, 6.08, 6.53998, 6.84756, 7.42021, 7.58289, 7.84918, 7.81211, 7.30191, 7.164, 6.63568, 6.78661, 5.66704, 4.23259, 3.4818, 3.85162, 4.68269, 6.62715, 7.61923, 8.64518, 9.71052
10, 9.81142, 9.18224, 7.25066, 6.45337, 5.47726, 5.1374, 3.19055, 2.59052, 3.40234, 3.28016, 3.73111, 4.22911, 4.46762, 4.98138, 4.71869, 5.12045, 6.24349, 6.28406, 7.27917, 7.63928, 7.3355, 7.74077, 6.41563, 6.48299, 5.62355, 4.27909, 4.03335, 3.41512, 3.46767, 3.06253, 2.75039, 3.00166, 4.32906, 4.93021, 5.63312, 6.33587, 7.96012, 8.40066, 9.72374
10, 9.91055, 9.29469, 8.25708, 8.05285, 7.73991, 5.91078, 4.1882, 3.18566, 2.65226, 2.9827, 3.73191, 3.80003, 3.26364, 3.59489, 4.92998, 4.48134, 4.90038, 5.48863, 7.37543, 8.30695, 7.60757, 7.57403, 7.03712, 6.91199, 6.32931, 4.66501, 3.73298, 3.50574, 3.16818, 3.55829, 3.81937, 3.77404, 4.67748, 7.29849, 7.53037, 9.03129, 9.55644
10, 9.87174, 9.0959, 6.76229, 6.44944, 4.93473, 3.1848, 2.59088, 2.80372, 2.78856, 3.40425, 3.24525, 3.57034, 4.1884, 4.33436, 4.96646, 4.64744, 5.1143, 5.07403, 5.87922, 5.89382, 7.19471, 7.77938, 7.73315, 7.16527, 6.79084, 6.23259, 5.88811, 4.1784, 3.62432, 3.15327, 2.82769, 3.41493, 3.8801, 5.63021, 6.34132, 7.94136, 8.70368, 9.57373
10, 9.95914, 9.25172, 8.36588, 8.14323, 7.74857, 7.53341, 5.59025, 3.10024, 2.64289, 2.63801, 3.09252, 3.31661, 3.82543, 4.30105, 4.88053, 4.45043, 5.08907, 6.40608, 7.47713, 8.00504, 7.84191, 7.0181, 7.16396, 6.42069, 3.85493, 3.39401, 3.66522, 3.16014, 3.48203, 4.01477, 4.14417, 6.68555, 7.40436, 8.52427, 9.42224
10, 9.93848, 9.22526, 8.45324, 8.11231, 6.836, 6.542, 5.81971, 5.13777, 3.49514, 2.88992, 3.47899, 3.56417, 3.3478, 2.7026, 2.59766, 3.16697, 3.45186, 4.81134, 4.82229, 4.5128, 5.39166, 5.60466, 6.57651, 7.70236, 8.16016, 7.85603, 7.48259, 7.72085, 7.03751, 7.07004, 6.44956, 4.01374, 3.88338, 3.76494, 3.45561, 3.58804, 3.26724, 3.5787, 4.22786, 4.28898, 6.70956, 6.83, 7.59197, 7.93782, 8.83687, 9.50898
10, 9.33203, 8.94582, 7.9037, 7.27263, 5.72043, 5.49216, 4.8318, 3.47886, 2.81981, 2.98343, 3.0001, 3.29949, 3.36791, 3.04232, 3.57768, 3.82417, 4.56009, 4.57089, 4.28307, 4.92119, 6.17989, 7.39994, 7.95253, 7.7975, 7.03184, 7.14646, 6.66068, 5.53336, 3.88994, 3.528, 3.82845, 3.96522, 4.16203, 4.11332, 5.3481, 8.07917, 8.96968
10, 9.17072, 8.14312, 7.61676, 7.01158, 5.70456, 4.75075, 3.30141, 2.6382, 2.5737, 2.88248, 3.05126, 2.84776, 3.40137, 4.61632, 4.62754, 4.1842, 4.85413, 6.77329, 7.52719, 8.03569, 7.87429, 6.93108, 7.09689, 6.74613, 4.53376, 3.89574, 3.20145, 3.76675, 4.21479, 4.2414, 5.91948, 6.0265, 6.90603, 7.87534, 8.32088, 8.5055, 9.33959
10, 9.45065, 9.18593, 8.92426, 7.36006, 6.03004, 5.42217, 4.4866, 3.77427, 3.40992, 2.72003, 2.73398, 3.24181, 2.86667, 3.39519, 4.56748, 4.53084, 4.19896, 4.51129, 4.3646, 4.95122, 7.07302, 8.01333, 7.85251, 8.11291, 7.4911, 7.63222, 7.23585, 7.48619, 6.70329, 5.56801, 4.81209, 4.0097, 3.69199, 3.71402, 4.09645, 4.29997, 4.23075, 5.24196, 5.48302, 6.48832, 7.03081, 8.39089, 9.42671
10, 9.87383, 9.02475, 5.5226, 3.89403, 2.87546, 2.81222, 3.32927, 3.34794, 2.92095, 3.60116, 3.83925, 4.93581, 5.18478, 4.82587, 4.99859, 4.79858, 5.26224, 6.31394, 7.22042, 7.57584, 7.46287, 8.10056, 8.05096, 7.20151, 7.66498, 6.39352, 5.65996, 4.94756, 3.77108, 3.22303, 2.79939, 2.97053, 2.89468, 3.49423, 4.08771, 6.53299, 7.76358, 8.6544, 9.22677, 9.87243
10, 9.64707, 8.81051, 5.39148, 3.50153, 2.66345, 2.60936, 3.02107, 3.22296, 2.85207, 3.01971, 2.94054, 3.42346, 3.75637, 4.58675, 4.83806, 4.6622, 5.05767, 6.44114, 7.59846, 7.85921, 7.78275, 7.42724, 7.64358, 7.41483, 5.52702, 4.57242, 3.85529, 3.8663, 2.79718, 3.23134, 3.5367, 3.65472, 6.63282, 6.97886, 8.57687, 9.82132
10, 9.77216, 9.12872, 7.57215, 7.1458, 3.92926, 3.12009, 2.83224, 3.2019, 3.31764, 3.11011, 3.52322, 3.68117, 4.2795, 4.79292, 5.04966, 4.56744, 4.786, 5.13107, 6.06459, 6.57949, 6.8303, 7.42965, 8.50078, 7.92825, 7.32814, 6.78342, 6.72354, 7.61993, 7.14137, 6.77771, 5.6376, 4.56793, 3.606, 2.89541, 3.56215, 3.91272, 5.01585, 5.49154, 6.75551, 8.67527, 9.80839
10, 9.10354, 5.75775, 4.1673, 3.21504, 3.09091, 3.44029, 3.5529, 3.18105, 3.65708, 3.73627, 4.61899, 5.06401, 4.86028, 4.51228, 4.77553, 5.09642, 6.32334, 7.35188, 8.34649, 8.34911, 7.60541, 7.36823, 6.90387, 6.97953, 6.4612, 6.56199, 6.3857, 5.37736, 4.40349, 4.17504, 3.6816, 3.71187, 3.4858, 2.8229, 3.98276, 5.75759, 6.51184, 8.86691, 9.80783
10, 9.16173, 8.34957, 7.34791, 6.04955, 3.8854, 3.42713, 2.71354, 3.66196, 3.23165, 3.76305, 4.86761, 4.85453, 4.46266, 4.71577, 4.52963, 5.71836, 7.21244, 8.07406, 7.89523, 7.38635, 7.4261, 6.3955, 5.738, 5.4792, 4.42759, 4.27963, 3.78431, 3.16222, 3.167, 3.46213, 5.91239, 6.73031, 9.45984
10, 9.90315, 8.80199, 7.24295, 3.64336, 2.85168, 3.42222, 3.6232, 3.10032, 3.64349, 3.78796, 4.76119, 5.10555, 4.74901, 5.05101, 6.01277, 7.48284, 8.00804, 7.64598, 7.82359, 7.76866, 7.13567, 7.40056, 6.33775, 5.87674, 5.49983, 4.28207, 4.08195, 3.657, 2.88301, 3.62855, 3.92344, 5.14165, 6.53788, 8.95503, 9.72785
10, 9.95193, 9.13887, 6.51925, 3.61301, 3.03085, 3.50405, 3.73254, 3.21016, 3.55769, 3.84832, 4.41335, 4.96573, 4.60657, 4.9173, 6.20331, 7.27416, 7.8506, 7.85833, 7.14277, 7.51582, 6.77667, 6.55813, 6.32572, 5.62238, 4.84257, 3.9371, 3.58825, 3.09379, 3.73736, 4.14583, 6.404, 8.76277, 9.48378
10, 9.99169, 9.3921, 8.54599, 5.7591, 3.35277, 2.97227, 3.53564, 3.64533, 3.1784, 3.47742, 3.97141, 4.44661, 4.98358, 5.0149, 6.4072, 6.63803, 7.92551, 7.82721, 7.30893, 7.55825, 7.39143, 7.47758, 7.25524, 7.0008, 6.81247, 6.30171, 6.28637, 5.67363, 3.90747, 3.61047, 3.06452, 3.8202, 3.97244, 6.56289, 7.3985, 8.10723, 9.33946
10, 9.22363, 7.46597, 6.48984, 5.73913, 5.14174, 3.7955, 3.6769, 3.43373, 3.0796, 3.68717, 3.84501, 3.5793, 3.12892, 3.56134, 3.43763, 3.91249, 4.18403, 4.86066, 4.88069, 4.48324, 4.71593, 5.11534, 5.3334, 6.05662, 7.47797, 7.5902, 8.09544, 7.80269, 7.86655, 7.59448, 7.49468, 7.27383, 7.39332, 7.18492, 6.72599, 6.38344, 6.38391, 5.79479, 5.34173, 4.46332, 4.02086, 3.19918, 3.29189, 3.09152, 3.53126, 3.93365, 6.61804, 7.48984, 8.66931, 9.85466
10, 9.60064, 9.14873, 5.81017, 4.82726, 4.06117, 3.9505, 3.44134, 3.10304, 3.82443, 3.51766, 3.17449, 3.17781, 3.37209, 3.60484, 4.93047, 4.77692, 4.47415, 4.61315, 5.14653, 7.17832, 8.06007, 7.64218, 7.63293, 7.31496, 7.6049, 7.44753, 6.4169, 5.94388, 5.52918, 5.13131, 4.42764, 3.87276, 3.13263, 3.29358, 3.26862, 3.53326, 4.10505, 5.66313, 7.71483, 8.68401, 9.82253
10, 9.59222, 8.99007, 5.52718, 4.67335, 3.41431, 3.09509, 3.83994, 3.96708, 3.75923, 3.25892, 3.27427, 3.47493, 3.73926, 3.65931, 4.03, 4.27289, 4.9751, 4.69916, 5.4791, 7.87478, 8.03704, 7.57381, 7.44551, 6.91997, 6.3178, 5.61256, 4.90516, 4.45108, 3.87288, 3.69082, 3.13735, 3.43309, 3.60563, 3.74187, 6.46478, 7.24907, 8.8145, 9.81727
10, 9.99098, 9.27495, 6.99628, 4.96086, 3.4323, 2.91692, 3.78781, 3.42764, 3.92637, 4.39322, 4.73642, 5.09319, 5.03261, 4.77968, 4.90088, 4.51186, 4.59891, 5.23659, 6.99071, 7.9963, 7.99781, 7.81535, 8.16389, 7.85165, 7.62649, 7.25509, 6.81053, 5.16088, 4.05107, 3.61567, 3.10718, 3.25385, 3.10199, 3.41071, 3.77235, 4.19816, 6.97927, 7.89466, 8.59835, 9.1454
10, 9.06089, 6.91477, 3.32081, 3.03813, 2.97767, 3.81005, 3.93894, 3.35853, 4.05097, 4.16404, 4.74567, 5.11721, 5.01066, 4.50955, 4.78441, 6.03741, 7.25062, 7.5803, 8.05473, 7.92133, 7.18074, 7.44578, 6.96146, 7.04877, 6.77399, 6.39499, 5.24634, 4.62147, 4.46348, 3.80283, 3.15334, 3.74684, 6.78796, 8.73936, 9.53628
10, 9.85176, 9.04084, 5.68796, 4.58032, 4.05596, 3.01134, 3.85207, 3.87691, 3.34787, 3.94076, 3.95396, 4.51488, 4.80516, 5.0105, 4.56247, 4.73893, 4.54179, 5.21081, 5.34167, 5.72398, 6.70882, 7.2936, 7.76956, 7.60715, 7.78139, 7.19921, 7.41999, 8.00863, 8.43359, 8.32083, 7.69453, 7.45806, 6.73018, 6.71528, 6.12874, 5.08318, 3.67381, 3.40506, 3.06846, 3.35428, 4.63299, 4.95167, 5.36597, 7.0481, 9.64174
10, 9.92355, 8.98978, 6.821, 5.30193, 4.45103, 3.52032, 2.95368, 3.65799, 3.80618, 3.321, 3.84372, 3.93869, 4.57465, 4.82093, 4.48403, 4.65303, 4.85263, 5.54962, 6.63578, 7.06934, 7.557, 7.8766, 7.56242, 7.05158, 7.68806, 7.70433, 7.31496, 7.07198, 6.61615, 6.82152, 6.53327, 6.12379, 6.00432, 4.23019, 3.56932, 2.94638, 3.63689, 4.21535, 4.75052, 5.94006, 6.57087, 8.65574, 9.76024
