9.35676, 9.10885, 6.03408, 4.75398, 4.44891, 5.75045, 6.07857, 5.67311, 9.41294, 10, 9.98064, 8.66104, 7.54118, 7.07689, 5.58225, 4.88432, 7.63593, 7.87468, 6.30194, 4.89941, 3.03235, 2.58823, 3.39791, 3.46217, 3.29084, 4.44241, 7.86662
9.0652, 8.97805, 7.23539, 6.32729, 4.94076, 5.68325, 5.8332, 6.30427, 9.21868, 10, 9.98478, 8.94953, 5.72799, 4.88911, 7.75132, 7.96109, 7.71038, 6.15187, 3.42359, 2.95638, 3.89601, 3.75789, 5.14779, 7.35, 8.87065
9.3572, 8.79505, 7.30397, 6.14677, 5.1236, 6.49867, 6.80819, 6.39989, 7.52997, 10, 8.89102, 8.35178, 8.05762, 7.87556, 5.86724, 5.76135, 6.71589, 7.04782, 7.99561, 8.42177, 6.81613, 2.7737, 2.06287, 3.63454, 4.20094, 5.04347, 7.34523
9.6911, 9.12699, 6.79608, 5.08579, 6.74232, 6.97991, 6.49832, 8.65551, 9.56899, 9.3285, 10, 9.29892, 8.53218, 8.07193, 6.5221, 6.47452, 8.43302, 8.92943, 7.18878, 3.4579, 2.20647, 3.44598, 5.25882, 7.88177
10, 9.46558, 5.99854, 4.79475, 5.2396, 6.31327, 6.69967, 6.31126, 7.8852, 8.5435, 8.96144, 9.83394, 9.58019, 9.99143, 9.99753, 9.2748, 8.19859, 7.68354, 5.82038, 5.83948, 7.1574, 8.3146, 8.6296, 6.95935, 2.84405, 1.62556, 2.53059, 5.44612, 8.06101
9.58454, 9.24993, 8.54397, 6.62825, 4.94249, 6.65075, 7.19614, 6.82119, 6.20018, 6.33564, 8.36058, 9.7326, 10, 9.3628, 8.08312, 6.37083, 5.76343, 5.59224, 6.20092, 7.61926, 8.28809, 8.80432, 6.6096, 2.9628, 2.34269, 3.65678, 4.30857, 5.21999, 7.73832
9.47815, 9.07382, 8.31086, 6.84356, 5.29221, 5.47193, 6.92654, 6.75415, 6.36666, 9.50991, 10, 9.50187, 8.73072, 8.24123, 7.98646, 6.57296, 5.86951, 6.27916, 7.1567, 7.29654, 8.12868, 8.67009, 6.91685, 4.9804, 4.55874, 3.80995, 2.50932, 3.62037, 4.30349, 4.29467, 5.21556, 8.0175
9.54614, 9.19771, 8.32565, 6.3769, 5.05807, 5.11191, 6.15303, 7.01927, 6.74171, 6.434, 6.75606, 8.07441, 9.74549, 10, 9.34345, 9.45302, 8.77077, 7.69079, 7.07294, 6.88279, 7.54682, 8.57243, 8.94765, 8.76323, 7.06293, 3.04617, 2.2966, 3.96423, 4.56095, 5.16786, 7.70686
9.52017, 9.09442, 8.24368, 6.48263, 5.07568, 5.14281, 6.76739, 6.71627, 8.22205, 10, 9.12381, 8.4719, 7.68462, 7.07293, 6.99247, 8.10484, 8.49073, 6.70518, 4.2314, 2.9223, 2.91442, 2.29831, 3.8152, 4.36693, 4.96703, 7.79238
9.56231, 9.29389, 7.42843, 6.929, 5.18623, 6.92282, 6.70907, 7.82817, 9.73754, 10, 9.11934, 8.74088, 7.90991, 7.2875, 6.48903, 5.7302, 6.02419, 6.3559, 8.25729, 8.78286, 6.56491, 3.68267, 2.86805, 2.40227, 3.63588, 4.09528, 4.40663, 5.03254, 7.95208
9.61989, 9.23141, 7.63039, 6.79817, 5.38975, 6.4647, 6.93979, 6.56022, 8.66515, 10, 9.99767, 9.14061, 7.98572, 6.21258, 6.68666, 7.46924, 7.70448, 8.38623, 8.68182, 6.67062, 2.86422, 2.21993, 3.26633, 3.86514, 4.70183, 7.07173, 7.79086
9.61872, 9.12142, 6.32114, 5.10469, 6.21745, 6.90387, 6.53726, 8.36896, 10, 9.98361, 9.00591, 7.65246, 7.45775, 8.2103, 8.4869, 6.9971, 2.94085, 1.99722, 3.61451, 4.25872, 5.17862, 7.85439
8.56594, 8.63707, 8.1871, 7.45763, 5.45043, 6.01673, 5.33407, 9.88341, 10, 9.02365, 8.77662, 8.34646, 7.08485, 6.49825, 5.85036, 5.324, 6.00061, 7.09883, 7.85175, 7.65441, 6.33179, 5.65357, 4.17484, 3.54096, 4.66934, 4.48539, 4.71304, 4.21931, 4.52426, 5.26103, 6.20447, 6.8281, 8.42356
9.20742, 8.87487, 7.36178, 6.39117, 5.22042, 6.73876, 6.6893, 9.02667, 10, 9.03912, 7.69116, 7.32896, 8.29626, 8.74236, 6.98455, 3.82201, 2.71692, 2.09176, 3.46936, 4.20958, 4.20733, 5.12922, 7.53311, 9.00596
9.6157, 9.29939, 7.7777, 6.79188, 5.14918, 6.78045, 6.61944, 8.36002, 9.53472, 10, 9.30326, 8.01977, 7.78227, 6.47143, 7.16554, 8.04198, 8.43182, 6.21565, 2.98395, 2.16547, 3.36632, 4.2376, 5.2065, 7.96832
9.34136, 8.53678, 7.57754, 6.96166, 5.30813, 6.84429, 6.79758, 8.24561, 9.5456, 10, 9.23999, 9.24343, 8.0443, 5.96503, 7.25253, 8.4782, 8.82793, 6.78086, 2.82164, 1.84908, 3.35809, 4.12004, 5.06761, 7.73663
9.33045, 8.73025, 7.05584, 6.52619, 5.31896, 5.4212, 6.77736, 7.07525, 6.74982, 7.76226, 9.99161, 10, 9.24961, 7.86003, 7.60888, 6.96897, 6.90929, 5.66027, 6.2197, 7.07937, 7.70542, 8.44481, 8.88772, 8.711, 6.53215, 2.31389, 1.49385, 3.44053, 4.11399, 5.06252, 7.42828
9.37179, 9.05707, 7.95123, 6.60323, 5.22327, 5.37682, 6.78603, 6.80215, 7.89131, 10, 9.13373, 7.97853, 7.34229, 6.23579, 6.10435, 6.66804, 6.82181, 7.14223, 8.23473, 8.6043, 6.43221, 2.62768, 1.99081, 3.54106, 4.2289, 5.18427, 7.83894
9.39586, 8.95322, 7.52665, 6.56065, 5.26854, 5.37839, 6.62091, 6.28449, 7.22427, 9.07257, 8.85557, 9.94888, 10, 9.2213, 8.73918, 7.75555, 6.91525, 6.54584, 5.51479, 6.6612, 7.17953, 7.82393, 8.53916, 6.66899, 3.39966, 2.01185, 4.37334, 4.83224, 5.40949, 7.67794
9.30056, 8.86382, 7.45637, 6.56835, 5.23308, 5.86825, 6.38876, 6.69768, 6.3092, 7.25334, 9.09439, 9.09989, 10, 9.16795, 8.64891, 7.64531, 6.93588, 6.87362, 5.62198, 6.07871, 6.6093, 6.96075, 7.75257, 8.53829, 8.30046, 6.98835, 3.00277, 1.96164, 3.91768, 4.64509, 4.54847, 5.39819, 7.58739
9.38467, 8.93124, 7.34325, 6.83581, 5.20585, 5.24896, 6.56407, 8.30742, 9.94637, 10, 9.34643, 8.88659, 7.90767, 6.69234, 5.61719, 6.0966, 7.70798, 8.47021, 8.30215, 6.69912, 2.49677, 1.74982, 3.99628, 4.71275, 4.81321, 5.38919, 7.27792
9.34159, 8.96949, 7.42782, 6.6507, 5.3107, 5.50654, 6.35343, 6.60209, 6.28976, 7.37556, 9.095, 9.10527, 10, 9.23785, 9.30313, 8.67827, 7.68013, 6.97747, 5.79309, 5.96229, 7.99573, 8.47758, 6.62796, 3.25594, 1.90507, 4.65448, 4.57292, 5.14203, 7.44642
9.22284, 8.84315, 7.71132, 6.84005, 5.24277, 6.61645, 6.105, 6.95396, 9.92264, 10, 8.85539, 7.7089, 6.89054, 5.77191, 6.37188, 7.22714, 7.87515, 8.51291, 6.65973, 2.99042, 1.96701, 3.75601, 4.45114, 4.54802, 5.39864, 7.50424
8.69691, 8.59701, 7.90062, 7.12427, 5.17684, 6.00867, 5.51522, 5.87113, 6.44235, 9.8934, 10, 8.95539, 8.52591, 7.28758, 7.1213, 6.53802, 5.53007, 6.80817, 6.90376, 7.62969, 8.01732, 7.87903, 6.11324, 5.27993, 4.06569, 3.29237, 3.75284, 3.648, 4.4516, 4.3363, 4.56511, 4.28242, 4.55268, 5.39425, 6.82796, 8.40813
9.19411, 8.81904, 7.31922, 6.74647, 5.20516, 5.3861, 6.21381, 6.00819, 6.37213, 6.09413, 6.97163, 10, 9.2421, 8.75612, 7.8877, 5.83868, 5.95218, 7.73936, 8.33521, 8.17685, 6.6421, 3.49266, 2.55927, 1.87491, 3.64829, 4.26782, 4.4528, 5.1226, 7.5139
9.15481, 8.47362, 7.34532, 6.7214, 5.24975, 6.44468, 9.07367, 10, 9.39789, 9.33567, 8.69754, 7.73689, 7.6519, 6.86396, 5.31881, 6.01629, 6.49979, 7.8957, 8.37271, 6.60318, 5.1658, 2.45198, 1.89391, 3.91976, 4.50404, 5.32701, 7.49438
9.2233, 8.80485, 7.47267, 6.93447, 5.30132, 6.32872, 6.39322, 6.11287, 6.84738, 10, 9.19633, 8.67881, 7.66242, 7.57722, 6.91573, 5.36712, 6.25123, 7.72751, 8.23124, 6.48508, 2.71823, 2.17331, 3.73423, 4.60733, 5.15183, 7.69229
9.11094, 8.72892, 7.26939, 6.63882, 5.35747, 5.16827, 6.34304, 5.81625, 7.06122, 9.29887, 10, 8.92066, 8.09618, 5.94714, 5.00485, 6.03418, 7.80473, 8.12291, 6.42437, 2.53835, 2.14448, 3.70017, 4.34568, 4.26676, 4.79522, 6.12071, 6.68451, 7.55176
9.1191, 8.90396, 7.86458, 7.03053, 5.13329, 6.16905, 5.54648, 6.07787, 7.02753, 8.47726, 9.89419, 10, 8.98162, 7.93387, 7.67548, 7.58064, 7.24426, 6.73405, 5.46995, 5.03249, 6.14394, 6.54194, 7.90982, 8.11633, 6.46141, 5.30581, 2.94095, 2.42823, 4.05168, 4.3494, 4.34106, 5.11623, 7.12658
9.18567, 8.80363, 7.4294, 6.29537, 4.87733, 5.95589, 5.67212, 7.04321, 8.22396, 9.70778, 10, 8.90643, 7.89445, 5.723, 5.14458, 6.26199, 7.60175, 7.83975, 6.23958, 4.82415, 2.27969, 3.22426, 4.05048, 4.04676, 3.87434, 4.85495, 7.76894
9.22533, 8.9024, 7.66092, 6.77765, 4.95087, 5.86143, 5.49495, 5.96558, 6.66608, 7.7963, 9.67411, 10, 8.99128, 8.61437, 8.27739, 7.39679, 7.41575, 6.71886, 5.68036, 5.0887, 7.69022, 7.99121, 7.83788, 6.27237, 5.03775, 2.58614, 3.92632, 4.11692, 3.92135, 4.88449, 7.84854
9.19232, 8.5504, 7.18749, 5.00802, 6.05589, 5.69088, 5.11701, 5.16755, 6.01542, 9.89264, 10, 9.55319, 9.22113, 8.8379, 8.18215, 7.32271, 6.72453, 5.701, 5.01505, 5.19646, 7.58173, 8.03193, 7.87505, 6.28616, 2.56899, 4.07062, 4.17919, 4.03679, 5.01197, 7.57614
9.17419, 8.83773, 7.44347, 6.79797, 4.88503, 5.72678, 5.86737, 5.33526, 7.91985, 10, 9.33401, 8.71174, 7.48592, 7.34929, 6.86198, 7.69045, 7.91179, 7.73985, 5.89253, 2.57517, 2.20001, 3.92328, 4.11079, 3.99088, 4.71445, 7.25257, 7.7948
9.29303, 8.97489, 8.45523, 7.29929, 6.89859, 5.08498, 5.11565, 5.73423, 6.1448, 5.53848, 7.7512, 10, 9.62139, 9.22471, 8.64243, 5.09378, 5.4049, 8.03522, 8.19691, 7.91233, 6.36435, 2.65938, 2.1487, 3.85236, 4.12387, 3.9828, 4.86714, 7.78139
9.15394, 9.19955, 8.93238, 7.30511, 5.03263, 6.11923, 5.77115, 5.65649, 10, 9.92639, 9.23352, 8.63806, 7.3762, 6.90082, 6.92151, 4.93835, 8.26457, 8.45242, 7.73166, 5.84573, 3.52713, 2.92463, 2.71846, 3.03058, 3.78882, 4.01347, 3.95075, 5.02674, 7.53377, 8.715
9.49417, 9.15293, 8.603, 7.90949, 7.54829, 6.53933, 5.26042, 5.27033, 5.93997, 6.38721, 5.8973, 7.5739, 9.97462, 10, 9.29105, 8.83036, 5.35626, 5.8395, 8.12576, 8.24736, 6.12368, 2.58597, 1.88198, 2.35926, 4.31461, 4.58167, 4.5239, 5.18331, 7.78646, 9.32461
9.30886, 9.05971, 8.22242, 6.56973, 5.43207, 6.15811, 5.98976, 6.62801, 6.12774, 8.18021, 10, 9.43382, 9.52787, 8.44901, 7.90166, 5.63493, 5.47063, 5.86053, 8.22191, 8.54538, 6.54297, 5.20397, 2.65513, 1.75617, 4.22326, 4.73872, 5.32545, 7.92584
9.3923, 8.89706, 7.28826, 6.57827, 5.44057, 5.70046, 6.6045, 6.92128, 8.1952, 8.63179, 10, 9.26456, 7.98824, 5.60633, 5.9992, 6.79221, 8.41496, 8.66427, 8.44447, 6.65112, 2.55501, 1.75495, 3.98229, 5.10845, 7.64763
9.63846, 9.23147, 7.42744, 6.78183, 5.32006, 5.80925, 6.79089, 7.24863, 8.83865, 10, 9.31893, 8.00794, 6.34218, 7.22191, 7.5399, 8.20275, 8.55409, 8.34923, 6.85349, 2.55646, 1.91605, 4.37348, 4.644, 5.57257, 7.76111
9.39271, 8.94693, 7.23606, 6.54338, 5.18527, 6.74822, 6.78576, 8.99683, 10, 9.05475, 8.41061, 7.83465, 5.84719, 5.98154, 6.74367, 8.20422, 8.63937, 6.88888, 2.49374, 1.69663, 4.185, 4.71555, 5.61638, 7.14204
9.43471, 9.00422, 7.71135, 7.61332, 6.9593, 5.24757, 5.63239, 6.5222, 6.68181, 6.82439, 7.83279, 9.93737, 10, 9.448, 9.31632, 8.66494, 7.81713, 7.83881, 6.62029, 5.79711, 6.67272, 6.95922, 8.04294, 8.76755, 8.57808, 7.14922, 5.96953, 2.60821, 1.82496, 3.75237, 4.73226, 4.73871, 5.34072, 7.6214
9.42195, 8.97403, 7.65591, 6.90296, 5.49312, 5.62459, 6.61071, 7.38391, 7.99926, 9.67857, 9.46742, 9.90914, 10, 9.4606, 8.72126, 7.77444, 5.61338, 6.61593, 8.35089, 8.67632, 6.75255, 2.74326, 1.84541, 3.47052, 4.69202, 4.51038, 5.38581, 7.75614
9.3736, 8.92253, 7.71008, 6.5242, 5.29323, 5.33514, 6.5777, 6.38738, 7.71807, 9.28895, 9.08969, 10, 9.24943, 8.51153, 7.78074, 7.64807, 6.69211, 5.27287, 6.85281, 8.01145, 8.57377, 6.73614, 5.47099, 2.42981, 2.01074, 3.82916, 4.45739, 4.37212, 5.20179, 6.59332, 7.54937
9.23188, 8.80233, 7.40901, 6.58211, 5.26377, 5.84518, 6.39102, 5.94406, 5.63022, 5.90349, 8.07708, 8.94263, 8.94282, 10, 9.29691, 8.8996, 6.63354, 5.4752, 8.02842, 8.44769, 6.59192, 3.35632, 2.20977, 3.72644, 4.25764, 4.6472, 5.45674, 7.45337
9.22499, 8.71766, 7.17612, 6.79002, 6.01214, 5.22715, 6.38418, 5.9701, 5.86259, 6.52481, 7.67943, 9.07174, 8.88564, 9.91192, 10, 9.38153, 8.77187, 7.70596, 6.91387, 6.20038, 5.31851, 6.20379, 8.0047, 8.28979, 8.03573, 6.54551, 4.985, 2.41951, 2.01036, 2.51034, 4.30897, 4.33447, 4.98482, 7.74219
9.90249, 10, 9.71521, 6.6162, 4.63565, 5.59713, 5.85844, 5.67607, 5.40747, 6.54033, 8.34215, 9.00386, 9.91243, 9.95824, 8.89018, 8.58854, 5.73033, 4.76007, 5.01338, 6.41312, 7.96548, 8.27214, 8.2732, 7.64168, 5.15443, 3.80239, 3.18253, 2.49235, 2.85212, 2.90571, 3.46147, 3.64597, 3.46759, 3.85145, 4.99043, 7.83067, 9.44069
9.21602, 8.7878, 7.36986, 6.63412, 5.13308, 6.29196, 5.93895, 5.62332, 5.81817, 7.7571, 10, 9.33444, 8.8626, 8.28875, 7.59696, 7.61025, 7.08348, 7.46227, 7.77446, 8.12726, 6.33518, 2.56713, 2.03951, 3.54492, 4.28963, 4.30278, 4.82792, 7.68961
9.23583, 8.80051, 7.32302, 6.60325, 5.07747, 5.08641, 6.05658, 6.30642, 5.73166, 6.62445, 7.28743, 8.556, 8.74095, 9.94164, 10, 9.4515, 8.96784, 7.56476, 4.91748, 5.56165, 7.76835, 8.16133, 6.3944, 3.04143, 2.12027, 3.26176, 3.08786, 3.99634, 4.27506, 4.24744, 4.87628, 7.03603, 7.79242
9.15423, 8.39315, 7.28386, 6.648, 4.95629, 5.2424, 6.00055, 6.03259, 6.15353, 7.06204, 9.9455, 10, 9.44976, 9.44566, 8.95217, 8.36158, 7.27639, 7.29028, 5.76808, 5.1767, 5.87293, 7.75764, 8.09329, 7.62786, 6.46982, 2.23763, 1.85097, 2.2272, 3.97994, 4.24934, 4.07324, 4.55163, 6.34068, 6.67206, 7.67523
9.08716, 8.75352, 7.00268, 4.93186, 5.78523, 6.10757, 5.56688, 7.83111, 10, 9.35289, 8.68444, 7.98346, 7.44784, 7.45456, 6.59576, 5.88893, 4.90866, 5.41175, 7.79899, 8.12975, 7.97164, 6.55774, 5.5882, 2.27097, 1.88214, 2.34155, 3.9312, 4.16774, 4.17124, 4.53932, 6.33945, 6.8408, 7.85168
9.03471, 8.70343, 7.30398, 6.70518, 4.88318, 6.32222, 5.69263, 7.34031, 10, 9.36341, 8.96222, 7.92336, 7.05146, 5.62732, 5.00135, 7.57895, 7.88983, 8.24566, 6.50073, 5.52206, 2.80565, 1.90011, 2.58904, 4.35391, 4.21985, 4.72935, 6.59499, 7.46089
9.15123, 8.78908, 8.07794, 6.8884, 6.36398, 4.71471, 5.61213, 6.13958, 5.48993, 5.86421, 7.81826, 10, 9.30015, 9.42377, 8.91483, 7.34679, 6.71651, 6.04686, 6.50762, 7.68783, 8.07262, 6.34683, 4.70342, 2.42464, 1.91556, 2.4741, 3.92822, 4.08998, 4.04409, 4.80016, 7.50554
9.03245, 8.63077, 7.43156, 6.6076, 5.58433, 4.75346, 6.19588, 5.62168, 7.3441, 10, 9.38946, 8.79306, 7.38624, 6.74978, 5.88709, 5.09297, 7.60764, 8.12486, 6.37047, 4.70729, 2.42432, 1.90935, 2.33458, 3.90483, 4.23958, 4.28168, 4.79317, 6.17575, 7.35841
9.09047, 8.64071, 7.26048, 6.13776, 4.76049, 6.1969, 5.64352, 7.51113, 9.95291, 10, 8.8616, 8.0688, 7.51771, 7.51758, 6.756, 6.0675, 5.27443, 7.6652, 8.18699, 6.42744, 4.92802, 2.72043, 1.94505, 4.28351, 4.31882, 4.94474, 7.41265
9.26281, 8.86102, 7.06291, 6.142, 4.942, 5.23559, 6.27254, 5.80717, 7.94256, 8.95604, 8.7649, 9.9522, 10, 9.49041, 8.7822, 7.63122, 5.48211, 6.36869, 6.80385, 7.93384, 8.29171, 6.48454, 2.54732, 2.01532, 3.48939, 4.31727, 4.22169, 4.94643, 7.88456, 9.10665
9.40538, 8.95175, 7.71787, 6.68219, 5.27342, 5.3712, 6.45691, 6.56238, 8.29916, 9.3545, 9.15129, 10, 9.33684, 9.48143, 9.04042, 7.66652, 6.85874, 6.57283, 5.53336, 6.57572, 8.05505, 8.49964, 6.87274, 2.54543, 1.98572, 4.07335, 4.75679, 5.30854, 7.95396, 9.24035
9.636, 9.66165, 9.45687, 8.25692, 6.02311, 4.68128, 4.98711, 5.91576, 5.97318, 6.08367, 6.70359, 10, 9.96005, 8.84018, 8.23285, 7.03683, 6.57834, 4.59747, 6.13314, 7.81431, 8.10147, 8.11461, 6.48477, 5.13922, 4.05416, 2.92192, 2.35554, 2.83179, 2.78067, 3.59743, 3.65652, 4.80363, 7.97423, 9.11308
9.65094, 9.29542, 7.81795, 6.84902, 5.17775, 5.55809, 6.47819, 6.6221, 8.61645, 9.7171, 9.50121, 9.92778, 10, 9.65149, 9.68711, 8.79086, 8.2861, 7.92692, 6.34333, 6.60358, 7.01133, 8.2139, 8.65433, 6.93587, 5.42348, 3.04103, 1.7015, 3.70784, 4.35527, 4.67131, 5.25238, 8.10784, 9.47079
9.67252, 9.25507, 7.14905, 6.12824, 5.1606, 5.21471, 6.4252, 6.58425, 6.62439, 8.81231, 9.76122, 9.53681, 10, 9.47502, 9.5827, 8.75731, 7.95018, 7.95645, 6.46792, 6.44101, 7.02271, 8.29013, 8.69673, 6.9269, 2.48694, 1.88444, 4.16224, 4.61141, 5.49726, 7.49421
9.73137, 9.39259, 8.36958, 6.56575, 5.22583, 5.94888, 6.51129, 6.45957, 6.63094, 8.82807, 10, 9.99833, 9.36788, 8.44569, 7.91436, 7.93714, 7.31356, 6.8111, 8.21752, 8.52091, 6.78415, 2.697, 1.92714, 4.07838, 4.89823, 5.50915, 8.07261, 9.53191
9.69461, 9.24734, 7.54886, 6.44313, 5.14576, 6.55498, 6.76065, 6.80342, 8.81203, 9.78248, 10, 9.34737, 8.07564, 6.3232, 6.66444, 8.14329, 8.63012, 6.86352, 3.17991, 1.75352, 3.63805, 4.45235, 4.36131, 5.29221, 7.91204
9.66907, 9.31639, 7.59845, 6.547, 5.4178, 5.55827, 6.56058, 6.84446, 6.60896, 9.00796, 10, 9.98692, 9.35281, 8.10299, 5.78167, 6.04011, 6.49088, 8.42087, 8.8229, 7.21684, 5.98407, 3.20554, 1.91276, 3.62166, 4.55196, 5.49196, 7.96043, 9.46501
9.23713, 8.89478, 7.00846, 6.29278, 5.15068, 5.20217, 6.5339, 6.3692, 7.29657, 8.83277, 10, 8.83597, 7.63973, 7.02637, 8.08125, 8.56011, 6.8418, 3.09052, 1.72548, 3.45682, 4.04219, 5.23677, 7.60514, 9.04312
9.70657, 9.27018, 6.623, 5.21952, 6.69436, 6.48852, 6.79901, 6.88461, 8.80636, 9.99765, 10, 9.4235, 8.07757, 6.06663, 6.6657, 8.1302, 8.71027, 7.11483, 4.83817, 2.64313, 1.82511, 3.79096, 3.63303, 4.61052, 4.51621, 5.45567, 7.17953, 7.89885
9.31715, 8.75791, 7.37004, 7.3609, 6.5502, 5.19816, 6.53824, 6.61656, 6.78479, 8.09964, 10, 9.26193, 8.15862, 7.84121, 6.88847, 8.23263, 8.66886, 6.70723, 2.51264, 1.88683, 3.66447, 4.03552, 5.3685, 7.45218
9.53422, 8.99092, 7.60074, 7.60052, 6.85671, 5.42459, 6.65593, 6.86283, 8.07297, 9.95761, 10, 9.0224, 8.05348, 7.41481, 6.35201, 8.24885, 8.75375, 6.98153, 2.62186, 1.80752, 3.74819, 4.7801, 5.40437, 7.62388
9.64233, 9.24616, 7.51661, 6.70494, 5.32392, 5.42222, 6.52973, 7.00143, 8.24742, 9.95897, 10, 9.34295, 9.52732, 8.56533, 8.0296, 5.80225, 6.36271, 8.17166, 8.67783, 6.93562, 2.92302, 1.82227, 4.02651, 4.7631, 5.68486, 7.5669
9.31739, 9.2508, 8.44308, 6.94029, 4.94286, 6.0729, 5.76969, 5.74987, 7.5274, 10, 9.95395, 8.80294, 8.18744, 6.97794, 6.30506, 4.68899, 6.1161, 7.52931, 8.17132, 8.19849, 7.1257, 4.60241, 3.09756, 2.63821, 3.38683, 3.67723, 3.88638, 5.02636, 5.1127, 6.14299, 7.626
9.58676, 9.18634, 7.23438, 6.57506, 5.25523, 6.40532, 6.49446, 6.82809, 8.76739, 9.74625, 10, 9.22585, 8.79354, 8.01321, 6.50763, 7.93773, 8.64, 6.92396, 2.64369, 1.85746, 3.74346, 4.39704, 4.58157, 5.49373, 7.74724
9.4898, 8.92383, 7.45192, 6.75462, 5.16612, 5.28941, 6.49898, 6.95327, 8.38825, 9.53868, 10, 9.38086, 8.47734, 7.82206, 7.21851, 6.11791, 7.80868, 8.51885, 6.46393, 2.49752, 2.03456, 4.71755, 4.61646, 5.50248, 7.50233
9.42276, 8.71179, 7.58324, 6.79698, 5.05666, 6.30308, 6.37693, 6.40151, 7.6621, 9.91036, 10, 9.49854, 9.46193, 8.68202, 7.90536, 5.66918, 6.61724, 8.02929, 8.50246, 6.59315, 2.50917, 2.05794, 3.54442, 4.66485, 4.48988, 5.19589, 7.85492, 9.23525
9.35107, 8.67609, 7.47279, 6.42464, 5.01622, 5.15318, 6.45613, 6.47812, 7.63764, 9.03196, 9.03239, 9.88559, 10, 8.96746, 7.82464, 6.04844, 5.36725, 5.79614, 8.21033, 8.54749, 8.37535, 6.55552, 2.74575, 2.4325, 2.00223, 3.43009, 4.33268, 4.24101, 4.86464, 5.46691, 7.76502, 9.08243
9.25, 8.88395, 7.48781, 6.7966, 5.01033, 6.3922, 6.10817, 7.20034, 8.51235, 10, 9.37966, 8.90418, 7.70936, 7.73491, 6.94298, 5.96234, 5.17122, 6.1276, 7.71203, 8.35629, 6.54076, 2.7289, 2.18627, 3.57523, 4.10155, 4.46363, 4.44644, 5.26501, 7.61968
9.13753, 8.5854, 7.3171, 7.33513, 6.19605, 5.06016, 5.40875, 6.41663, 5.81418, 7.52148, 8.89551, 8.71685, 10, 8.96129, 8.35655, 7.58672, 7.05436, 5.99884, 5.00088, 5.45444, 8.08672, 8.42917, 8.27161, 6.7452, 4.82512, 2.62303, 2.25174, 3.43819, 4.39356, 4.29472, 4.94525, 7.73186, 8.97345
9.34046, 8.99693, 7.92365, 7.1849, 6.5691, 5.09675, 6.3144, 5.94747, 5.68615, 6.11124, 8.36916, 9.26024, 8.88859, 10, 9.55457, 8.92265, 8.23831, 7.4677, 6.92914, 6.45198, 5.21145, 6.32116, 6.93912, 8.13638, 8.5655, 6.76293, 5.36777, 2.76565, 2.39406, 3.83696, 4.37006, 4.39258, 4.93251, 7.92563, 9.17729
9.37376, 8.98216, 7.63337, 6.66013, 5.12748, 5.52849, 6.32833, 6.30577, 6.25974, 6.91904, 9.08205, 9.91908, 10, 9.31436, 8.77595, 7.74455, 7.64827, 7.10207, 6.1679, 5.38574, 5.86591, 6.57889, 8.03797, 8.44024, 8.20739, 6.96695, 5.73858, 3.07124, 2.27135, 3.83611, 4.55522, 5.09697, 7.39688
9.27993, 8.96055, 7.45684, 6.96263, 4.95256, 6.56848, 6.00082, 7.6767, 9.27191, 9.07125, 9.94471, 10, 9.56194, 8.67258, 7.94397, 7.96539, 7.58118, 6.89266, 5.95333, 5.34059, 8.48263, 8.85659, 8.69022, 6.86758, 2.62417, 2.05759, 4.08441, 4.667, 5.22942, 7.6822
9.32011, 8.77188, 7.33692, 6.72066, 4.92844, 5.58018, 6.66063, 6.32754, 6.14386, 7.06186, 10, 9.54617, 8.6643, 8.025, 8.03027, 5.60541, 5.9991, 7.98352, 8.53699, 6.92568, 4.60852, 2.42094, 1.82963, 4.11291, 4.55733, 5.13471, 7.69122, 9.05096
9.41998, 9.35187, 8.12739, 6.86986, 4.99575, 5.08944, 5.93289, 6.10436, 6.28345, 7.48489, 9.40677, 9.26159, 10, 8.8793, 8.6553, 7.618, 5.35742, 5.15784, 6.44291, 7.90646, 8.10928, 8.09162, 7.12852, 5.00881, 3.41717, 2.89305, 2.43388, 3.198, 3.78023, 4.01334, 3.94626, 4.98989, 5.54623, 7.72489
9.35155, 9.0108, 7.02499, 5.21087, 5.63207, 6.60827, 9.7633, 9.54626, 10, 9.48803, 9.67671, 9.12692, 8.00412, 7.98846, 5.77372, 5.92372, 6.05383, 7.09387, 7.09474, 8.2815, 8.78201, 7.10026, 2.63572, 1.71632, 3.60246, 4.58501, 4.4901, 5.38204, 7.64872
9.57375, 9.18361, 7.72159, 7.02126, 5.11671, 5.8743, 6.74087, 6.82878, 6.90111, 8.10622, 9.97616, 10, 9.3613, 9.61856, 8.76621, 8.04115, 7.90783, 7.27784, 7.3683, 5.95415, 5.94341, 7.38436, 8.60848, 9.12479, 7.39261, 5.76481, 2.62919, 1.84817, 5.27992, 7.72241
9.43135, 9.06874, 6.83663, 5.24523, 5.32084, 5.85801, 5.69767, 6.55848, 6.72687, 6.92576, 7.98986, 9.78283, 10, 9.27429, 8.68345, 7.89223, 7.25417, 6.35933, 7.35192, 8.58977, 8.99951, 8.816, 7.35985, 6.14234, 2.69966, 1.9204, 5.67641, 7.9518
9.50123, 9.05075, 7.32606, 6.36722, 5.28533, 6.22272, 6.63716, 6.904, 8.11547, 10, 9.83608, 9.19722, 8.50322, 7.91643, 7.27271, 6.58833, 8.02852, 8.78779, 7.31252, 6.0821, 2.63674, 1.84027, 3.91857, 4.48194, 5.41704, 7.90634
9.52187, 9.0376, 7.70077, 6.44349, 5.33019, 6.52266, 6.73332, 6.79748, 8.7684, 9.7692, 10, 9.21786, 7.94314, 5.59731, 6.15814, 6.96469, 8.13536, 8.69008, 6.67484, 2.67605, 1.72334, 4.21421, 4.09462, 5.30584, 7.9752
9.70038, 9.29166, 7.89316, 6.52253, 5.31389, 5.33392, 6.88952, 6.67839, 7.92825, 9.75025, 9.51901, 10, 9.31478, 9.4926, 8.44796, 7.96391, 7.32978, 6.15268, 7.05956, 8.23769, 8.79579, 6.77067, 2.59497, 1.63921, 3.99079, 5.36619, 7.84364
9.38722, 8.99282, 7.94672, 6.46707, 5.31728, 6.7927, 6.78937, 7.61315, 9.54362, 10, 9.36075, 8.49297, 7.93218, 6.46223, 5.66629, 5.93713, 6.1683, 8.2969, 8.75786, 8.57914, 7.14535, 2.20371, 1.72293, 4.10781, 4.26585, 5.46535, 7.93583
9.58976, 9.10666, 7.30704, 7.19575, 6.29636, 5.16912, 6.93882, 6.54928, 8.94595, 9.95985, 9.49749, 10, 9.39518, 8.69604, 8.08233, 8.15557, 8.54885, 9.04181, 7.26969, 2.82636, 2.04234, 5.72056, 7.73135
9.63384, 9.21721, 7.20849, 7.07666, 6.31031, 5.22729, 5.24825, 7.01015, 7.00865, 8.09849, 9.94641, 10, 9.34545, 8.50649, 7.99508, 7.36339, 7.036, 8.60597, 9.0864, 7.04492, 2.47017, 1.83427, 3.89011, 4.40474, 5.31044, 8.00288, 9.45122
9.68345, 9.26298, 8.3078, 6.32851, 5.32833, 5.28934, 6.15536, 6.93861, 6.90383, 7.97366, 10, 9.33485, 8.56689, 7.77132, 6.40163, 6.08668, 8.18816, 8.85671, 7.29149, 5.84496, 2.79495, 1.82914, 4.4846, 4.36365, 5.28593, 7.59102
9.48572, 9.39529, 8.84493, 7.61008, 6.79729, 4.90301, 4.97044, 5.99419, 5.68542, 7.78675, 9.94981, 10, 9.70105, 8.61271, 8.30002, 5.2151, 6.34296, 7.98461, 7.95183, 6.4477, 4.88594, 2.34686, 1.77551, 3.6876, 4.06581, 4.26231, 5.28627, 7.81459
9.75278, 9.23333, 6.5452, 5.23575, 5.21275, 6.73999, 7.09637, 7.02551, 8.47741, 9.78958, 10, 9.41841, 8.1421, 6.65477, 7.0929, 8.62099, 8.94166, 7.08708, 2.60679, 1.75667, 5.68522, 7.88887
9.45587, 8.85512, 6.4959, 5.1467, 6.30833, 6.8519, 6.87924, 6.8748, 8.29282, 10, 9.05501, 7.95673, 6.00862, 6.93518, 8.20482, 8.74908, 6.93555, 2.54686, 1.71571, 3.95702, 5.36327, 7.94677
9.58073, 9.14271, 7.6743, 6.25105, 5.16839, 6.62866, 6.73299, 7.24806, 8.14086, 9.57324, 10, 9.08959, 8.02792, 7.38388, 6.65363, 7.13828, 8.37164, 8.67122, 6.59507, 2.43012, 1.62512, 5.49404, 7.76174
9.6478, 9.25823, 7.906, 6.94393, 5.11849, 6.56323, 6.74869, 7.91591, 9.94424, 10, 9.29772, 8.73753, 8.00104, 7.38367, 6.68088, 5.79332, 6.08225, 8.27423, 8.72185, 8.54432, 7.13126, 3.31169, 2.74907, 1.8145, 4.53031, 4.45916, 5.37852, 5.43818, 8.17592
9.59271, 9.30818, 7.41996, 6.51839, 5.04011, 5.20349, 6.43094, 6.09727, 7.75905, 9.09234, 9.28743, 9.92501, 10, 9.48695, 9.67716, 8.83703, 8.24831, 7.84739, 7.04775, 6.18044, 5.54512, 5.66578, 5.82858, 8.19583, 8.82526, 6.96332, 2.29581, 1.73209, 3.40028, 4.22075, 4.38049, 5.22056, 7.25169
9.24798, 8.96717, 7.45843, 6.49983, 4.80136, 5.87835, 5.64994, 6.94345, 8.58171, 8.7722, 10, 9.44822, 8.68011, 8.12476, 7.68643, 7.08652, 6.455, 5.96976, 4.98434, 7.78707, 8.29345, 6.79969, 5.8011, 2.87181, 2.01454, 1.63284, 3.93425, 4.11062, 5.00604, 7.64922
9.15293, 8.89352, 7.57463, 6.3282, 4.69335, 5.21357, 5.08391, 5.61077, 5.84034, 5.66917, 7.1671, 10, 9.22323, 8.5734, 7.26263, 5.16364, 5.09032, 7.76612, 8.33421, 6.601, 5.43469, 2.90124, 2.05698, 1.67743, 3.20214, 4.11025, 4.42875, 4.94588, 7.74342, 8.97703
9.36889, 9.08304, 7.5751, 6.52161, 4.88554, 6.08706, 5.81227, 6.49539, 7.19243, 10, 9.48057, 8.37421, 7.95668, 7.40334, 6.74252, 4.90905, 8.11924, 8.4174, 8.24626, 6.67354, 3.79534, 2.49811, 1.54434, 2.30097, 4.07772, 4.41693, 4.95555, 7.91838, 9.19108
9.66402, 9.28187, 6.53848, 5.11597, 5.13504, 5.92649, 6.66035, 6.36937, 7.96032, 9.40468, 10, 9.75317, 8.7889, 7.96818, 7.66232, 8.631, 8.9869, 6.93769, 5.60466, 2.61851, 1.72312, 4.75973, 4.5135, 5.39638, 7.31017, 7.97478
9.54067, 8.80263, 6.29289, 5.12648, 5.1784, 6.71337, 6.79138, 6.48777, 7.96106, 10, 9.9853, 9.33759, 9.16878, 7.81038, 5.81015, 6.16369, 8.50623, 8.74214, 6.63148, 2.69283, 1.56764, 3.26561, 5.58126, 7.92859
9.44191, 9.31537, 6.78446, 4.87261, 5.53007, 6.0045, 5.66778, 6.01122, 6.79015, 7.36264, 8.56471, 9.05366, 9.92701, 10, 9.59438, 8.49359, 7.29373, 6.8392, 4.83225, 5.01455, 7.95031, 7.9484, 7.00713, 4.42676, 2.92459, 2.00689, 2.71451, 3.58755, 3.86446, 4.77241, 7.87591
9.39713, 8.99322, 6.12797, 5.04047, 6.82953, 6.95727, 8.15872, 10, 8.7629, 7.48074, 5.91259, 6.16672, 7.16467, 8.37983, 8.64818, 6.58498, 2.6339, 1.6755, 5.32729, 7.55394
9.17075, 8.84942, 6.0604, 5.40512, 5.38512, 6.47543, 6.83973, 6.66351, 8.15494, 10, 9.06169, 8.25703, 7.54311, 7.3709, 8.45675, 8.82731, 7.14757, 2.76479, 1.77666, 4.30086, 4.49536, 5.46153, 7.16524
9.20222, 8.91453, 8.38818, 6.27965, 5.31792, 6.78841, 7.22349, 8.26969, 10, 9.97115, 8.33351, 7.60924, 5.8887, 6.14313, 6.98088, 8.51614, 8.85013, 7.18476, 5.50791, 2.49845, 1.5695, 4.00909, 3.87691, 5.24361, 7.42667, 8.97934
9.25871, 8.98603, 8.50895, 6.54369, 5.44994, 6.66598, 6.8697, 8.09161, 10, 9.98079, 8.83544, 7.61734, 7.14777, 6.2978, 7.10731, 8.44154, 8.78273, 7.14489, 2.61336, 1.66081, 3.73651, 4.47564, 5.44262, 7.1792
9.43905, 9.28056, 8.83372, 6.90872, 5.12738, 6.58912, 6.45143, 7.82081, 9.54339, 10, 9.15568, 7.98215, 7.36706, 6.41041, 8.43026, 8.79404, 6.75323, 2.68239, 2.06858, 4.01538, 4.25402, 4.1779, 5.8897, 7.80548
9.56424, 9.39478, 7.20308, 5.21261, 6.45893, 6.44583, 6.59686, 8.09134, 9.52166, 9.30612, 9.96117, 10, 9.45553, 8.67082, 8.00857, 8.01059, 6.69546, 6.23404, 8.49696, 8.81117, 7.02817, 3.44219, 2.2382, 3.95933, 4.59717, 4.4984, 5.3887, 7.71298
9.38742, 9.18601, 8.36657, 6.85652, 5.22311, 5.88614, 6.16469, 6.04594, 7.84035, 9.96157, 10, 9.42602, 8.498, 8.07096, 7.72465, 6.9177, 8.24121, 8.40823, 6.581, 4.58199, 2.48013, 2.05626, 3.50836, 4.30443, 4.36552, 5.18771, 5.90606, 7.69404
9.18102, 8.96547, 7.55861, 6.74896, 4.89799, 5.13521, 5.90368, 5.76, 7.5178, 10, 9.12264, 8.6403, 7.6362, 7.26218, 6.73738, 7.82509, 8.0998, 7.92068, 6.67621, 5.84438, 2.81779, 2.16343, 3.30606, 4.05793, 3.95578, 4.87332, 7.72216, 8.9879
9.46276, 9.2915, 8.04427, 6.92025, 5.06336, 5.26901, 6.13817, 5.92052, 7.19617, 10, 9.46681, 9.57525, 8.77483, 8.06386, 8.04709, 7.12558, 5.17494, 5.50769, 7.9674, 8.30021, 6.43348, 2.81857, 2.16197, 3.2957, 3.86639, 4.10357, 4.00344, 4.81478, 5.90638, 7.94558, 9.2562
9.56242, 9.03865, 7.29254, 6.52641, 4.95314, 5.38248, 6.25709, 6.34743, 6.22963, 7.77939, 9.32592, 9.32275, 10, 9.57914, 8.53642, 7.70891, 5.45575, 8.25715, 8.63833, 7.25509, 5.86764, 3.27038, 2.10443, 4.10904, 4.32948, 4.07361, 4.35308, 5.53429, 8.03787
8.76096, 8.29586, 7.43214, 6.77598, 5.01969, 6.06924, 5.8049, 5.46978, 5.7004, 8.38707, 9.69911, 10, 8.9739, 8.06432, 6.99594, 5.77481, 4.76953, 6.52286, 6.63514, 7.80523, 8.09139, 6.7224, 5.34765, 3.67425, 2.99284, 3.73829, 3.91341, 3.66559, 4.61262, 6.17111, 6.58417, 7.49203, 8.60609
9.39219, 9.22799, 6.75038, 4.76152, 4.81412, 5.96723, 5.88126, 5.64906, 5.99705, 9.93149, 10, 9.23574, 8.4133, 6.78496, 4.42189, 4.74265, 5.2559, 6.64501, 7.64244, 7.95025, 7.95382, 7.55064, 6.69215, 4.92167, 2.83604, 2.38423, 2.59176, 3.52095, 3.65451, 3.55115, 4.79309, 7.97587
9.60524, 9.38514, 7.42253, 6.32384, 5.16683, 6.55954, 6.38406, 8.39162, 9.34222, 10, 9.55144, 8.06404, 7.43549, 6.4412, 8.3053, 8.66828, 7.08605, 2.91571, 2.28691, 3.43111, 4.485, 5.11541, 7.96175
9.05004, 6.91812, 3.22475, 2.54012, 4.10901, 4.58646, 4.58339, 5.60637, 7.52981, 9.19955, 8.84765, 6.95011, 5.57357, 6.11912, 5.92811, 7.0499, 6.69551, 7.65634, 10, 9.26492, 8.29605, 8.00733, 6.09905, 7.8581, 8.55494
9.32992, 9.1266, 6.8607, 5.85666, 6.73594, 6.96051, 7.50458, 10, 9.14503, 9.1186, 8.03692, 6.38536, 6.53522, 8.15737, 8.65998, 7.05808, 2.98097, 2.13846, 4.32605, 4.67116, 5.89158, 7.31647
9.48073, 9.3149, 6.91195, 5.82908, 6.98642, 6.89751, 7.44817, 9.7362, 10, 9.20877, 9.15872, 8.11942, 6.48369, 6.41378, 8.42865, 8.82067, 6.81512, 2.9585, 2.27778, 4.05688, 4.44356, 4.41628, 5.76906, 7.6903
9.44807, 9.27702, 6.86157, 5.58099, 6.65903, 6.62857, 7.55367, 10, 9.56342, 9.8327, 9.2602, 9.19081, 8.36532, 7.90067, 5.89006, 6.44922, 8.28207, 8.83207, 6.9207, 6.79586, 5.77534, 3.59758, 2.28469, 4.05619, 4.26199, 4.2649, 4.91139, 7.63653, 9.20008
9.44831, 9.2564, 7.67163, 6.9971, 5.45986, 6.09891, 6.68714, 6.2584, 8.68266, 9.71988, 10, 9.31011, 9.29713, 7.98581, 7.35851, 6.33454, 8.41334, 8.64416, 6.57443, 3.03123, 2.24431, 3.95314, 4.59586, 4.53122, 6.13124, 7.79842
9.46483, 9.26053, 7.7462, 7.17276, 5.36174, 6.65747, 6.43628, 6.34992, 7.48917, 9.50461, 10, 9.36941, 9.63307, 8.14799, 5.8583, 8.60732, 8.78496, 6.71938, 2.94577, 2.3214, 4.04206, 3.92988, 4.49112, 4.56348, 5.18836, 7.73032, 9.23308
9.51081, 9.30591, 8.29614, 6.88244, 5.44514, 6.59624, 6.82932, 8.96181, 10, 9.03035, 8.30022, 7.92249, 7.17621, 6.35908, 5.67274, 8.47848, 8.74142, 6.7503, 3.27447, 2.64737, 3.78419, 4.09832, 4.11172, 5.05421, 7.87238
9.69817, 9.49559, 7.38358, 5.92786, 6.93356, 6.98506, 7.17299, 10, 9.24515, 9.5387, 8.92142, 8.36397, 6.05766, 7.1885, 8.72943, 8.83564, 6.84612, 3.3646, 2.49375, 3.70936, 4.0546, 4.48505, 5.17612, 7.46599
9.72788, 9.63278, 7.97568, 6.184, 7.24719, 10, 9.69545, 8.82065, 6.24618, 6.72179, 8.90421, 9.24507, 7.16207, 3.60919, 2.15908, 3.7338, 3.53659, 4.38501, 4.33811, 6.15862, 7.78298
9.35851, 9.02475, 6.40675, 4.99955, 4.80098, 6.15293, 5.74487, 8.79016, 10, 9.93969, 9.06809, 8.39057, 4.89109, 5.9956, 7.97119, 7.91987, 6.87235, 5.31793, 3.22323, 2.69295, 2.23659, 3.06539, 3.0922, 3.46864, 3.813, 3.84618, 4.76299, 7.57964
9.78997, 9.64833, 9.15956, 7.55344, 6.72105, 5.44974, 7.20531, 10, 9.36006, 8.63924, 7.39483, 8.68547, 8.9674, 6.84997, 3.00012, 2.27592, 3.59365, 4.31569, 4.11987, 4.48752, 5.22455, 7.84063
9.52743, 9.36045, 8.4741, 7.36459, 5.69743, 7.17999, 10, 9.35159, 8.76573, 7.41202, 8.73624, 9.05841, 6.96459, 2.78396, 2.20651, 2.7173, 4.01462, 4.42346, 5.88316, 7.73627
9.78189, 9.29052, 7.28275, 6.72775, 5.71729, 6.44272, 8.53613, 10, 9.98932, 9.29947, 9.46184, 9.19593, 8.50432, 8.11496, 8.46306, 8.58026, 5.7824, 3.52708, 2.3047, 3.48956, 4.36186, 5.06571, 8.09025
9.29006, 9.01369, 8.2161, 8.07217, 7.06134, 6.01629, 6.80145, 7.092, 8.16059, 10, 9.15788, 9.22304, 8.20271, 6.22945, 7.002, 8.62708, 8.91262, 6.84297, 4.88065, 3.11369, 2.25572, 3.65499, 4.58046, 5.60472, 7.63596
9.24311, 8.99575, 7.2486, 7.21619, 6.77154, 5.67405, 6.2081, 6.37616, 6.69385, 8.47067, 10, 9.14092, 8.75983, 7.55206, 5.77626, 6.61173, 7.91675, 8.44727, 6.65474, 3.00846, 2.37528, 3.65908, 4.42272, 4.6387, 5.5719, 7.31164
9.09629, 8.76512, 6.98098, 6.12276, 5.41436, 6.14685, 6.18876, 6.02273, 7.36197, 8.24839, 8.65431, 10, 8.784, 8.75869, 8.16607, 7.32297, 7.32331, 5.37116, 5.88139, 8.0336, 8.39327, 6.75488, 5.46017, 2.90937, 2.19496, 4.18052, 4.2549, 4.94437, 7.37583
9.22807, 8.70277, 6.45546, 5.12269, 6.70752, 7.30185, 9.11019, 8.89684, 10, 8.37604, 7.31952, 6.01359, 6.92625, 8.00422, 8.47306, 6.39653, 2.74619, 1.72054, 2.60007, 3.63291, 3.84611, 4.39019, 4.39455, 5.25295, 7.40275
9.21153, 8.85175, 7.54594, 6.76429, 5.60992, 6.22676, 6.29294, 6.20101, 7.61342, 9.75579, 10, 8.02998, 7.2967, 6.62787, 5.78568, 7.3449, 8.19157, 8.44075, 6.51517, 3.96734, 3.22563, 3.08391, 4.18444, 4.7038, 6.03074, 7.10998
8.73175, 8.59358, 6.77907, 6.22581, 6.14316, 5.68384, 5.9603, 5.9727, 6.60312, 10, 9.08182, 8.88363, 8.1408, 8.3328, 8.60418, 6.91279, 4.42236, 2.89462, 3.64541, 4.67896, 5.27779, 7.15313
9.47672, 9.26793, 8.5787, 7.1036, 6.84501, 6.87446, 7.28254, 7.96937, 8.98625, 10, 9.1151, 9.36252, 8.94191, 9.48339, 8.9914, 8.27438, 7.82445, 6.97248, 8.7454, 9.08226, 7.25033, 5.31626, 3.42646, 2.63566, 3.6374, 3.91186, 4.14463, 6.09496, 7.91301
9.30217, 8.94148, 6.34807, 4.95611, 5.00617, 6.12206, 5.74145, 7.56931, 9.77476, 10, 9.6845, 8.60163, 8.09113, 6.94408, 6.93418, 6.13323, 4.47628, 6.03197, 7.78123, 7.86614, 7.14064, 5.36337, 3.77029, 2.72121, 2.1542, 3.47889, 3.69749, 3.86967, 4.66492, 7.67806, 9.13951
9.78012, 9.57886, 8.36358, 7.39628, 6.26833, 6.98735, 6.90798, 8.26638, 10, 9.39995, 9.86272, 8.65972, 7.35385, 6.10198, 6.52154, 9.0147, 9.2124, 7.51407, 4.87019, 3.31858, 2.2027, 4.44211, 4.20542, 5.50625, 7.76549
9.63952, 9.3757, 7.91921, 7.04972, 5.54501, 6.69459, 7.00623, 6.60326, 8.1126, 10, 9.57702, 9.37538, 8.73259, 5.99717, 6.61567, 8.66186, 8.79876, 6.01859, 2.60891, 1.80941, 3.70406, 4.44586, 4.62256, 5.25099, 8.14814
10, 9.64458, 8.34793, 7.29131, 5.80759, 7.19031, 6.68663, 7.53552, 8.69145, 9.98431, 9.82328, 9.61941, 8.79787, 6.08083, 6.87319, 8.80671, 8.97925, 6.76617, 2.76706, 1.94659, 4.14813, 4.91945, 5.55988, 7.9509
9.85115, 9.57729, 7.99666, 7.14522, 5.93844, 6.53395, 6.96932, 6.51402, 7.94704, 9.68305, 9.86522, 10, 9.20315, 8.41393, 5.89693, 6.4903, 8.86981, 9.06023, 6.5719, 3.27097, 1.99476, 3.51002, 4.11905, 4.44518, 5.40052, 8.10848, 9.62889
9.92064, 9.48743, 8.33241, 7.07057, 5.99671, 6.80637, 6.69224, 7.67755, 10, 9.36921, 9.76191, 8.77948, 8.21099, 5.76842, 6.78574, 8.71787, 8.81165, 8.42919, 6.88673, 4.32385, 2.63453, 2.03425, 2.06677, 2.8728, 4.51936, 4.37064, 4.99973, 8.43167
9.42365, 8.96476, 7.66722, 6.82242, 6.02744, 5.8055, 6.59277, 6.8193, 6.85333, 6.57399, 7.61688, 8.03593, 8.94838, 10, 9.95938, 8.89073, 9.13991, 8.16136, 7.64131, 7.02821, 6.61511, 8.68327, 9.05311, 6.81622, 3.33796, 1.70291, 1.65146, 2.59845, 4.44313, 4.54844, 5.45096, 7.88252
9.70688, 9.30696, 8.0726, 6.32705, 5.77122, 6.8628, 8.9425, 10, 9.94874, 9.22548, 8.22585, 7.87324, 7.82349, 5.57508, 6.39637, 8.25767, 8.55134, 8.64912, 6.53377, 2.90212, 1.65376, 4.28281, 4.6354, 5.24166, 7.87189
9.25778, 8.92024, 8.38042, 6.20468, 5.38503, 5.39359, 6.43361, 6.87577, 6.52178, 6.79302, 8.61596, 10, 9.2024, 9.08083, 7.66808, 5.47884, 5.98374, 6.50932, 8.51475, 8.60385, 6.5628, 3.07533, 1.57144, 1.68531, 2.45455, 4.32962, 4.5761, 5.16597, 7.37984
9.29408, 8.76343, 7.93229, 6.11656, 5.01195, 4.99842, 6.44549, 6.90082, 8.85542, 10, 9.95356, 8.78878, 7.7458, 7.16549, 5.30876, 6.41801, 8.34518, 8.56291, 6.57953, 2.93414, 1.294, 1.30988, 2.29301, 5.20843, 7.87688
9.24734, 8.41285, 6.50512, 5.04454, 6.44756, 7.02089, 6.63705, 8.07147, 10, 9.95165, 8.7245, 7.30108, 6.60058, 6.27526, 8.56343, 8.75919, 6.2905, 3.13175, 1.39102, 4.83311, 7.91862
9.34497, 9.03876, 6.45669, 4.87167, 5.07158, 6.01172, 5.44858, 7.19759, 8.93678, 9.09666, 9.92976, 10, 9.67467, 8.55877, 8.17333, 6.86208, 6.07106, 5.03459, 7.75505, 7.80708, 7.12017, 5.57813, 4.00371, 2.74689, 2.06544, 3.66132, 4.16883, 3.96132, 4.63889, 7.98491
9.37808, 8.87995, 7.6058, 6.57979, 5.23016, 6.66125, 6.36575, 8.73987, 10, 8.99939, 7.73767, 5.83168, 6.28941, 7.1083, 8.20505, 8.55758, 6.28339, 3.66121, 2.59108, 3.33363, 3.09924, 4.12329, 4.027, 4.65106, 7.00162
9.41615, 8.9468, 7.77095, 6.94607, 5.31052, 6.63442, 6.57321, 8.8286, 9.78342, 10, 9.21821, 8.39798, 7.85263, 5.83167, 6.02184, 7.17462, 7.47147, 8.41239, 8.68226, 8.47819, 6.77348, 3.24135, 2.48286, 3.27178, 3.89486, 3.94491, 4.54937, 6.0148, 7.20371
9.37713, 8.97405, 8.09564, 7.58747, 6.55548, 5.18899, 6.32923, 6.75259, 6.45742, 7.7647, 9.96587, 10, 9.0516, 9.13104, 8.48227, 7.96006, 7.9662, 6.27029, 6.50928, 8.23924, 8.66945, 6.97617, 3.53507, 2.93199, 3.73603, 4.00224, 3.84023, 5.36963, 7.43058, 9.16028
9.35163, 9.0545, 7.63567, 6.85783, 5.29237, 5.43304, 6.0023, 5.87539, 6.77526, 6.5306, 6.10093, 6.28345, 7.5888, 10, 9.30501, 8.59308, 8.02294, 7.01361, 7.03462, 8.21767, 8.51331, 8.32303, 6.48733, 3.46163, 2.87404, 3.05994, 3.60561, 4.03494, 5.22306, 7.38482
9.3252, 9.11288, 7.63522, 6.68633, 5.27434, 6.75707, 6.53771, 6.55758, 8.42535, 9.97803, 10, 9.35002, 8.93688, 8.01876, 7.05755, 7.6538, 8.29041, 8.59805, 6.97693, 6.32391, 4.20198, 3.11143, 2.52711, 2.93036, 3.49198, 3.63318, 3.68328, 4.55817, 7.93673
9.08112, 8.8206, 7.38573, 6.7653, 5.27948, 6.71866, 6.46858, 6.16715, 6.44586, 7.8959, 10, 9.16489, 8.42057, 7.69661, 7.07393, 7.26728, 8.21514, 8.63062, 6.95139, 3.52352, 2.94805, 3.20892, 3.52239, 3.77025, 3.75257, 4.61915, 5.36252, 7.50338, 8.87823
9.0807, 8.78794, 7.77756, 6.644, 5.34994, 6.64833, 6.23161, 7.9438, 10, 9.16846, 9.07506, 8.36249, 7.57303, 6.85949, 7.28829, 8.05901, 8.35872, 6.3278, 2.71708, 3.85338, 3.8621, 4.43275, 7.74867
9.32425, 8.88216, 8.18372, 6.49612, 5.20779, 6.46166, 6.80335, 6.42969, 7.98529, 9.98394, 10, 9.07166, 8.34951, 7.7815, 5.83797, 5.77551, 6.95739, 7.12343, 8.19204, 8.55759, 6.36861, 3.02724, 2.44273, 3.06478, 3.63203, 3.64704, 4.23239, 7.42969
9.33684, 8.91156, 7.36231, 6.51115, 5.41395, 6.8611, 6.31716, 6.94293, 8.07796, 10, 9.30934, 8.23184, 5.62235, 6.03896, 7.05633, 8.13727, 8.52716, 6.77829, 3.43123, 2.8095, 3.6535, 3.85349, 3.84275, 4.7613, 6.27823, 7.54414
9.32086, 8.90452, 7.47759, 6.4657, 5.39249, 6.86676, 7.21087, 6.831, 7.64464, 10, 9.25033, 8.00172, 7.51593, 7.15325, 5.94321, 6.16193, 7.24304, 7.5436, 8.37953, 8.64154, 7.11622, 3.63512, 2.98422, 3.24453, 3.79125, 3.74434, 4.71771, 5.20715, 7.65194, 9.13356
9.12506, 8.76991, 7.39863, 6.57957, 4.99265, 6.08549, 5.44094, 8.92557, 9.75587, 10, 9.79273, 8.62393, 6.83765, 6.14929, 4.85647, 6.08184, 7.3966, 7.83445, 7.93038, 7.3404, 5.19627, 3.95775, 2.64893, 2.31682, 3.90536, 4.23575, 4.16116, 4.8479, 7.98094
9.35984, 8.79403, 7.16356, 5.74926, 7.24655, 7.33826, 7.01415, 8.97466, 10, 9.97648, 9.24741, 8.10086, 6.23979, 6.55908, 7.57314, 8.68883, 9.06002, 7.14532, 4.03461, 3.17786, 3.57664, 4.08334, 3.83479, 4.84974, 7.26139
9.4917, 9.08473, 7.20995, 5.65878, 7.3459, 10, 9.3278, 9.55614, 8.23271, 6.28083, 6.73612, 8.57325, 8.90701, 7.16639, 3.57564, 2.88773, 3.67238, 4.02383, 3.83405, 4.52076, 7.71097, 9.28691
9.60191, 8.97349, 8.24277, 7.03864, 6.12812, 7.46251, 7.29354, 6.96007, 7.24608, 8.13676, 10, 9.44482, 8.727, 6.36161, 6.67509, 7.58714, 8.6322, 8.85268, 6.93285, 3.47029, 2.78826, 4.10626, 4.00167, 4.67491, 8.04734
9.3822, 8.88764, 7.90965, 6.78268, 5.99956, 6.84936, 7.44518, 6.80274, 7.89048, 10, 9.49389, 8.98983, 9.16633, 8.56916, 8.21555, 6.23457, 6.3279, 7.23193, 8.50494, 8.8763, 7.04487, 3.62103, 2.9736, 3.51449, 3.68465, 3.6243, 4.26869, 5.99756, 7.08695
9.46768, 8.97917, 8.09075, 7.05589, 6.44268, 6.57884, 7.57192, 7.07129, 6.74394, 7.20087, 7.74701, 9.98941, 10, 9.35918, 9.57382, 8.7025, 7.71236, 7.74369, 7.42175, 6.18747, 6.67539, 8.80766, 9.07914, 8.85755, 7.02916, 3.77487, 3.12946, 3.50624, 3.94455, 4.58865, 7.58439
9.33986, 8.67786, 7.82664, 7.15691, 5.97969, 6.1966, 7.26601, 6.80298, 6.27403, 8.70964, 8.94842, 10, 8.84941, 9.12165, 8.61096, 8.28825, 7.57712, 8.45318, 8.70944, 6.7627, 3.92892, 3.30957, 3.88101, 3.78852, 3.84322, 4.46193, 7.12364
9.89414, 9.75708, 8.64238, 7.98264, 7.02629, 8.23444, 8.14638, 7.43974, 10, 9.83089, 9.84962, 9.41838, 8.73537, 7.15953, 6.61211, 7.64115, 9.07159, 9.74854, 7.86833, 4.55363, 3.87824, 3.97881, 3.68661, 4.12167, 4.16861, 4.25438, 4.94096, 5.923, 6.95082, 7.91988, 9.61672
9.6521, 7.29682, 4.30226, 4.45742, 4.21155, 3.82073, 4.06177, 4.23549, 4.88327, 7.50197, 9.19397, 9.64943, 9.70798, 8.90753, 8.22681, 6.77547, 8.07422, 8.02208, 7.31893, 7.68018, 9.4874, 9.83403, 10, 9.58318, 7.89376, 7.46576, 6.56096, 6.80987, 8.00355, 9.00384
9.19617, 8.9824, 8.22914, 7.64888, 6.40554, 6.99467, 7.41863, 6.93778, 6.40022, 10, 9.58185, 8.99328, 8.55297, 7.49504, 6.83573, 5.78516, 6.3892, 7.51045, 8.60283, 8.87657, 8.66406, 6.63703, 4.40706, 3.81096, 4.03755, 4.38663, 4.06264, 4.98415, 5.63142, 7.48383
9.2941, 8.6329, 7.50249, 5.9367, 6.80871, 6.96969, 6.11335, 7.93808, 9.06009, 9.99005, 10, 9.15505, 8.73899, 8.46321, 8.15379, 5.31001, 6.64826, 8.15512, 8.26225, 6.6009, 4.93461, 4.01848, 3.4526, 3.64329, 4.05184, 3.81443, 4.65774, 5.13771, 7.73393, 9.17557
8.97648, 8.59161, 7.95828, 6.96188, 6.42424, 5.50845, 4.92769, 5.24549, 5.09859, 5.88089, 6.23578, 5.56728, 8.72717, 9.9197, 10, 8.6691, 6.90553, 4.57261, 5.7143, 7.22866, 8.02698, 8.14506, 7.47342, 4.73312, 2.68268, 2.36387, 3.03203, 3.89987, 3.81932, 4.11325, 4.57902, 6.38269, 7.46165
9.15175, 8.1124, 7.46602, 7.19313, 6.95286, 6.23758, 5.64121, 6.58112, 6.67295, 6.25439, 7.39371, 8.04673, 9.12371, 10, 9.01543, 8.29985, 7.71854, 6.70079, 6.1941, 5.12934, 6.22942, 7.96541, 8.19377, 8.24383, 8.01015, 6.12177, 4.2082, 3.25017, 3.59231, 3.29256, 3.97791, 4.06902, 3.80881, 4.77682, 7.72877
9.25913, 8.333, 7.3449, 5.70878, 6.47266, 6.79503, 6.7486, 5.96022, 9.11357, 10, 8.99414, 9.24746, 8.78076, 8.51357, 7.69016, 6.81011, 6.40831, 5.16014, 5.91578, 6.65914, 8.11234, 8.18818, 6.28224, 4.32517, 3.35156, 3.55734, 3.94467, 4.14564, 5.02095, 6.09624, 7.36899, 7.95089, 9.10275
8.8436, 8.15162, 7.25229, 6.16683, 5.4847, 6.01464, 6.73464, 5.84025, 8.93996, 10, 8.89233, 8.97481, 8.39927, 6.47878, 5.02145, 5.63759, 6.7335, 8.02738, 8.06316, 7.57247, 5.39999, 3.93689, 3.26377, 3.97035, 3.75641, 4.55012, 4.86979, 7.6426, 8.75741
9.10995, 8.53207, 7.58328, 6.63661, 5.74057, 6.97022, 6.22989, 5.91907, 5.96037, 8.64984, 9.96811, 10, 9.15486, 9.22882, 8.59264, 5.24681, 6.08759, 8.05319, 8.3225, 8.30446, 6.68241, 4.11729, 3.27745, 3.71722, 4.2063, 3.95067, 4.94601, 7.47808, 8.67442
9.59194, 9.17328, 8.11872, 6.81942, 6.14588, 7.05638, 6.62897, 6.2162, 6.98028, 9.83254, 10, 9.68861, 9.98049, 9.30131, 6.75941, 6.30469, 5.55454, 5.95546, 6.88013, 8.22973, 8.54522, 6.42237, 4.2938, 3.72207, 3.94985, 3.68479, 4.00492, 4.50766, 4.30528, 5.87961, 6.86005, 7.83876
9.32037, 9.01922, 8.09373, 8.31838, 7.98605, 6.3205, 7.09175, 7.24451, 6.91085, 6.92887, 9.5327, 10, 9.64047, 9.88478, 9.88187, 9.43263, 8.67452, 7.38193, 5.84084, 6.77204, 8.41548, 9.07565, 7.15835, 4.15692, 4.37307, 3.9689, 4.49457, 4.38546, 5.00228, 6.45564, 7.53984
9.3595, 9.0439, 8.41759, 7.64291, 6.30539, 7.39772, 6.99701, 6.28521, 9.69645, 10, 9.96121, 9.76539, 9.35581, 7.87167, 6.59846, 5.35813, 6.46352, 7.34619, 7.72038, 8.68194, 9.17869, 9.02746, 6.93704, 3.99781, 3.81727, 4.34521, 4.16566, 5.0806, 7.49249
9.44249, 9.16295, 8.21732, 7.64043, 6.16115, 6.98146, 6.70872, 5.9122, 8.49683, 8.69527, 9.87757, 10, 9.53936, 9.87729, 9.67487, 8.82503, 7.92336, 7.25255, 6.54452, 5.48002, 6.59164, 8.14277, 8.86912, 8.71951, 7.12863, 4.65665, 4.11696, 4.47982, 4.26264, 4.58721, 6.11954, 7.15023, 7.74097
9.2283, 8.93497, 8.23651, 7.54719, 5.79278, 7.10947, 6.71678, 6.4758, 8.55835, 8.7692, 9.9358, 10, 9.50701, 9.24872, 8.8058, 8.39619, 7.78647, 7.00689, 5.60965, 6.57262, 7.50718, 8.38031, 8.90708, 8.74861, 7.1165, 4.41714, 3.85545, 4.58118, 4.31257, 4.92851, 6.26697, 7.69358
9.255, 8.55827, 7.84789, 7.17857, 5.94632, 6.11011, 7.17612, 6.68693, 6.42298, 10, 9.26535, 9.52651, 8.95647, 6.97463, 5.65357, 6.46963, 6.91654, 8.42316, 8.91915, 7.13723, 3.58146, 2.98001, 3.53409, 4.23523, 4.17063, 4.95011, 7.5198
8.93923, 8.55475, 7.16847, 6.53377, 4.91285, 5.68422, 6.27737, 5.90625, 6.79133, 7.9769, 8.47272, 10, 9.92883, 8.6477, 8.13161, 4.55554, 5.40378, 7.89916, 8.17231, 7.67979, 5.44488, 2.79523, 2.33698, 2.84435, 3.64565, 3.71036, 4.41167, 7.73362, 8.80566
9.04064, 8.3511, 7.5325, 6.74967, 5.70978, 5.87344, 6.94989, 6.63101, 6.72663, 8.10902, 10, 9.33267, 8.63063, 7.37573, 8.33444, 8.77089, 6.69725, 3.49046, 2.85388, 3.86306, 4.25838, 4.22604, 5.04123, 7.52166
9.38184, 8.38201, 7.60534, 6.69673, 5.63671, 7.09336, 6.68556, 8.50664, 8.96762, 10, 9.99156, 9.05712, 8.23298, 7.34548, 7.39657, 8.58253, 8.80278, 6.93705, 3.56425, 2.90229, 3.86511, 4.41117, 4.31847, 5.16461, 7.3871
9.1933, 8.38236, 8.05301, 6.76255, 5.8295, 5.95809, 6.82158, 7.25322, 6.78122, 8.27226, 10, 8.87839, 7.96655, 5.58662, 6.19485, 6.96761, 7.3167, 8.53192, 8.89015, 7.01291, 2.80596, 3.66277, 4.40368, 5.04373, 5.87864, 7.13629
9.09544, 8.06338, 7.23873, 6.69058, 5.96927, 5.25492, 6.80483, 6.57814, 8.34234, 9.01521, 10, 9.08808, 8.81982, 7.71994, 5.55595, 5.98602, 6.96083, 7.25536, 8.21421, 8.62544, 6.80068, 3.17882, 2.53047, 3.80893, 4.16788, 4.02714, 5.32522, 7.39574
9.0868, 8.36184, 7.54704, 7.08939, 5.11305, 6.60213, 6.85125, 7.14439, 9.00992, 10, 8.90195, 7.92744, 5.6859, 6.16666, 7.20837, 7.68304, 8.37269, 8.76125, 6.37575, 3.72985, 2.89211, 3.58756, 4.23019, 4.1971, 4.85346, 7.32018
9.04663, 9.10524, 8.40685, 7.67428, 7.81385, 6.82331, 5.78912, 6.78358, 6.87759, 8.52051, 8.9843, 10, 8.90014, 8.33812, 7.11395, 8.47386, 8.80484, 8.59126, 6.73258, 3.97233, 2.9892, 3.73809, 3.77945, 3.42621, 4.28162, 4.94271, 7.55445
9.51077, 9.07034, 8.15869, 6.37194, 6.97304, 6.88048, 7.45184, 8.67401, 9.734, 10, 9.56241, 9.53091, 9.06726, 6.21802, 8.18349, 8.52751, 9.06206, 7.11227, 4.27965, 3.60622, 4.61011, 4.75844, 5.44973, 7.66888, 9.29309
9.49163, 9.09573, 8.32996, 7.60531, 6.25714, 7.26029, 7.00646, 6.82645, 9.96549, 10, 9.57391, 9.2926, 8.27069, 7.51177, 6.46927, 6.6938, 8.58792, 9.12544, 6.90096, 4.13492, 3.47213, 4.15021, 4.28863, 4.20116, 5.24922, 7.40867
9.44526, 9.09735, 8.38137, 7.81517, 6.19924, 7.69975, 7.31823, 6.74368, 10, 9.8557, 9.43609, 8.57122, 6.96261, 6.22, 7.42933, 8.85398, 9.44831, 7.23203, 3.8731, 3.1869, 3.99939, 4.4186, 4.3348, 5.0398, 7.55915, 9.21142
9.52706, 8.744, 8.14683, 7.59393, 6.01983, 6.96295, 7.30846, 7.12784, 6.60655, 10, 9.67562, 9.39938, 9.06298, 8.37549, 7.00457, 6.22354, 6.68693, 8.65546, 9.22791, 7.29471, 3.12006, 3.89545, 3.98014, 4.57302, 4.58545, 5.2684, 7.58329, 9.18696
9.01022, 8.1727, 6.96925, 6.41686, 5.55436, 5.25371, 5.83201, 6.42108, 6.10598, 8.72282, 9.92723, 10, 9.11825, 8.40483, 8.16936, 6.91418, 6.20246, 5.62905, 4.55425, 5.11983, 8.19107, 8.33972, 7.66832, 5.47478, 3.86723, 2.96494, 2.49845, 3.66339, 3.6851, 4.40349, 7.47586
9.49417, 8.5648, 7.66046, 6.2637, 7.22926, 7.18603, 9.87798, 9.9019, 9.35163, 10, 9.56482, 7.34427, 7.44709, 7.18256, 8.7996, 9.15042, 7.58681, 6.52377, 3.92018, 3.26115, 4.01251, 4.36014, 4.09017, 5.09699, 5.88085, 6.40503, 7.45331, 9.29731
9.42582, 8.81731, 8.44527, 7.99947, 7.21861, 5.93166, 5.99744, 7.41057, 6.74642, 6.35876, 7.47533, 9.65992, 10, 9.60538, 7.99066, 7.53315, 6.74402, 5.60077, 6.19108, 7.57506, 8.40368, 8.85555, 8.62536, 6.73358, 4.51083, 3.33418, 4.3208, 4.65745, 4.61227, 5.25537, 7.86977
9.21253, 8.39454, 7.2946, 6.03431, 7.38651, 6.85169, 6.69863, 7.69682, 8.95518, 9.39202, 9.19796, 10, 9.52249, 8.36021, 7.81059, 7.47171, 7.38628, 5.78198, 6.79539, 8.44316, 8.97926, 6.73568, 4.28762, 3.50555, 4.53586, 4.39139, 6.41963, 7.56388
9.34474, 8.7721, 8.48256, 7.6666, 6.44842, 6.50926, 7.30332, 9.71103, 9.31934, 10, 9.58215, 8.63871, 8.60739, 8.54229, 8.98238, 8.74704, 6.61539, 4.40528, 3.21428, 4.13055, 4.45579, 4.52501, 5.18166, 6.77483, 7.46032
9.79687, 8.98264, 8.24454, 7.86553, 6.22321, 6.34618, 7.46115, 7.4442, 6.8883, 10, 9.84649, 9.35385, 8.66894, 7.68396, 8.5874, 8.85235, 6.93396, 4.35213, 3.14217, 3.84479, 3.58371, 4.35546, 4.5455, 5.2265, 7.89879
9.85587, 9.17614, 8.40226, 7.45443, 6.36989, 7.65863, 7.26188, 6.72338, 9.84389, 9.89942, 10, 9.79314, 8.57413, 8.03775, 7.23199, 6.51858, 7.20026, 8.59544, 9.1527, 7.24055, 4.32558, 3.65215, 4.17254, 4.48236, 5.55735, 7.74335, 9.64849
9.4994, 9.20883, 8.29037, 6.22976, 7.80056, 7.31191, 6.74304, 9.45453, 9.63867, 10, 9.75061, 8.73084, 7.33286, 6.13758, 6.95885, 8.7233, 9.27439, 7.16128, 4.57799, 3.9329, 4.2079, 4.59718, 4.47304, 5.17452, 6.32417, 7.49548, 9.14108
9.33737, 9.06445, 8.41584, 8.11923, 6.41894, 7.52765, 7.30833, 6.85721, 7.95282, 9.18449, 9.61585, 10, 9.8443, 8.37864, 7.6811, 5.96998, 6.19615, 7.15641, 8.53215, 9.23521, 7.138, 5.22583, 4.68244, 3.82146, 4.09652, 4.2768, 4.59537, 5.28334, 6.3545, 7.23153
9.20699, 7.18119, 4.3435, 3.48603, 4.24152, 4.31287, 4.99496, 7.0059, 9.04029, 8.85512, 8.5419, 6.66448, 7.52921, 7.50488, 6.77687, 8.81689, 9.45816, 9.9173, 10, 7.75069, 7.53621, 5.89485, 7.39576, 7.64276, 8.53045
8.75141, 6.83553, 4.27788, 3.73527, 4.16362, 4.06849, 4.9218, 5.51414, 6.89078, 8.54649, 8.84053, 8.86441, 8.31444, 8.0026, 6.34963, 7.09794, 7.07695, 6.55143, 8.17365, 9.22378, 9.29485, 9.80165, 10, 9.19016, 7.72778, 7.31411, 6.69583, 5.61924, 6.39814, 7.94458
8.90523, 8.31957, 7.02732, 6.31014, 5.00399, 5.7517, 5.90311, 6.37961, 5.86966, 7.51648, 9.77378, 10, 9.05812, 8.60654, 7.04241, 4.86135, 5.0463, 8.05645, 8.19403, 7.52307, 5.34472, 3.75354, 3.00978, 2.54881, 3.70033, 3.70272, 4.41343, 7.68868, 8.77262
9.12528, 9.11024, 8.46741, 7.91676, 6.17029, 7.2117, 7.20885, 6.63633, 8.75007, 9.90119, 10, 9.46147, 8.14134, 7.61616, 5.62893, 7.13665, 8.10891, 8.8688, 8.69125, 7.3369, 5.68273, 4.20833, 3.61774, 4.44331, 4.18607, 5.04078, 6.98101
9.68962, 8.80131, 8.33262, 7.68864, 6.38204, 7.15032, 6.8737, 6.70653, 9.28755, 9.52508, 10, 9.9411, 9.27584, 7.16502, 6.78754, 5.4773, 6.43977, 8.25854, 8.81863, 6.72675, 4.3717, 3.74641, 4.15158, 4.44466, 4.39546, 5.06104, 6.11108, 7.59532
9.66588, 9.00622, 8.35342, 7.52773, 6.08035, 7.06731, 10, 9.7498, 9.35838, 5.80383, 5.8625, 5.61483, 6.32119, 8.39676, 8.75846, 6.58424, 5.53003, 4.38722, 4.73831, 5.57678, 6.6479, 7.92546
9.57368, 8.85453, 7.44665, 7.06109, 5.95203, 5.89632, 6.60576, 6.95607, 6.11074, 6.98675, 8.99316, 10, 9.22245, 9.11537, 8.76136, 8.06596, 7.26733, 5.55785, 5.67213, 5.0629, 7.49129, 8.76316, 8.83405, 8.57454, 6.60749, 5.22841, 4.30716, 3.87249, 4.41338, 4.57937, 5.4756, 5.69593, 7.66455
9.42097, 9.47457, 8.28913, 6.67348, 5.54955, 6.11555, 6.32489, 6.86753, 6.1003, 8.01014, 10, 9.17379, 8.35888, 6.15673, 6.14493, 5.45743, 7.61777, 8.17781, 8.22236, 5.95218, 4.37284, 3.69932, 4.29888, 4.42866, 5.30189, 6.02096, 7.62781
9.0225, 8.20013, 7.84025, 6.64488, 5.81219, 5.78133, 6.49333, 6.75043, 6.28176, 7.27602, 8.72915, 10, 9.98349, 9.37883, 9.38213, 8.51457, 7.45544, 6.67951, 5.04802, 6.72833, 8.58018, 8.63051, 7.95444, 6.46638, 4.78612, 3.40447, 3.22783, 4.09937, 4.08862, 5.05432, 7.55491, 8.79701
9.07919, 8.20044, 7.82156, 7.04995, 5.7869, 6.53097, 7.08358, 6.15058, 7.98347, 10, 9.42833, 8.4566, 7.10096, 6.84185, 5.76094, 5.06961, 6.46055, 8.61581, 8.75885, 8.22537, 6.75372, 4.23603, 3.33201, 3.98551, 3.9533, 4.54907, 6.08379, 7.46906
9.09512, 8.2702, 7.60484, 6.97594, 5.73055, 7.03403, 6.18076, 6.97939, 10, 9.17811, 8.70611, 7.28838, 6.48404, 5.07316, 6.59601, 8.38454, 8.65867, 6.52286, 4.04305, 3.44728, 4.2945, 3.88654, 4.79165, 5.13964, 7.21378
9.36666, 8.66995, 8.0867, 7.63548, 5.83941, 7.03638, 7.34858, 6.86446, 6.38327, 9.89044, 10, 9.43684, 9.72537, 9.3504, 7.91845, 6.5943, 5.50976, 6.54607, 8.8265, 9.128, 8.91955, 6.8586, 4.33756, 3.72949, 4.24024, 4.40037, 4.40546, 5.03596, 7.37165
9.23086, 8.77158, 8.00382, 7.67569, 6.16333, 7.13292, 6.76192, 6.24712, 9.70152, 10, 9.61627, 9.13337, 8.03078, 6.73182, 5.34133, 5.74153, 6.3884, 8.72583, 9.03493, 7.00827, 4.21911, 3.62293, 4.02985, 4.39283, 4.17656, 5.29259, 6.24799, 7.5061, 8.94912
9.08031, 8.66142, 6.94336, 6.33019, 4.86436, 6.03714, 6.22994, 5.74511, 10, 9.93332, 8.53157, 8.02844, 7.00536, 7.00647, 6.20719, 4.56157, 5.04218, 5.37027, 7.67313, 7.83498, 7.49041, 5.48415, 4.21584, 3.03158, 2.57357, 3.06912, 3.70107, 3.86303, 4.33072, 5.23927, 7.54999
9.17772, 8.69048, 7.9109, 7.44899, 6.06494, 6.27378, 7.14817, 6.86296, 6.266, 9.94098, 10, 9.45653, 9.20736, 8.73952, 7.51777, 6.89752, 6.07084, 6.22303, 5.36354, 7.25613, 8.32616, 9.01031, 7.33168, 4.2724, 3.70285, 4.50006, 4.42636, 6.19272, 6.90856, 7.53842, 8.9892
9.43063, 9.14219, 7.82765, 7.0001, 5.99969, 7.2371, 6.88797, 6.34223, 7.66245, 8.53554, 9.87133, 10, 9.32056, 9.68047, 9.12702, 6.79855, 5.59827, 6.31443, 7.0193, 7.49658, 8.54787, 9.12805, 7.46937, 4.41105, 3.84405, 4.16038, 4.58072, 4.34358, 5.29439, 6.41483, 7.55789
9.18766, 8.82224, 7.90423, 7.21027, 5.83731, 5.98326, 7.18355, 6.92952, 6.16102, 8.5591, 9.93835, 10, 9.26389, 8.90802, 8.22718, 6.95593, 5.63683, 7.35466, 7.77765, 8.32464, 8.97799, 7.15998, 5.44999, 4.96241, 3.96475, 3.37766, 3.95168, 3.73385, 4.34804, 4.30066, 4.91903, 6.16545, 7.2635, 8.99061
9.39228, 8.55753, 7.58878, 6.92529, 5.36236, 6.94253, 9.51451, 9.29229, 10, 9.293, 8.90266, 8.12178, 7.36431, 6.80849, 5.32642, 5.99839, 7.22862, 8.38564, 8.69714, 6.75324, 3.59774, 3.00271, 3.87678, 4.42474, 4.33665, 4.93434, 5.66931, 6.93986, 7.56424
9.04582, 8.06193, 7.50993, 6.28494, 5.07537, 6.06717, 6.38931, 6.25182, 8.8022, 10, 9.78615, 8.77358, 7.97768, 7.05911, 5.25962, 5.68487, 7.29229, 7.39709, 8.29754, 8.63971, 6.4127, 3.93843, 3.11293, 4.04051, 4.48245, 5.48358, 7.57166
8.86058, 7.96783, 7.40854, 6.433, 5.46697, 5.38978, 6.57303, 6.50038, 6.02905, 7.28569, 7.92159, 8.64341, 10, 9.21409, 8.2882, 6.98772, 6.70001, 5.32341, 6.2265, 8.56173, 8.75579, 8.44547, 6.27994, 4.04943, 2.87479, 4.41609, 4.32103, 6.0274, 7.6205, 8.77097
9.04336, 8.00155, 7.42874, 6.44699, 5.1605, 6.64356, 6.72357, 5.91377, 6.60515, 6.75236, 8.49716, 10, 9.98767, 9.24794, 9.0786, 8.03063, 7.36485, 7.13257, 6.42511, 5.37299, 6.233, 7.33791, 8.25437, 8.51322, 6.78272, 5.5209, 4.31402, 3.02708, 4.36843, 4.53396, 6.03266, 6.96473, 7.54983, 8.90764
8.97872, 7.72461, 7.46064, 6.28704, 5.30851, 5.4607, 6.34513, 6.83809, 6.03166, 7.95527, 10, 9.44265, 9.01152, 8.28017, 7.33612, 7.27133, 4.9219, 6.34018, 8.1349, 8.37638, 6.79331, 3.66627, 2.7212, 4.13101, 4.48939, 5.01947, 5.21862, 6.61942, 7.47172, 8.8325
8.89162, 8.42183, 7.57819, 6.68546, 4.91881, 6.31358, 6.92809, 7.50049, 8.49551, 10, 9.12248, 8.54211, 7.11443, 8.23202, 8.70117, 6.90059, 3.52568, 2.53235, 4.09343, 4.34424, 4.22449, 4.78396, 5.27093, 6.23347, 7.16951
8.92052, 8.78406, 7.00257, 2.67773, 4.2665, 4.71411, 4.90542, 4.77605, 5.36998, 6.88659, 8.92356, 8.98465, 8.40526, 7.80058, 7.24951, 5.5923, 5.78289, 6.38833, 6.82625, 8.32658, 9.93103, 10, 9.21563, 8.7457, 7.82757, 7.24422, 7.00034, 5.70927, 7.15631, 8.40742
8.68101, 8.02638, 7.37534, 6.62213, 4.97073, 5.02549, 6.02097, 5.61328, 5.41933, 6.71284, 7.18928, 10, 9.94442, 8.72207, 8.43235, 7.45467, 6.9822, 6.01487, 5.27693, 6.35427, 6.82345, 7.48188, 7.98133, 7.78146, 6.34238, 3.72792, 3.04693, 3.54991, 3.39275, 3.76606, 3.87988, 3.77642, 4.72089, 6.31194, 6.66628, 7.12466
9.14262, 8.85307, 6.77769, 5.09151, 5.133, 5.51922, 6.16862, 5.7884, 9.83504, 10, 8.75609, 8.12226, 6.99711, 6.41113, 6.02856, 4.89723, 5.42756, 6.61223, 7.76424, 7.93731, 7.44724, 5.42378, 4.14647, 2.95927, 2.49655, 3.00997, 2.98396, 3.63632, 3.80164, 4.51312, 6.23142, 6.66064, 7.49158, 8.98554
9.0911, 8.66289, 8.10181, 7.32145, 5.92764, 6.34352, 6.24758, 7.01476, 7.78863, 10, 9.2315, 9.24615, 8.69282, 7.8029, 7.10645, 6.8676, 5.51982, 6.47795, 7.49264, 7.96319, 7.93725, 6.15272, 5.33809, 4.34249, 2.74102, 2.0324, 5.46237, 5.60949, 6.18932, 7.13043
9.19403, 8.91454, 8.07652, 6.41839, 5.89245, 4.96959, 4.98641, 5.8441, 6.12611, 5.70098, 6.11511, 7.21213, 7.68795, 9.8927, 10, 8.58174, 7.61214, 7.13921, 6.99973, 6.52555, 5.66707, 4.8253, 5.2344, 6.88719, 7.59831, 7.85385, 7.46459, 5.46757, 4.03431, 3.11277, 2.66497, 3.48988, 3.66356, 3.71012, 4.41696, 7.5572, 9.0427
9.31313, 8.65893, 6.40278, 5.40057, 4.71309, 6.31094, 10, 9.94039, 8.71392, 7.05969, 6.58002, 5.32379, 4.31911, 4.73169, 5.77082, 6.70243, 7.57805, 7.92104, 7.54682, 6.22039, 4.39471, 3.06733, 2.62516, 3.44929, 3.71433, 4.56043, 7.8487, 9.17192
9.29436, 8.77962, 7.2137, 5.70975, 4.70184, 6.34282, 5.98832, 5.83701, 6.1259, 8.99347, 9.92224, 10, 9.62811, 8.42573, 7.25048, 6.76893, 6.77418, 5.30488, 4.60332, 5.71795, 7.94368, 8.15638, 7.90829, 6.32137, 4.86779, 2.99919, 2.43174, 2.8208, 3.62059, 3.50558, 3.77098, 4.24574, 7.50407
9.19268, 8.88012, 7.84047, 6.30003, 4.81343, 4.87587, 5.98141, 6.30604, 6.51072, 8.50545, 9.94719, 10, 9.06037, 8.4178, 7.00923, 7.00676, 6.41813, 5.74915, 4.92663, 4.59214, 5.50088, 7.93365, 8.0923, 7.91373, 6.31271, 4.81097, 3.05325, 2.34152, 2.63871, 3.14298, 3.40821, 3.45132, 4.52546, 7.61891
9.40145, 8.95546, 7.92058, 6.48565, 4.82587, 6.14599, 6.46339, 6.15677, 8.95743, 9.89191, 10, 9.25476, 8.84292, 8.34456, 5.41473, 4.77375, 5.00861, 7.92724, 8.04298, 6.40144, 5.24595, 3.05612, 2.5693, 2.97786, 3.29253, 3.69631, 3.77319, 4.89243, 7.87007
9.1747, 8.87532, 6.86633, 6.26601, 4.84504, 5.11874, 6.16334, 6.47651, 5.87157, 7.7721, 10, 9.60996, 8.68879, 6.85294, 4.71951, 5.1941, 7.91595, 8.2408, 7.83181, 6.44731, 4.46609, 2.96676, 2.24389, 3.25325, 3.60219, 3.54694, 4.25826, 7.52114
9.12981, 8.77938, 7.93591, 6.40916, 4.98374, 5.78569, 6.4284, 10, 9.69343, 8.78994, 8.19054, 7.57643, 7.04803, 6.91951, 6.32482, 5.76592, 4.63012, 5.03582, 7.84643, 8.18393, 7.77814, 6.39819, 5.09944, 2.77144, 2.28894, 3.04676, 3.48981, 3.7131, 3.59836, 4.32128, 7.70393
9.13433, 8.83393, 7.72091, 6.65469, 5.05382, 6.12217, 6.42648, 6.30094, 9.926, 10, 9.7295, 8.8548, 8.08369, 6.84366, 6.35973, 4.77718, 5.23932, 7.93589, 8.20709, 6.51012, 3.91349, 2.83291, 2.22786, 2.84731, 3.41798, 3.76819, 3.7253, 4.45078, 7.69753
9.09181, 8.81224, 7.40208, 6.43264, 5.15445, 5.20415, 6.2877, 6.46071, 9.89885, 10, 9.73954, 8.56694, 4.91952, 5.34506, 7.94159, 8.22577, 6.51443, 4.26787, 2.90237, 2.41137, 3.00561, 3.9203, 3.95447, 4.54841, 7.71785, 8.85925
8.67093, 8.32151, 7.50079, 7.16064, 5.17563, 5.25862, 6.07443, 5.772, 5.46019, 6.95939, 7.61531, 10, 9.85293, 8.96814, 8.25725, 7.76846, 7.2847, 6.46129, 4.91873, 6.08891, 6.56791, 7.78765, 8.17898, 8.04369, 6.51596, 3.51938, 3.05098, 4.05073, 3.85968, 4.58326, 5.98673, 7.1554
8.91828, 8.62587, 8.22493, 8.07967, 6.55145, 5.00244, 5.06105, 6.14662, 6.39038, 6.15425, 6.57413, 9.89061, 10, 9.25001, 8.62281, 8.13752, 8.39973, 6.69069, 3.46947, 2.48245, 2.88941, 3.63753, 4.05195, 4.04786, 4.53629, 7.60515, 8.75681
8.83879, 8.53263, 7.38528, 6.91466, 5.19817, 6.39242, 6.29631, 6.94726, 9.88914, 10, 9.75552, 8.80607, 7.10141, 6.3943, 5.60233, 5.0153, 5.55888, 8.21065, 8.47722, 6.76221, 4.97327, 2.5381, 3.05331, 3.24179, 3.64925, 3.94076, 3.84226, 4.09784, 4.58754, 7.35809
8.83446, 8.58097, 7.40057, 6.85753, 5.16363, 5.23384, 6.28373, 10, 9.24957, 8.86708, 8.41266, 7.9023, 7.03225, 6.43792, 4.99715, 5.45194, 7.96496, 8.22827, 6.52307, 2.73653, 2.36569, 3.00856, 3.64823, 3.91152, 3.93124, 4.65974, 6.10196, 7.12568, 8.66614
8.90119, 8.66941, 7.33325, 6.46794, 5.22368, 5.34864, 6.37216, 6.32796, 7.81381, 9.87352, 10, 9.74969, 8.83223, 7.06965, 6.58083, 5.09872, 5.80645, 8.26318, 8.45129, 8.18734, 6.78618, 5.85512, 3.21178, 2.3543, 3.0453, 3.63493, 3.93768, 3.98507, 4.71944, 6.16641, 7.34985
8.99593, 8.66207, 7.26291, 6.84056, 5.21693, 5.32055, 5.99055, 6.29581, 6.05193, 6.69091, 9.89703, 10, 9.63411, 8.81676, 8.31272, 7.04522, 6.44787, 5.00781, 5.60596, 8.21553, 8.37813, 8.10752, 6.70853, 5.25163, 2.75337, 2.37749, 2.66792, 3.79101, 3.92137, 3.78828, 4.64461, 7.45093
9.11201, 8.68578, 6.90072, 5.03385, 5.92821, 6.21071, 6.15319, 7.54926, 9.89886, 10, 9.23832, 8.44393, 6.92616, 6.44454, 4.98073, 5.50981, 8.10522, 8.26143, 7.99099, 6.3704, 5.30334, 3.1462, 2.44957, 2.86798, 3.81224, 3.83924, 3.72237, 4.44548, 7.4959
9.07921, 8.80673, 7.81122, 6.49687, 4.85874, 5.89781, 6.26097, 5.91621, 6.63149, 10, 9.9095, 8.71584, 7.92245, 6.94867, 6.25123, 4.95183, 5.37154, 7.90183, 8.1053, 6.19208, 2.33762, 2.62483, 3.24926, 3.65905, 3.53049, 4.23282, 7.63951
9.38379, 9.14105, 6.15727, 5.39061, 4.8022, 4.8498, 6.1468, 6.26501, 9.95378, 10, 9.16464, 8.75579, 8.29828, 4.88805, 5.7118, 7.82069, 7.97245, 7.70808, 6.12328, 4.41365, 2.73543, 2.14035, 2.81549, 3.2471, 3.26834, 4.08768, 7.88078
9.29429, 9.03588, 6.30026, 4.81335, 4.8661, 6.11682, 6.29044, 10, 9.60189, 8.70521, 8.19962, 6.81965, 6.23657, 4.78055, 5.09739, 7.68624, 7.92315, 6.40709, 5.13366, 2.94863, 2.24593, 2.67852, 3.48114, 3.49001, 4.19866, 4.21807, 5.22374, 7.80019, 9.13778
9.32785, 8.98645, 6.36195, 4.9333, 4.96485, 6.2256, 6.45866, 6.20212, 9.93116, 10, 9.65254, 8.81502, 8.30374, 6.90757, 6.204, 4.85665, 5.30842, 7.86444, 8.15155, 7.75862, 6.39393, 2.75451, 2.26941, 2.70678, 3.43116, 3.65458, 3.60437, 4.28855, 6.0415, 7.50576
8.70066, 8.28799, 7.57817, 7.17448, 5.9695, 5.22674, 5.10306, 6.00803, 5.66131, 5.39494, 9.77555, 10, 8.9002, 8.60782, 5.86754, 5.26217, 5.90787, 7.74335, 8.10645, 6.57866, 5.21585, 4.70343, 3.79466, 3.32454, 4.03117, 3.82241, 4.54656, 6.20908, 6.6883, 7.15244, 8.53356
9.19127, 8.85173, 7.89425, 6.0676, 5.06206, 4.92789, 6.16493, 6.39775, 6.40152, 9.72236, 10, 9.61028, 8.84197, 8.06701, 5.74229, 5.14065, 5.10554, 8.09954, 8.31474, 8.14489, 6.62044, 5.15299, 2.73193, 2.71066, 2.11398, 3.02911, 3.4948, 3.66406, 3.66261, 4.25748, 7.52485, 9.04004
9.236, 8.93114, 8.31756, 6.06722, 4.84521, 5.08291, 6.10896, 6.49188, 6.29451, 8.37914, 10, 9.5512, 8.74506, 8.11242, 6.88033, 6.28964, 5.69384, 4.89369, 5.16877, 8.04425, 8.28528, 8.04558, 6.46337, 5.54086, 2.77586, 2.18452, 3.30214, 3.15793, 3.73, 3.71364, 4.30367, 7.73873, 9.08692
9.22564, 8.58694, 6.99106, 6.94479, 6.17789, 4.8073, 6.22557, 6.34804, 5.92917, 6.31955, 7.24968, 7.90503, 10, 9.45883, 8.77275, 8.14581, 7.38409, 6.89818, 6.79193, 5.82701, 4.96097, 6.75569, 7.9419, 8.22216, 7.99697, 6.65286, 5.08412, 3.12637, 2.4048, 3.57331, 3.7639, 3.72704, 4.20874, 7.6747
9.2681, 8.8089, 7.07193, 6.37834, 5.328, 4.94391, 4.93511, 5.90803, 6.35843, 5.96357, 7.82559, 9.87714, 10, 9.5255, 8.81526, 7.28715, 7.0418, 6.3312, 4.85839, 5.33922, 7.95984, 8.25244, 8.02927, 6.67861, 5.09258, 3.53076, 2.37288, 3.02567, 3.86926, 3.84399, 4.42928, 7.37957, 8.09324
9.05744, 8.60992, 7.53066, 6.93661, 6.91891, 6.1789, 4.85799, 4.87432, 6.11693, 6.27995, 10, 9.44212, 8.73669, 8.40822, 7.35725, 7.20749, 5.74788, 7.64241, 7.98582, 7.84109, 6.29249, 2.62191, 3.65658, 3.85463, 3.82422, 4.30284, 7.19705, 7.73721
9.07423, 8.57269, 6.73099, 5.73325, 5.0217, 5.0125, 6.006, 6.41294, 6.09987, 7.81743, 9.68814, 10, 8.80566, 8.02734, 5.92941, 7.78587, 8.22397, 6.40882, 2.88935, 2.39758, 3.89703, 3.84745, 4.10307, 4.58726, 7.97233
9.1396, 8.69465, 6.69831, 5.97011, 5.07623, 5.0543, 5.83503, 6.38686, 9.60626, 10, 9.93592, 9.11827, 8.31191, 6.24296, 7.7594, 8.06589, 6.6615, 5.5672, 2.88362, 2.39581, 3.58625, 3.43701, 3.93789, 3.81903, 4.61302, 7.74745, 9.02679
9.10121, 8.43259, 7.07957, 6.84033, 5.67467, 4.75418, 6.33221, 6.47932, 5.94788, 6.38326, 9.95369, 10, 9.13356, 8.39461, 5.62629, 7.69263, 8.15742, 6.53749, 2.44413, 3.15606, 3.77991, 4.08108, 4.5488, 6.94412, 7.96646, 9.00558
9.38981, 8.83908, 8.1138, 6.90725, 4.96927, 6.16202, 6.36004, 7.2735, 8.07608, 10, 9.65084, 8.81461, 8.57489, 7.55522, 5.81129, 4.73027, 5.2905, 7.80251, 8.16807, 8.02514, 6.46595, 2.85865, 2.37955, 3.22196, 3.91247, 3.78167, 4.48218, 7.30785, 8.02035
9.2779, 8.8187, 7.377, 6.55948, 5.62605, 4.9, 4.54398, 5.90004, 6.44104, 5.87904, 7.49131, 10, 9.60558, 8.72647, 8.39672, 6.95569, 6.95225, 5.00323, 7.91171, 8.25243, 6.22335, 2.77214, 2.295, 3.53204, 3.65855, 4.35392, 7.69182
8.81058, 8.52666, 7.85207, 7.23698, 5.15923, 6.0387, 5.59697, 5.35321, 5.97497, 9.55824, 10, 9.99853, 8.92463, 8.37186, 6.95208, 5.87552, 5.31037, 6.73839, 7.49162, 7.92424, 7.80903, 6.51704, 5.96536, 4.50174, 3.48164, 3.96926, 4.36857, 4.05079, 4.30661, 5.05088, 7.22333, 8.63853
9.284, 8.89076, 8.20762, 6.76206, 6.48088, 5.71987, 4.76033, 5.93398, 6.474, 5.77719, 8.07829, 10, 9.53637, 8.71162, 8.20671, 5.2568, 4.7014, 4.87255, 7.71829, 8.23047, 6.74656, 5.12198, 2.88822, 2.33183, 3.2815, 3.79, 3.89924, 4.36511, 7.69454, 9.15847
9.2347, 8.8475, 6.07933, 4.74734, 6.17272, 6.33113, 7.25507, 7.8742, 9.53663, 10, 9.459, 8.63319, 8.30294, 7.38398, 7.22137, 5.64135, 4.59241, 4.7931, 7.91659, 8.08947, 6.53229, 5.07883, 2.94948, 2.24045, 3.07836, 3.77605, 3.65946, 4.353, 7.49034, 8.02819, 9.10907
9.22447, 8.78562, 6.81905, 5.96849, 4.82213, 6.06607, 6.34984, 5.65372, 8.82824, 9.71979, 10, 9.61622, 8.71403, 6.73607, 5.27141, 4.65101, 4.99154, 8.01389, 8.35003, 6.85722, 4.69076, 3.30032, 2.44938, 2.87337, 3.8319, 3.765, 4.40772, 7.46064
9.71208, 9.52828, 6.94938, 4.99881, 7.14844, 9.93003, 10, 9.31746, 9.33439, 8.72735, 8.29961, 7.40732, 5.80807, 6.54185, 7.38378, 8.22374, 8.91952, 7.53672, 6.59844, 5.16861, 2.55368, 1.77422, 3.12451, 3.90953, 4.87128, 7.60064, 9.46676
9.6337, 9.42302, 7.21655, 6.68969, 5.31713, 7.12583, 7.03202, 6.67747, 9.9009, 10, 9.36892, 9.43014, 8.92647, 8.33446, 6.08606, 6.14451, 7.31039, 7.73314, 8.29284, 9.0359, 7.15446, 2.87369, 2.24367, 3.42103, 3.84877, 4.00799, 4.96149, 7.9765
9.59365, 9.41418, 7.54539, 6.57348, 5.33357, 6.95302, 6.91328, 6.56528, 8.2484, 10, 9.87586, 9.21922, 9.28048, 8.82549, 8.07641, 7.46103, 7.4119, 5.9944, 6.23195, 7.19663, 8.34865, 8.83706, 6.60803, 3.00817, 2.39315, 3.36383, 3.97842, 3.93734, 4.8753, 7.84271, 9.35512
9.53143, 9.17611, 8.09392, 6.65177, 5.32676, 6.6857, 7.14793, 7.03091, 6.74736, 9.15419, 9.1862, 9.92576, 10, 9.42892, 8.92522, 8.20124, 7.44964, 6.97657, 5.70913, 6.67058, 8.17453, 9.00803, 7.32563, 3.42052, 2.80715, 3.31505, 3.80412, 3.99557, 4.62331, 7.88606
9.57608, 9.42312, 7.53425, 6.58352, 5.53944, 7.04297, 6.90717, 6.57866, 10, 9.42461, 8.88737, 8.09422, 7.48105, 6.76328, 5.73662, 6.58445, 7.0388, 8.07209, 8.69439, 7.014, 3.71818, 3.11856, 3.44816, 3.64246, 3.63349, 4.13071, 6.16744, 7.62054
9.56505, 9.37989, 8.1469, 6.95801, 5.81531, 6.27742, 7.06798, 6.81136, 6.62721, 10, 9.2336, 8.98651, 8.45802, 7.53681, 6.88241, 5.53192, 6.32216, 8.0515, 8.63054, 6.67131, 5.34179, 3.89548, 3.29665, 3.41947, 3.69228, 3.95213, 4.57119, 7.44354
9.63727, 9.40781, 7.96863, 7.09773, 5.92133, 7.16588, 6.90124, 6.61372, 10, 9.98821, 9.28537, 9.03226, 8.63699, 7.57098, 7.00098, 5.54222, 6.49494, 8.54187, 8.86766, 7.07779, 3.97649, 3.3728, 3.68365, 3.90713, 3.89882, 4.52793, 5.96175, 7.60921
9.03491, 8.77684, 8.09284, 7.22884, 7.22438, 5.06041, 5.13316, 6.0079, 5.65357, 5.38302, 10, 9.99333, 8.73547, 7.29955, 6.71477, 5.80554, 5.18617, 6.52443, 6.66425, 7.25203, 7.75989, 7.64043, 6.15416, 5.31711, 4.34955, 3.73576, 3.27088, 3.49077, 4.15393, 3.82083, 4.91456, 7.18599, 7.72664, 8.87361
9.56449, 9.44166, 7.05118, 5.67531, 5.96484, 7.13104, 7.00522, 6.77494, 10, 9.95988, 9.38866, 9.19206, 8.60003, 7.39057, 6.50139, 5.57177, 6.76989, 7.37819, 8.06794, 8.85028, 6.86856, 3.23607, 3.5382, 3.6474, 3.7745, 4.71781, 8.04228
9.54915, 9.38219, 8.53171, 7.0529, 5.9328, 7.44045, 7.34745, 7.11224, 9.40178, 10, 9.43058, 9.18971, 8.61147, 5.7203, 6.76845, 8.63706, 9.22842, 7.47665, 5.57793, 3.21928, 3.74955, 4.33143, 5.64352, 7.51994
9.12897, 7.33919, 3.79078, 2.67636, 3.74677, 3.88151, 5.09071, 7.47679, 9.31333, 9.21131, 8.31674, 6.81474, 5.71397, 7.07071, 8.70719, 8.95807, 10, 9.20725, 8.61116, 8.1223, 7.91039, 5.93901, 6.15728, 7.49481, 8.08814, 8.64937
9.6074, 9.14608, 7.90102, 6.87584, 5.50888, 5.62127, 7.20627, 6.87988, 6.46434, 9.94267, 10, 9.1821, 8.73195, 8.13093, 8.06956, 7.45761, 6.7976, 5.98462, 6.78995, 8.48475, 9.00813, 7.31416, 5.09157, 3.6083, 3.00298, 3.69014, 4.18571, 5.63326, 7.81855
9.69281, 9.35321, 8.07213, 7.12982, 5.61845, 7.10619, 6.84947, 6.29848, 6.56775, 9.83131, 10, 9.34273, 9.01539, 8.33198, 7.3103, 6.22405, 5.42677, 6.41088, 6.92786, 7.88013, 8.56968, 6.90792, 4.06216, 3.48495, 3.97999, 3.87732, 4.48087, 5.10538, 5.87486, 8.24901
9.88457, 9.37769, 7.67167, 6.83832, 5.74373, 5.90586, 7.17231, 6.76342, 6.22904, 9.29341, 10, 9.55441, 9.35822, 8.39337, 7.08164, 6.42726, 5.27728, 5.91293, 8.28612, 8.66084, 8.4844, 6.57213, 3.98631, 3.41584, 3.75231, 3.92144, 3.91695, 4.52001, 5.44484, 8.35467
9.53563, 9.28693, 7.76682, 7.04903, 5.64371, 7.04713, 6.6346, 6.1913, 9.16258, 10, 9.53669, 9.23642, 8.41448, 6.88106, 6.36157, 5.22133, 6.05937, 8.06974, 8.63063, 6.28555, 4.36942, 3.54262, 3.79544, 4.13578, 4.03894, 4.63443, 7.90598, 9.32583
9.50308, 9.17489, 8.04419, 6.62747, 5.54386, 7.19176, 6.74094, 6.29373, 9.40262, 10, 9.40079, 9.55687, 9.10016, 8.64485, 7.63509, 6.32335, 5.40245, 6.15197, 8.25365, 8.80079, 7.09186, 4.0233, 3.45922, 3.68281, 4.01766, 4.1845, 4.78517, 7.78046
9.73289, 9.21589, 7.32267, 6.52288, 5.49008, 5.93371, 6.81267, 7.08544, 6.85648, 6.41369, 10, 9.96462, 9.29337, 9.47817, 9.08182, 8.56211, 7.53665, 6.66756, 5.44917, 6.4426, 8.23415, 8.63473, 6.51804, 3.78502, 3.20466, 3.66754, 3.54855, 4.07197, 4.07408, 4.67466, 8.12889, 9.53763
9.74665, 9.19357, 7.64786, 6.62124, 5.59095, 6.44473, 7.18137, 6.96214, 6.51294, 9.64374, 10, 9.31166, 9.49336, 9.17791, 8.35665, 6.4658, 5.45083, 6.14639, 8.51686, 8.89237, 8.71312, 7.32135, 5.96142, 3.62233, 3.03127, 3.69864, 4.1561, 4.76051, 7.94148
9.26395, 9.06615, 8.4663, 6.33757, 4.51279, 5.39209, 5.2873, 5.98455, 5.81953, 5.5205, 10, 9.97798, 8.64198, 7.76917, 7.63156, 7.04957, 5.77164, 5.06079, 7.64442, 7.92882, 6.46948, 4.54082, 3.22734, 2.77194, 2.85967, 3.42604, 3.60816, 3.4673, 3.68384, 4.8614, 6.57329, 7.4525
9.39912, 9.04701, 7.91138, 6.53847, 5.25645, 6.36883, 7.02674, 6.81475, 6.7469, 8.76684, 9.9698, 10, 9.14431, 8.65143, 7.72781, 7.34214, 6.76545, 6.21922, 5.47769, 6.94555, 8.31452, 8.87506, 7.48465, 2.66995, 2.2495, 3.45075, 3.96253, 4.81132, 7.22159
9.75396, 9.40648, 8.63111, 6.9217, 5.51943, 6.6087, 7.18475, 6.95591, 6.32217, 9.23765, 9.71951, 10, 9.72219, 9.13387, 6.72064, 6.0974, 5.52001, 5.81482, 6.18983, 6.96954, 8.45362, 8.99673, 7.40235, 5.73257, 3.80059, 3.25346, 3.57929, 3.34807, 3.72514, 4.31835, 4.22012, 5.0741, 7.85455
9.69883, 9.16144, 7.53295, 6.75726, 5.7862, 5.92602, 7.14059, 6.7246, 6.14307, 8.50476, 9.68484, 10, 9.91175, 9.56356, 9.78714, 9.53646, 9.02126, 7.08807, 5.96174, 4.81868, 6.23496, 8.1999, 8.74664, 8.61888, 7.19087, 4.14002, 3.42393, 4.06404, 4.051, 4.87373, 8.14147
9.48453, 9.06005, 7.3181, 6.60393, 5.46036, 7.05117, 6.76685, 6.10278, 6.03296, 7.88281, 9.2886, 9.31365, 10, 9.73983, 9.27209, 8.1429, 7.60096, 6.08584, 5.39475, 6.53379, 8.39498, 8.82302, 6.87025, 3.23814, 2.8872, 3.74464, 4.33334, 4.85945, 7.93988
9.6392, 9.12129, 8.21361, 7.1334, 6.97469, 6.33276, 5.47621, 5.05348, 5.02894, 6.10881, 6.94056, 6.37412, 8.57973, 9.40545, 10, 9.75016, 8.88235, 8.321, 7.35755, 6.59867, 5.50284, 6.25373, 8.67959, 9.04983, 8.89975, 7.22096, 4.44619, 3.22564, 2.40383, 3.74055, 4.35352, 4.32319, 5.07819, 8.15347
9.76062, 9.3232, 8.08571, 6.54993, 5.38098, 5.41046, 7.10199, 6.74884, 6.23232, 9.06508, 8.87235, 9.94627, 10, 9.31777, 7.9449, 7.97637, 5.5916, 5.0359, 5.64393, 7.01891, 7.01394, 8.38078, 8.87488, 7.67939, 6.25378, 3.42296, 2.91655, 3.43355, 3.78914, 4.43506, 5.20113, 7.91482, 9.36352
9.60948, 9.20512, 8.48874, 7.80488, 7.07472, 6.67994, 5.52013, 7.14676, 6.77613, 6.40353, 9.50594, 9.95833, 10, 9.59132, 8.23755, 7.09222, 6.31987, 4.97457, 5.95684, 7.67666, 8.70162, 7.03765, 3.3973, 3.72253, 4.31992, 4.84038, 7.80538
9.57588, 9.03537, 7.38329, 6.7479, 5.65607, 5.72403, 6.81787, 7.19116, 6.85875, 6.18392, 6.72935, 9.33205, 9.88596, 10, 9.56594, 8.31342, 7.42512, 6.19365, 5.26733, 6.73284, 8.40263, 8.81085, 7.3962, 3.86282, 3.38181, 3.72444, 3.64037, 4.21998, 4.30565, 4.82526, 7.78621, 9.41342
9.49838, 8.97984, 6.57865, 5.14969, 5.13286, 6.60301, 7.19301, 6.76551, 6.21537, 9.60188, 10, 9.58726, 9.09302, 8.69794, 7.40944, 6.34175, 6.89691, 7.45236, 8.53803, 8.96339, 7.82349, 6.29124, 2.9928, 2.40145, 3.3588, 4.4211, 4.49984, 4.99292, 8.0493
9.59254, 9.19838, 8.28555, 8.03201, 7.71392, 6.42201, 5.5714, 5.61127, 6.85893, 7.12985, 6.84397, 6.10348, 9.49691, 9.94407, 10, 9.25344, 8.86336, 8.57922, 7.6359, 7.02829, 6.16388, 5.54303, 6.10818, 6.40491, 7.1284, 7.2644, 8.14073, 8.73035, 8.32122, 7.22072, 3.57074, 3.11682, 2.61913, 3.45474, 3.92021, 3.79352, 4.24678, 4.38471, 5.12206, 7.42073, 9.13923
9.48029, 9.51531, 9.18795, 8.52251, 6.47064, 5.49102, 4.63875, 4.71528, 5.64846, 5.98358, 6.40343, 9.88092, 10, 8.91788, 8.56021, 7.51527, 7.05825, 4.58552, 5.92291, 7.87647, 7.86527, 7.28529, 5.74463, 4.66068, 3.11248, 2.43756, 2.73198, 2.68059, 3.25197, 3.45957, 3.57818, 4.60031, 7.44615
9.44905, 8.78693, 7.14856, 5.99235, 5.29271, 5.36734, 6.49678, 7.06829, 6.6978, 6.03659, 6.3421, 9.75679, 10, 9.51236, 8.21988, 7.17926, 6.13121, 5.0006, 5.95439, 8.30031, 8.84956, 8.74096, 7.45142, 5.64574, 3.87389, 3.19526, 3.59579, 4.22125, 4.2731, 4.77269, 7.88749, 9.29
9.54081, 8.99878, 7.54855, 6.58795, 5.35272, 7.00675, 6.71483, 6.01765, 9.96412, 10, 9.85564, 9.29668, 7.85013, 6.81752, 5.84948, 4.90583, 5.62648, 6.52503, 7.19787, 8.06309, 8.70415, 8.59068, 7.08686, 3.21091, 2.91093, 3.60561, 3.45086, 4.04707, 4.14167, 4.8775, 6.24094, 7.77845, 9.15578
9.1073, 8.55418, 7.46398, 6.14523, 4.88929, 4.87352, 6.24904, 6.66071, 6.69436, 6.18151, 6.76948, 9.96501, 10, 9.10153, 8.6551, 7.32555, 6.5926, 6.60943, 6.90937, 8.36255, 8.72497, 8.35943, 6.80297, 2.55966, 2.06269, 3.4101, 3.4967, 4.74586, 7.63167, 8.93037
9.19783, 8.60246, 7.8469, 7.1209, 7.09191, 6.06882, 5.18349, 6.22751, 6.88061, 8.37852, 9.10037, 10, 9.92509, 9.2096, 8.57236, 8.31862, 8.00453, 7.25223, 6.51294, 6.13688, 5.17704, 5.54643, 6.74143, 7.16464, 8.31346, 8.714, 8.2657, 6.89412, 2.82278, 2.45294, 3.56642, 3.66322, 4.94147, 7.60869
9.56901, 9.22091, 7.25222, 6.63444, 5.30482, 5.4352, 6.38079, 6.735, 6.42195, 5.81613, 6.41166, 9.64022, 10, 9.78219, 9.24964, 8.99554, 8.46902, 7.70544, 6.07928, 4.80488, 6.26945, 7.93519, 8.40186, 6.74481, 5.43358, 3.7054, 3.22201, 3.48811, 3.48301, 3.98644, 4.17471, 3.92484, 4.15602, 4.66488, 8.05394
9.35429, 9.01479, 8.31677, 6.95285, 5.31351, 6.34462, 6.68938, 6.3401, 5.85387, 10, 9.92062, 9.20605, 9.35922, 9.05953, 7.39605, 6.75575, 6.03719, 5.22002, 5.55422, 6.28986, 8.09231, 8.4428, 8.20569, 6.29754, 3.38347, 2.95715, 3.62729, 4.44646, 5.77786, 7.52465, 8.95846
9.28146, 8.68621, 6.82535, 5.91298, 4.7448, 6.31161, 6.5662, 6.06482, 7.28892, 10, 9.19765, 8.56076, 7.50345, 6.71177, 6.37352, 4.92665, 5.93442, 8.06705, 8.31023, 8.13275, 6.65304, 4.57718, 2.79715, 2.13855, 3.14432, 3.79674, 4.10586, 4.60269, 5.34578, 7.65274
9.30261, 8.94764, 7.29798, 6.4326, 5.31695, 6.69203, 6.42378, 5.88902, 10, 9.21014, 8.71647, 8.21056, 7.41397, 6.09886, 5.44538, 6.151, 6.43689, 8.04918, 8.29153, 7.93402, 5.99434, 3.80688, 3.11624, 4.0951, 4.04944, 4.84095, 7.74401
9.51276, 9.16694, 7.37507, 6.51642, 5.48804, 5.61889, 6.46707, 6.69287, 6.31094, 5.89136, 6.78254, 8.7422, 9.95862, 10, 9.43266, 8.89972, 7.78736, 7.23031, 5.87994, 5.29748, 6.34286, 7.96507, 8.41176, 6.80952, 3.53721, 3.00797, 3.54023, 4.2139, 4.2995, 4.85654, 8.21974
9.46638, 8.98657, 7.5283, 7.1393, 6.5026, 5.26468, 5.31146, 6.79578, 7.23102, 8.31225, 9.17389, 10, 9.34895, 8.55796, 7.05413, 5.80918, 7.0586, 7.18118, 8.31961, 8.78985, 6.94083, 2.99798, 2.42263, 3.78856, 3.9252, 4.44565, 4.24085, 5.07698, 5.8899, 7.61262
